run,source,fold,family,failed,n_lipids,n_test,r2_mean,r2_median,corr_mean,corr_median,rmse_mean,rmse_median,mae_mean,mae_median
FOLD-1-ATLASx50p0-BASELINES-GCN_FAISS-256-rootdissolve-dn3-prune0.9710,baselines_cv,FOLD-1,baseline,False,173,620226,0.40779058723383976,0.402731299261149,0.6384081107858357,0.6453297558195864,0.0005583881596336554,0.0001728932747739,0.00040539748356415616,0.0001207210995622
FOLD-1-BASELINES-LINEAR-25610,baselines_cv,FOLD-1,baseline,False,173,620226,0.052167840573645693,0.0528017336536149,0.23087445491438657,0.2512451991626951,0.0007091232019040723,0.0002285168545443,0.0005586932355041252,0.0001794443480652
FOLD-1-BASELINES-MEAN-25610,baselines_cv,FOLD-1,baseline,False,173,620226,-0.0076620904157813,-0.004358095219461,-5.100055548826297e-08,-2.208746958722286e-09,0.0007255995254626407,0.0002376813980802,0.0005772830977737189,0.0001920936004214
FOLD-1-BASELINES-MLP-25610,baselines_cv,FOLD-1,baseline,False,173,620226,0.4134752689046717,0.4071619185162023,0.6388153323408651,0.645205654400354,0.0005553207863547899,0.0001707412450343,0.00040172894603297615,0.0001191130070121
FOLD-1-BASELINES-XGBOOST-25610,baselines_cv,FOLD-1,baseline,False,173,620226,0.30501910967944096,0.2971118535031546,0.5484595911405052,0.5558226206354177,0.0006043371813365162,0.0001870351774314,0.00045450756473726476,0.0001399384591831
FOLD-1-NM100-BASELINES-MLP_EIGEN-256-rootdissolve-dn3-prune0.9710,baselines_cv,FOLD-1,baseline,False,173,620226,0.41057590027377744,0.4081036906336528,0.6385846528373647,0.6491016828683084,0.0005554457529125724,0.0001722043729379,0.0004021002040832809,0.0001202660678335
FOLD-1-NM1300-BASELINES-MLP_EIGEN-256-rootdissolve-dn3-prune0.9710,baselines_cv,FOLD-1,baseline,False,173,620226,0.3804081879947391,0.3816843360110855,0.6268171827067742,0.637279017379177,0.0005709098182671878,0.0001789053261725,0.00040948062332231096,0.000121867551415
FOLD-1-NM300-BASELINES-MLP_EIGEN-256-rootdissolve-dn3-prune0.9710,baselines_cv,FOLD-1,baseline,False,173,620226,0.4147670844847768,0.4129286401635677,0.6424139562364973,0.6573084874846662,0.0005541091564352942,0.0001719685980492,0.00040112626428017535,0.0001194331336335
FOLD-2-ATLASx50p0-BASELINES-GCN_FAISS-256-rootdissolve-dn3-prune0.9710,baselines_cv,FOLD-2,baseline,False,173,732764,0.40273557430860457,0.395632130393555,0.6307647625639283,0.6385340696914041,0.0005737711423242127,0.0001813640484249,0.00041990078166263215,0.0001250876027397
FOLD-2-BASELINES-LINEAR-25610,baselines_cv,FOLD-2,baseline,False,173,732764,0.037467760825453326,0.0376808648354697,0.19651038649824515,0.2128661905212157,0.000730865802694032,0.0002331986361116,0.0005734614044959728,0.0001809012895717
FOLD-2-BASELINES-MEAN-25610,baselines_cv,FOLD-2,baseline,False,173,732764,-0.007525885311146548,-0.0047833674452957,inf,2.98918893803934e-09,0.0007431568110238979,0.0002392134073924,0.0005906305697256351,0.0001963457717255
FOLD-2-BASELINES-MLP-25610,baselines_cv,FOLD-2,baseline,False,173,732764,0.41269064212820195,0.4020405250070868,0.635629416639578,0.6406147164949253,0.0005690090721448164,0.0001796771610561,0.0004153520575367578,0.0001233162037504
FOLD-2-BASELINES-XGBOOST-25610,baselines_cv,FOLD-2,baseline,False,173,732764,0.29068090486110054,0.2829085258935796,0.5329269779071497,0.5406032613118906,0.0006221588308025909,0.0001998964586684,0.00046714157953445424,0.0001463128201694
FOLD-2-NM100-BASELINES-MLP_EIGEN-256-rootdissolve-dn3-prune0.9710,baselines_cv,FOLD-2,baseline,False,173,732764,0.4049245720747965,0.4049773418028292,0.6309772611826255,0.6430733933967726,0.0005724024302417866,0.0001803636276317,0.00041790492250625615,0.0001251694762282
FOLD-2-NM1300-BASELINES-MLP_EIGEN-256-rootdissolve-dn3-prune0.9710,baselines_cv,FOLD-2,baseline,False,173,732764,0.35111329558509313,0.3483125682552901,0.6072871801224997,0.6149387315640902,0.0005966889928126583,0.0001938789878221,0.0004283211398850788,0.0001308843860332
FOLD-2-NM300-BASELINES-MLP_EIGEN-256-rootdissolve-dn3-prune0.9710,baselines_cv,FOLD-2,baseline,False,173,732764,0.3942857969525335,0.3887231599722093,0.6260350981483132,0.633259174866706,0.0005769861181957457,0.000182094638069,0.0004195721763420521,0.0001252934180093
FOLD-3-ATLASx50p0-BASELINES-GCN_FAISS-256-rootdissolve-dn3-prune0.9710,baselines_cv,FOLD-3,baseline,False,173,695996,0.37184108943865235,0.3510018380691732,0.6180617556349045,0.6206477667745777,0.0005830421082120266,0.0001884833409774,0.00042387890432709263,0.0001305130141686
FOLD-3-BASELINES-LINEAR-25610,baselines_cv,FOLD-3,baseline,False,173,695996,0.04679010346828949,0.0508639923041758,0.24202501791177697,0.2612875614644562,0.0007214729739904269,0.0002244308860764,0.0005636622714795833,0.0001771933154267
FOLD-3-BASELINES-MEAN-25610,baselines_cv,FOLD-3,baseline,False,173,695996,-0.020043809406343316,-0.0100664517079205,-5.423184340308134e-08,-5.3865994203538305e-09,0.0007399365385312658,0.0002344819682239,0.0005849095527237172,0.0001932149784915
FOLD-3-BASELINES-MLP-25610,baselines_cv,FOLD-3,baseline,False,173,695996,0.38153747447785336,0.3712878974769008,0.6223173777750018,0.6301651382658493,0.0005799873188206377,0.000188630553794,0.0004201765072317232,0.0001286620688784
FOLD-3-BASELINES-XGBOOST-25610,baselines_cv,FOLD-3,baseline,False,173,695996,0.2688651048750841,0.2676008179259632,0.5294273975898751,0.5406831195550692,0.0006254863948111685,0.0001956929296004,0.0004674983887075937,0.0001447972156888
FOLD-3-NM100-BASELINES-MLP_EIGEN-256-rootdissolve-dn3-prune0.9710,baselines_cv,FOLD-3,baseline,False,173,695996,0.3734340942360715,0.3585257706102155,0.6191896937028302,0.6235729380533351,0.0005813926210719248,0.0001896341700342,0.0004217101748668116,0.0001309617440797
FOLD-3-NM1300-BASELINES-MLP_EIGEN-256-rootdissolve-dn3-prune0.9710,baselines_cv,FOLD-3,baseline,False,173,695996,0.33985504702252206,0.3332751589362832,0.6055086355700003,0.6151641504208619,0.0005963259405122319,0.000196155005531,0.00042573675261428265,0.0001321574999431
FOLD-3-NM300-BASELINES-MLP_EIGEN-256-rootdissolve-dn3-prune0.9710,baselines_cv,FOLD-3,baseline,False,173,695996,0.3660033763871693,0.3543350403128433,0.6175812613440035,0.6212264060531577,0.0005841493068575584,0.0001908453977104,0.00042251506120887693,0.0001308199687382
FOLD-4-ATLASx50p0-BASELINES-GCN_FAISS-256-rootdissolve-dn3-prune0.9710,baselines_cv,FOLD-4,baseline,False,173,1932849,0.32347850576220943,0.3120279471923135,0.5751188614361333,0.5789911378286182,0.000645671841707953,0.0001991429184355,0.000471261058098392,0.00014215160598
FOLD-4-BASELINES-LINEAR-25610,baselines_cv,FOLD-4,baseline,False,173,1932849,0.05698322785956812,0.0604588598656308,0.23893843513826793,0.2607795236076749,0.0007601143834874755,0.0002354909069371,0.0005942131230743529,0.0001805862531379
FOLD-4-BASELINES-MEAN-25610,baselines_cv,FOLD-4,baseline,False,173,1932849,-0.006844428465330648,-0.0041458933938189,-2.5144535163306485e-10,-1.4538408001342901e-09,0.0007789121204908919,0.0002445055637255,0.0006141950203808179,0.0001931795036758
FOLD-4-BASELINES-MLP-25610,baselines_cv,FOLD-4,baseline,False,173,1932849,0.359958723630652,0.3510167684124117,0.5957973419220141,0.6045321448528447,0.0006263854455222021,0.0001939251027016,0.0004564123599459792,0.0001386940500938
FOLD-4-BASELINES-XGBOOST-25610,baselines_cv,FOLD-4,baseline,False,173,1932849,0.2491346745832773,0.2463633168112479,0.49848642815192834,0.5066923961340744,0.0006764472238145276,0.0002124235374655,0.0005084766612900196,0.0001523111215422
FOLD-4-NM100-BASELINES-MLP_EIGEN-256-rootdissolve-dn3-prune0.9710,baselines_cv,FOLD-4,baseline,False,173,1932849,0.35012419772837333,0.3410111859747331,0.587659901666797,0.5951572470268407,0.0006319408823918097,0.0001958623139283,0.0004611075936046275,0.0001399969600933
FOLD-4-NM1300-BASELINES-MLP_EIGEN-256-rootdissolve-dn3-prune0.9710,baselines_cv,FOLD-4,baseline,False,173,1932849,0.30279959228643116,0.2913188223249561,0.5675065044712546,0.5692166367108048,0.000653131115105527,0.0002034406042944,0.00047164686300450563,0.0001440736632767
FOLD-4-NM300-BASELINES-MLP_EIGEN-256-rootdissolve-dn3-prune0.9710,baselines_cv,FOLD-4,baseline,False,173,1932849,0.3398410498482923,0.3350708528457441,0.5833513434798261,0.5890729344951736,0.0006356132030651801,0.0001975550453921,0.00046242572724879274,0.000140508202957
FOLD-5-ATLASx50p0-BASELINES-GCN_FAISS-256-rootdissolve-dn3-prune0.9710,baselines_cv,FOLD-5,baseline,False,173,1726060,0.25201673221548027,0.2413157640330144,0.5321283552239463,0.5266774443820054,0.0006682588349733019,0.0002072172224727,0.0004893421091518322,0.0001539827721322
FOLD-5-BASELINES-LINEAR-25610,baselines_cv,FOLD-5,baseline,False,173,1726060,0.04341316110646219,0.0495490470277184,0.22118326495254748,0.2370537191086906,0.0007497414861182243,0.0002366509937933,0.0005942653555682066,0.0001902983285876
FOLD-5-BASELINES-MEAN-25610,baselines_cv,FOLD-5,baseline,False,173,1726060,-0.010755071916459477,-0.0053081480121011,inf,-4.634111404850063e-09,0.0007649954445895889,0.0002381226955165,0.0006113040926237328,0.0002037235049056
FOLD-5-BASELINES-MLP-25610,baselines_cv,FOLD-5,baseline,False,173,1726060,0.31403998948439793,0.2932341003145368,0.5691692001828634,0.5689726999893342,0.0006416472157380027,0.0001948273953419,0.0004757105026283642,0.0001513816768878
FOLD-5-BASELINES-XGBOOST-25610,baselines_cv,FOLD-5,baseline,False,173,1726060,0.23511035274416422,0.2302358629655833,0.48704148400744063,0.4992028064957429,0.0006685188311238423,0.0002187129725275,0.0005101419674074846,0.0001566639015141
FOLD-5-NM100-BASELINES-MLP_EIGEN-256-rootdissolve-dn3-prune0.9710,baselines_cv,FOLD-5,baseline,False,173,1726060,-0.35528604279816595,-0.0862960452547256,0.40021048262387926,0.4191426581838199,0.0008394957605965095,0.0002945439760491,0.0005232975914965294,0.0001706151870126
FOLD-5-NM1300-BASELINES-MLP_EIGEN-256-rootdissolve-dn3-prune0.9710,baselines_cv,FOLD-5,baseline,False,173,1726060,0.19245977349214594,0.194389161340574,0.5113152661135618,0.5137613328210008,0.000683142177378008,0.0002193422323473,0.0004946723312344073,0.000156413503334
FOLD-5-NM300-BASELINES-MLP_EIGEN-256-rootdissolve-dn3-prune0.9710,baselines_cv,FOLD-5,baseline,False,173,1726060,0.06955132455568179,0.0640446046725805,0.47677574226389835,0.4481865379035823,0.0007482654274912442,0.0002286565057609,0.0005089613805784686,0.0001565253095446
FOLD-6-ATLASx50p0-BASELINES-GCN_FAISS-256-rootdissolve-dn3-prune0.9710,baselines_cv,FOLD-6,baseline,False,173,436178,0.3984968478539934,0.3950070517098814,0.6269178712954487,0.6369829686166896,0.000576677008549757,0.0001794785743495,0.0004242622085823345,0.0001279943549678
FOLD-6-BASELINES-LINEAR-25610,baselines_cv,FOLD-6,baseline,False,173,436178,0.03905076844907674,0.0362922385538929,0.1978349956945048,0.2199936155312206,0.0007306884083400336,0.0002330048306334,0.0005757817410199186,0.0001829297909766
FOLD-6-BASELINES-MEAN-25610,baselines_cv,FOLD-6,baseline,False,173,436178,-0.005867142820325272,-0.0021053475598229,-inf,-3.607356885787234e-09,0.0007436782667399514,0.0002410402276148,0.0005926824516108931,0.0001971015399842
FOLD-6-BASELINES-MLP-25610,baselines_cv,FOLD-6,baseline,False,173,436178,0.40807062709294006,0.4131038159862651,0.6319054160604348,0.6440310379458501,0.0005727462956142739,0.0001790957359015,0.00041957375799836396,0.0001268048739019
FOLD-6-BASELINES-XGBOOST-25610,baselines_cv,FOLD-6,baseline,False,173,436178,0.2793255723120695,0.27839356336887,0.5221924267778147,0.5364922800313645,0.0006299009271673822,0.0001983003408879,0.0004751103159391933,0.0001501749587154
FOLD-6-NM100-BASELINES-MLP_EIGEN-256-rootdissolve-dn3-prune0.9710,baselines_cv,FOLD-6,baseline,False,173,436178,0.40783148022982635,0.4122578544795844,0.6327912587509363,0.6455223672423352,0.0005722266057465105,0.0001778646881339,0.00042023959746972207,0.000126412720028
FOLD-6-NM1300-BASELINES-MLP_EIGEN-256-rootdissolve-dn3-prune0.9710,baselines_cv,FOLD-6,baseline,False,173,436178,0.3698527331894165,0.368618575337497,0.6131900713630032,0.6229664865201254,0.0005888540553965181,0.0001903198516344,0.00042790134567236704,0.0001290024181223
FOLD-6-NM300-BASELINES-MLP_EIGEN-256-rootdissolve-dn3-prune0.9710,baselines_cv,FOLD-6,baseline,False,173,436178,0.39466726421440873,0.3955978048315512,0.6250245031748128,0.6374728936867177,0.0005783135220525257,0.0001822275439103,0.0004226508693120695,0.0001279440149938
FOLD-7-ATLASx50p0-BASELINES-GCN_FAISS-256-rootdissolve-dn3-prune0.9710,baselines_cv,FOLD-7,baseline,False,173,1932849,0.32335175858827064,0.3115307247934894,0.5749639064008246,0.5788570152979026,0.0006456145438794412,0.000199182308381,0.00047119521660353414,0.0001421539783183
FOLD-7-BASELINES-LINEAR-25610,baselines_cv,FOLD-7,baseline,False,173,1932849,0.05698322785956812,0.0604588598656308,0.23893843513826793,0.2607795236076749,0.0007601143834874755,0.0002354909069371,0.0005942131230743529,0.0001805862531379
FOLD-7-BASELINES-MEAN-25610,baselines_cv,FOLD-7,baseline,False,173,1932849,-0.006844428465330648,-0.0041458933938189,-2.5144535163306485e-10,-1.4538408001342901e-09,0.0007789121204908919,0.0002445055637255,0.0006141950203808179,0.0001931795036758
FOLD-7-BASELINES-MLP-25610,baselines_cv,FOLD-7,baseline,False,173,1932849,0.359958723630652,0.3510167684124117,0.5957973419220141,0.6045321448528447,0.0006263854455222021,0.0001939251027016,0.0004564123599459792,0.0001386940500938
FOLD-7-BASELINES-XGBOOST-25610,baselines_cv,FOLD-7,baseline,False,173,1932849,0.2491346745832773,0.2463633168112479,0.49848642815192834,0.5066923961340744,0.0006764472238145276,0.0002124235374655,0.0005084766612900196,0.0001523111215422
FOLD-7-NM100-BASELINES-MLP_EIGEN-256-rootdissolve-dn3-prune0.9710,baselines_cv,FOLD-7,baseline,False,173,1932849,0.35022103722756776,0.3410150774907563,0.587659931740403,0.5949473886446415,0.0006318787958041689,0.0001960425435236,0.0004611345427829693,0.000140109924254
FOLD-7-NM1300-BASELINES-MLP_EIGEN-256-rootdissolve-dn3-prune0.9710,baselines_cv,FOLD-7,baseline,False,173,1932849,0.3032032031526068,0.2900912916164643,0.5676481658637287,0.5695964640210867,0.0006530684684188474,0.0002032646481297,0.0004716425538228178,0.0001440277106726
FOLD-7-NM300-BASELINES-MLP_EIGEN-256-rootdissolve-dn3-prune0.9710,baselines_cv,FOLD-7,baseline,False,173,1932849,0.34148927966636516,0.3378655361049871,0.5846210380002599,0.5894077348901272,0.0006347042914502485,0.0001973074677342,0.0004618227130051512,0.0001402799930956
FOLD-8-ATLASx50p0-BASELINES-GCN_FAISS-256-rootdissolve-dn3-prune0.9710,baselines_cv,FOLD-8,baseline,False,173,1726060,0.2520181484278667,0.2413163769717607,0.532128427904556,0.5266878954288143,0.0006682554281739836,0.0002072212525555,0.0004893395094939149,0.0001539813648616
FOLD-8-BASELINES-LINEAR-25610,baselines_cv,FOLD-8,baseline,False,173,1726060,0.04341316110646219,0.0495490470277184,0.22118326495254748,0.2370537191086906,0.0007497414861182243,0.0002366509937933,0.0005942653555682066,0.0001902983285876
FOLD-8-BASELINES-MEAN-25610,baselines_cv,FOLD-8,baseline,False,173,1726060,-0.010755071916459477,-0.0053081480121011,inf,-4.634111404850063e-09,0.0007649954445895889,0.0002381226955165,0.0006113040926237328,0.0002037235049056
FOLD-8-BASELINES-MLP-25610,baselines_cv,FOLD-8,baseline,False,173,1726060,0.31403998948439793,0.2932341003145368,0.5691692001828634,0.5689726999893342,0.0006416472157380027,0.0001948273953419,0.0004757105026283642,0.0001513816768878
FOLD-8-BASELINES-XGBOOST-25610,baselines_cv,FOLD-8,baseline,False,173,1726060,0.23511035274416422,0.2302358629655833,0.48704148400744063,0.4992028064957429,0.0006685188311238423,0.0002187129725275,0.0005101419674074846,0.0001566639015141
FOLD-8-NM100-BASELINES-MLP_EIGEN-256-rootdissolve-dn3-prune0.9710,baselines_cv,FOLD-8,baseline,False,173,1726060,-0.15405007976656904,0.0569698714273885,0.4346953584375627,0.4574432671721319,0.0007802375064401099,0.0002761890264926,0.000512088400883602,0.0001684002014064
FOLD-8-NM1300-BASELINES-MLP_EIGEN-256-rootdissolve-dn3-prune0.9710,baselines_cv,FOLD-8,baseline,False,173,1726060,0.1981611059177438,0.1987846225960648,0.5134113782061002,0.5138258109474536,0.0006812026369347986,0.0002175860342345,0.0004938016372098921,0.0001562253175618
FOLD-8-NM300-BASELINES-MLP_EIGEN-256-rootdissolve-dn3-prune0.9710,baselines_cv,FOLD-8,baseline,False,173,1726060,0.05822544925947516,0.0613927483359806,0.47308115644253873,0.4447935452287173,0.0007545911662832059,0.0002305167560196,0.0005102981747932941,0.0001566643550696
FOLD-1-BASELINES-EUCLID-256-euclidatlas10,euclid_cv,FOLD-1,baseline,False,173,620226,0.03265827725718122,-0.0005563733561997,-inf,0.13487707536508964,0.000699418102147793,0.0002268742003964,0.0005501409693195506,0.0001805037031188
FOLD-1-BASELINES-EUCLID-256-level_15annot-reference_image10,euclid_cv,FOLD-1,baseline,False,173,620226,0.02441486545721293,-0.0006346346711179,-inf,0.12904816111382283,0.0007027270088999458,0.0002299901237798,0.0005531318440516253,0.0001812384660286
FOLD-1-BASELINES-EUCLID-256-normmax-euclidatlas10,euclid_cv,FOLD-1,baseline,False,173,620226,0.22797898246175577,0.1927386224884543,0.46448015545925886,0.4663928788988696,0.0006395930830964414,0.000203880148553,0.00048001861000027173,0.0001493649386189
FOLD-1-BASELINES-EUCLID-256-normmax-level_15annot-reference_image10,euclid_cv,FOLD-1,baseline,False,173,620226,0.21957399632240615,0.201053178950478,0.46056510963377684,0.4589076757217974,0.000638909710778365,0.0002012623684358,0.0004794079867178603,0.0001526106148385
FOLD-1-BASELINES-EUCLID-256-w0-euclidatlas10,euclid_cv,FOLD-1,baseline,False,173,620226,0.3276608925033481,0.3087831322356416,0.5731800736159729,0.5732240912818339,0.0006007180154259077,0.0001867335761647,0.00044055367274334323,0.0001325725012536
FOLD-1-BASELINES-EUCLID-256-w0-level_15annot-reference_image10,euclid_cv,FOLD-1,baseline,False,173,620226,0.3356633996725822,0.3337714928728004,0.5807848119355742,0.5896085180873771,0.000594390760296282,0.000188566616334,0.0004369033664259758,0.0001317770119627
FOLD-1-BASELINES-EUCLID-256-w0-normmax-euclidatlas10,euclid_cv,FOLD-1,baseline,False,173,620226,0.3276801785227571,0.3087831086740731,0.5731946497622106,0.573224144031187,0.0006007068595665682,0.0001867335811086,0.0004405451081979899,0.000132572507235
FOLD-1-BASELINES-EUCLID-256-w0-normmax-level_15annot-reference_image10,euclid_cv,FOLD-1,baseline,False,173,620226,0.33568854969754913,0.3337717098550666,0.5808027419569215,0.5896082631283588,0.0005943770346490741,0.0001885666160546,0.0004368941489239447,0.0001317770166844
FOLD-2-BASELINES-EUCLID-256-euclidatlas10,euclid_cv,FOLD-2,baseline,False,173,732764,0.03147188444837704,-0.0003257773815945,0.1567709486751327,0.1167544937365661,0.000718320291000193,0.0002347975113376,0.0005659296029152899,0.0001799411953834
FOLD-2-BASELINES-EUCLID-256-level_15annot-reference_image10,euclid_cv,FOLD-2,baseline,False,173,732764,0.02347237580427101,-0.0003406862607733,0.140243455251595,0.1108134400422361,0.0007214827442957756,0.0002347975113376,0.0005693703260608322,0.0001842769413124
FOLD-2-BASELINES-EUCLID-256-normmax-euclidatlas10,euclid_cv,FOLD-2,baseline,False,173,732764,0.2082787941905606,0.1568658115464096,0.4426296988562721,0.4191857185213193,0.000667700652436463,0.0002085033631222,0.0005019809646533003,0.0001546738588638
FOLD-2-BASELINES-EUCLID-256-normmax-level_15annot-reference_image10,euclid_cv,FOLD-2,baseline,False,173,732764,0.215965340125534,0.186060313739476,0.45322906013405934,0.4479767265244321,0.0006593452359451562,0.0002124805101495,0.0004977427349554544,0.0001553004920686
FOLD-2-BASELINES-EUCLID-256-w0-euclidatlas10,euclid_cv,FOLD-2,baseline,False,173,732764,0.3077225240685087,0.265661744671227,0.5540959620330526,0.534559334891818,0.0006280974385806635,0.0001966052537701,0.00046135695923004506,0.0001433504868025
FOLD-2-BASELINES-EUCLID-256-w0-level_15annot-reference_image10,euclid_cv,FOLD-2,baseline,False,173,732764,0.33009264676291256,0.3023094338144629,0.5720716370190592,0.565661669334173,0.0006150298540197446,0.0001942964093597,0.0004545380816868577,0.0001380076369296
FOLD-2-BASELINES-EUCLID-256-w0-normmax-euclidatlas10,euclid_cv,FOLD-2,baseline,False,173,732764,0.3077290612582687,0.2656616943507247,0.5541002576264195,0.5345592904951186,0.0006280945244509588,0.0001966060603392,0.0004613556017142147,0.0001433504891716
FOLD-2-BASELINES-EUCLID-256-w0-normmax-level_15annot-reference_image10,euclid_cv,FOLD-2,baseline,False,173,732764,0.3300975718132793,0.3023095017027615,0.5720750299967112,0.5656618247735058,0.0006150273570702557,0.0001942964013716,0.0004545368351365849,0.0001380076287162
FOLD-3-BASELINES-EUCLID-256-euclidatlas10,euclid_cv,FOLD-3,baseline,False,173,695996,0.019736365575626674,-0.0015449789732178,inf,0.13323169375280675,0.0007170541998154188,0.0002230747880814,0.0005617294524863476,0.0001773309628048
FOLD-3-BASELINES-EUCLID-256-level_15annot-reference_image10,euclid_cv,FOLD-3,baseline,False,173,695996,0.007996848795644596,-0.0021545423917839,inf,0.11678367121583025,0.0007219962893594425,0.0002273886484417,0.0005663458067093812,0.0001792718998788
FOLD-3-BASELINES-EUCLID-256-normmax-euclidatlas10,euclid_cv,FOLD-3,baseline,False,173,695996,0.19048993855454202,0.1371737017323383,0.4328769465755271,0.4148492328149528,0.0006691273333901548,0.000204424944826,0.0005008189305256371,0.0001538696945518
FOLD-3-BASELINES-EUCLID-256-normmax-level_15annot-reference_image10,euclid_cv,FOLD-3,baseline,False,173,695996,0.18632203630795569,0.1550548419853611,0.4316751152542387,0.4291177069039616,0.0006664710760137805,0.0002092467102614,0.000499220091534127,0.0001544629004313
FOLD-3-BASELINES-EUCLID-256-w0-euclidatlas10,euclid_cv,FOLD-3,baseline,False,173,695996,0.2883223654976712,0.2417886669127189,0.5442780651799962,0.5252036888190659,0.0006294639931689761,0.000197125920896,0.00045868501597945806,0.0001366508554417
FOLD-3-BASELINES-EUCLID-256-w0-level_15annot-reference_image10,euclid_cv,FOLD-3,baseline,False,173,695996,0.2990375869587222,0.2617422791175227,0.5530725650731999,0.5455908565163171,0.0006219251946570098,0.0001924684238109,0.00045421295089692566,0.0001335750242977
FOLD-3-BASELINES-EUCLID-256-w0-normmax-euclidatlas10,euclid_cv,FOLD-3,baseline,False,173,695996,0.2883066036985918,0.2417885800156508,0.544270444761574,0.525203586047525,0.0006294704908563156,0.0001971259239983,0.00045868853929007176,0.0001366508687745
FOLD-3-BASELINES-EUCLID-256-w0-normmax-level_15annot-reference_image10,euclid_cv,FOLD-3,baseline,False,173,695996,0.2990252505720141,0.2617421202206755,0.5530661403232177,0.5455909570395127,0.000621930212043717,0.0001924684605596,0.0004542140112491739,0.0001335750251011
FOLD-4-BASELINES-EUCLID-256-euclidatlas10,euclid_cv,FOLD-4,baseline,False,173,1932849,0.02723982151526008,-0.001264343004391,0.15840096693242015,0.1227434595957883,0.0007567928745227549,0.000244505572583,0.0005917629144761898,0.0001864698300618
FOLD-4-BASELINES-EUCLID-256-level_15annot-reference_image10,euclid_cv,FOLD-4,baseline,False,173,1932849,0.020160741897814412,-0.0013556890439123,0.13997855093134595,0.0978514946305447,0.0007603481912853645,0.000244505572583,0.0005951130221896097,0.0001884982799887
FOLD-4-BASELINES-EUCLID-256-normmax-euclidatlas10,euclid_cv,FOLD-4,baseline,False,173,1932849,0.17076615484097163,0.1417107609923863,0.40778395071172124,0.4091749811351899,0.0007155510886248105,0.000221806296804,0.0005355948728212095,0.0001578251836814
FOLD-4-BASELINES-EUCLID-256-normmax-level_15annot-reference_image10,euclid_cv,FOLD-4,baseline,False,173,1932849,0.1687734415251697,0.1529430558963913,0.4110334398453422,0.4203231372040586,0.0007149932417112666,0.0002263264092222,0.0005355418931920091,0.0001587856327649
FOLD-4-BASELINES-EUCLID-256-w0-euclidatlas10,euclid_cv,FOLD-4,baseline,False,173,1932849,0.2588153211562535,0.2206594498443231,0.5154498865037948,0.4980082401058531,0.0006822616309836671,0.0002094600588625,0.0004998936577067488,0.000148033842258
FOLD-4-BASELINES-EUCLID-256-w0-level_15annot-reference_image10,euclid_cv,FOLD-4,baseline,False,173,1932849,0.2707267514599609,0.2367722051687605,0.525825066581648,0.5163350146878202,0.0006760742306891903,0.0002108095439678,0.0004963207481422957,0.0001459826987113
FOLD-4-BASELINES-EUCLID-256-w0-normmax-euclidatlas10,euclid_cv,FOLD-4,baseline,False,173,1932849,0.2587916771016228,0.2206593952508559,0.5154365107441289,0.4980081892378726,0.0006822686224224223,0.0002094600668365,0.0004999028768490398,0.0001480338383534
FOLD-4-BASELINES-EUCLID-256-w0-normmax-level_15annot-reference_image10,euclid_cv,FOLD-4,baseline,False,173,1932849,0.2707037764652853,0.2367720435578839,0.5258122722368505,0.5163349708130095,0.0006760802151527773,0.0002108095529053,0.0004963277580347236,0.0001459826949021
FOLD-5-BASELINES-EUCLID-256-euclidatlas10,euclid_cv,FOLD-5,baseline,False,173,1726060,0.017893267182264947,-0.0020677769017016,inf,0.1060317135462672,0.0007489068878428391,0.0002381226865694,0.000595511663615203,0.0001908037645179
FOLD-5-BASELINES-EUCLID-256-level_15annot-reference_image10,euclid_cv,FOLD-5,baseline,False,173,1726060,0.008742750465318506,-0.0022895607785682,inf,0.0973074477919548,0.0007526272416754535,0.0002381226865694,0.0005980154015277485,0.0001957675802713
FOLD-5-BASELINES-EUCLID-256-normmax-euclidatlas10,euclid_cv,FOLD-5,baseline,False,173,1726060,0.17290221474877632,0.1569931225444033,0.41220886699152925,0.4130153066301455,0.0007018468629588194,0.0002289549683488,0.0005390237760864664,0.0001659170877158
FOLD-5-BASELINES-EUCLID-256-normmax-level_15annot-reference_image10,euclid_cv,FOLD-5,baseline,False,173,1726060,0.14878101615497957,0.1302187730076042,0.3913001076987877,0.3960123493757513,0.0007091155316839617,0.0002307840952654,0.0005438706224777393,0.0001649340467454
FOLD-5-BASELINES-EUCLID-256-w0-euclidatlas10,euclid_cv,FOLD-5,baseline,False,173,1726060,0.24494131590116572,0.2203428442087968,0.5078248717804581,0.4965544682221841,0.0006751961300087906,0.0002100656288026,0.0005077978264432384,0.0001554695613579
FOLD-5-BASELINES-EUCLID-256-w0-level_15annot-reference_image10,euclid_cv,FOLD-5,baseline,False,173,1726060,0.24370937736276171,0.2210058109951561,0.5061985259611274,0.5006988339652928,0.0006734120065022493,0.0002094576005473,0.0005060424474580169,0.0001557701224755
FOLD-5-BASELINES-EUCLID-256-w0-normmax-euclidatlas10,euclid_cv,FOLD-5,baseline,False,173,1726060,0.2449374432803219,0.2203429666585766,0.5078208924581477,0.4965544619185963,0.0006751973535766883,0.0002100656370166,0.0005077974472822742,0.0001554695642706
FOLD-5-BASELINES-EUCLID-256-w0-normmax-level_15annot-reference_image10,euclid_cv,FOLD-5,baseline,False,173,1726060,0.24370114680024435,0.2210056936147205,0.5061910110901606,0.5006989411245437,0.0006734137396765701,0.0002094576144509,0.000506044588846589,0.0001557701249336
FOLD-6-BASELINES-EUCLID-256-euclidatlas10,euclid_cv,FOLD-6,baseline,False,173,436178,0.03381408129800047,-0.0001858618069943,inf,0.1282209839349451,0.0007176249502979006,0.0002385164755784,0.0005662972735459566,0.0001835420556911
FOLD-6-BASELINES-EUCLID-256-level_15annot-reference_image10,euclid_cv,FOLD-6,baseline,False,173,436178,0.02535811045755177,-0.0001858618069943,inf,0.131267264698349,0.0007211407505498178,0.0002385164755784,0.0005698144881502312,0.000185712859928
FOLD-6-BASELINES-EUCLID-256-normmax-euclidatlas10,euclid_cv,FOLD-6,baseline,False,173,436178,0.2138400437668873,0.1748265984597291,0.44907217237205976,0.4367877160016421,0.000664724161688635,0.0002074882687673,0.0005011802887594068,0.00015284453583
FOLD-6-BASELINES-EUCLID-256-normmax-level_15annot-reference_image10,euclid_cv,FOLD-6,baseline,False,173,436178,0.2193640247558944,0.1991495391910542,0.4583665313138724,0.46197297039669555,0.0006565705776432535,0.0002068427038449,0.0004965623463416831,0.0001524792818246
FOLD-6-BASELINES-EUCLID-256-w0-euclidatlas10,euclid_cv,FOLD-6,baseline,False,173,436178,0.3086088162044192,0.2788141371236278,0.5569533692002689,0.5480482068546866,0.0006267645754903461,0.0001924160799638,0.00046230812058287114,0.0001403493110084
FOLD-6-BASELINES-EUCLID-256-w0-level_15annot-reference_image10,euclid_cv,FOLD-6,baseline,False,173,436178,0.32996620552425926,0.3090713841129526,0.5745135215693133,0.5764060379667625,0.0006142089247270069,0.0001867244667698,0.0004554901986837904,0.0001376726464759
FOLD-6-BASELINES-EUCLID-256-w0-normmax-euclidatlas10,euclid_cv,FOLD-6,baseline,False,173,436178,0.30862836372248303,0.2788141382270391,0.5569619596685836,0.5480481027920538,0.0006267590935468856,0.0001924160761978,0.0004623060234599987,0.0001403493191761
FOLD-6-BASELINES-EUCLID-256-w0-normmax-level_15annot-reference_image10,euclid_cv,FOLD-6,baseline,False,173,436178,0.32997814972284684,0.309071445773015,0.5745162074589686,0.5764034113013177,0.0006142059009237134,0.000186724446904,0.0004554898856282,0.0001376726572326
FOLD-7-BASELINES-EUCLID-256-euclidatlas10,euclid_cv,FOLD-7,baseline,False,173,1932849,0.02723982151526008,-0.001264343004391,0.15840096693242015,0.1227434595957883,0.0007567928745227549,0.000244505572583,0.0005917629144761898,0.0001864698300618
FOLD-7-BASELINES-EUCLID-256-level_15annot-reference_image10,euclid_cv,FOLD-7,baseline,False,173,1932849,0.020160741897814412,-0.0013556890439123,0.13997855093134595,0.0978514946305447,0.0007603481912853645,0.000244505572583,0.0005951130221896097,0.0001884982799887
FOLD-7-BASELINES-EUCLID-256-normmax-euclidatlas10,euclid_cv,FOLD-7,baseline,False,173,1932849,0.17076615484097163,0.1417107609923863,0.40778395071172124,0.4091749811351899,0.0007155510886248105,0.000221806296804,0.0005355948728212095,0.0001578251836814
FOLD-7-BASELINES-EUCLID-256-normmax-level_15annot-reference_image10,euclid_cv,FOLD-7,baseline,False,173,1932849,0.1687734415251697,0.1529430558963913,0.4110334398453422,0.4203231372040586,0.0007149932417112666,0.0002263264092222,0.0005355418931920091,0.0001587856327649
FOLD-7-BASELINES-EUCLID-256-w0-euclidatlas10,euclid_cv,FOLD-7,baseline,False,173,1932849,0.2588153211562535,0.2206594498443231,0.5154498865037948,0.4980082401058531,0.0006822616309836671,0.0002094600588625,0.0004998936577067488,0.000148033842258
FOLD-7-BASELINES-EUCLID-256-w0-level_15annot-reference_image10,euclid_cv,FOLD-7,baseline,False,173,1932849,0.2707267514599609,0.2367722051687605,0.525825066581648,0.5163350146878202,0.0006760742306891903,0.0002108095439678,0.0004963207481422957,0.0001459826987113
FOLD-7-BASELINES-EUCLID-256-w0-normmax-euclidatlas10,euclid_cv,FOLD-7,baseline,False,173,1932849,0.2587916771016228,0.2206593952508559,0.5154365107441289,0.4980081892378726,0.0006822686224224223,0.0002094600668365,0.0004999028768490398,0.0001480338383534
FOLD-7-BASELINES-EUCLID-256-w0-normmax-level_15annot-reference_image10,euclid_cv,FOLD-7,baseline,False,173,1932849,0.2707037764652853,0.2367720435578839,0.5258122722368505,0.5163349708130095,0.0006760802151527773,0.0002108095529053,0.0004963277580347236,0.0001459826949021
FOLD-8-BASELINES-EUCLID-256-euclidatlas10,euclid_cv,FOLD-8,baseline,False,173,1726060,0.017893267182264947,-0.0020677769017016,inf,0.1060317135462672,0.0007489068878428391,0.0002381226865694,0.000595511663615203,0.0001908037645179
FOLD-8-BASELINES-EUCLID-256-level_15annot-reference_image10,euclid_cv,FOLD-8,baseline,False,173,1726060,0.008742750465318506,-0.0022895607785682,inf,0.0973074477919548,0.0007526272416754535,0.0002381226865694,0.0005980154015277485,0.0001957675802713
FOLD-8-BASELINES-EUCLID-256-normmax-euclidatlas10,euclid_cv,FOLD-8,baseline,False,173,1726060,0.17290221474877632,0.1569931225444033,0.41220886699152925,0.4130153066301455,0.0007018468629588194,0.0002289549683488,0.0005390237760864664,0.0001659170877158
FOLD-8-BASELINES-EUCLID-256-normmax-level_15annot-reference_image10,euclid_cv,FOLD-8,baseline,False,173,1726060,0.14878101615497957,0.1302187730076042,0.3913001076987877,0.3960123493757513,0.0007091155316839617,0.0002307840952654,0.0005438706224777393,0.0001649340467454
FOLD-8-BASELINES-EUCLID-256-w0-euclidatlas10,euclid_cv,FOLD-8,baseline,False,173,1726060,0.24494131590116572,0.2203428442087968,0.5078248717804581,0.4965544682221841,0.0006751961300087906,0.0002100656288026,0.0005077978264432384,0.0001554695613579
FOLD-8-BASELINES-EUCLID-256-w0-level_15annot-reference_image10,euclid_cv,FOLD-8,baseline,False,173,1726060,0.24370937736276171,0.2210058109951561,0.5061985259611274,0.5006988339652928,0.0006734120065022493,0.0002094576005473,0.0005060424474580169,0.0001557701224755
FOLD-8-BASELINES-EUCLID-256-w0-normmax-euclidatlas10,euclid_cv,FOLD-8,baseline,False,173,1726060,0.2449374432803219,0.2203429666585766,0.5078208924581477,0.4965544619185963,0.0006751973535766883,0.0002100656370166,0.0005077974472822742,0.0001554695642706
FOLD-8-BASELINES-EUCLID-256-w0-normmax-level_15annot-reference_image10,euclid_cv,FOLD-8,baseline,False,173,1726060,0.24370114680024435,0.2210056936147205,0.5061910110901606,0.5006989411245437,0.0006734137396765701,0.0002094576144509,0.000506044588846589,0.0001557701249336
FOLD-1-MANIFOLD-RSAMPLE-5-4-K100-reference-5-data-1000-1000-faiss_atlas_weighted-50-15-randomwalk-2-1.0-0.01-0.1-learndiff1.0-blend0.8-level_5annot-rootdissolve-dn3-prune0.910,experiment_batch_cv_prune,FOLD-1,manifold,False,173,620226,0.421411801632051,0.4200569775560034,0.6460547972433553,0.6606939149705783,0.0005519583214083139,0.0001684554655539,0.00039857996776394275,0.0001173769740982
FOLD-1-MANIFOLD-RSAMPLE-5-4-K100-reference-5-data-1000-1000-faiss_atlas_weighted-50-15-randomwalk-2-1.0-0.01-0.1-learndiff1.0-blend0.8-level_5annot-rootdissolve-dn3-prune0.9510,experiment_batch_cv_prune,FOLD-1,manifold,False,173,620226,0.41811953057044654,0.4215413285075055,0.6429138441602853,0.6570140395222711,0.0005534651816805688,0.0001704255279298,0.00039991108472857737,0.0001179617374324
FOLD-1-MANIFOLD-RSAMPLE-5-4-K100-reference-5-data-1000-1000-faiss_atlas_weighted-50-15-randomwalk-2-1.0-0.01-0.1-learndiff1.0-blend0.8-level_5annot-rootdissolve-dn3-prune0.9710,experiment_batch_cv_prune,FOLD-1,manifold,False,173,620226,0.4159757978628113,0.4124377792032991,0.6419414648416932,0.6514498531495585,0.0005551407682692749,0.0001709491814005,0.0003999220311081547,0.0001187222248438
FOLD-1-MANIFOLD-RSAMPLE-5-4-K100-reference-5-data-1000-1000-faiss_atlas_weighted-50-15-randomwalk-2-1.0-0.01-0.1-learndiff1.0-blend0.8-rootdissolve-dn3-prune0.910,experiment_batch_cv_prune,FOLD-1,manifold,False,173,620226,0.4129551834645255,0.4166239131589417,0.640344309474234,0.6579981197481863,0.000556325297744087,0.0001714524150286,0.000401260212319608,0.0001191883130389
FOLD-1-MANIFOLD-RSAMPLE-5-4-K100-reference-5-data-1000-1000-faiss_atlas_weighted-50-15-randomwalk-2-1.0-0.01-0.1-learndiff1.0-blend0.8-rootdissolve-dn3-prune0.9510,experiment_batch_cv_prune,FOLD-1,manifold,False,173,620226,0.4185781411562406,0.4191496786336363,0.6425071811065779,0.6554374528871274,0.0005531497432739823,0.0001706177632427,0.000400785119599058,0.0001189948194287
FOLD-1-MANIFOLD-RSAMPLE-5-4-K100-reference-5-data-1000-1000-faiss_atlas_weighted-50-15-randomwalk-2-1.0-0.01-0.1-learndiff1.0-blend0.8-rootdissolve-dn3-prune0.9710,experiment_batch_cv_prune,FOLD-1,manifold,False,173,620226,0.41394243890202426,0.4119908131537076,0.6400987797002101,0.6528882704226603,0.0005554110217968832,0.0001705144412839,0.00040107720216387766,0.0001183752054015
FOLD-1-MANIFOLD-RSAMPLE-5-4-K1300-reference-5-data-1000-1000-faiss_atlas_weighted-50-15-randomwalk-2-1.0-0.01-0.1-learndiff1.0-blend0.8-rootdissolve-dn3-prune0.910,experiment_batch_cv_prune,FOLD-1,manifold,False,173,620226,0.3919285361888592,0.3874078024550548,0.629603842886673,0.6418656145949647,0.0005649519043068095,0.0001777924896824,0.0004050637994596749,0.0001208456099585
FOLD-1-MANIFOLD-RSAMPLE-5-4-K1300-reference-5-data-1000-1000-faiss_atlas_weighted-50-15-randomwalk-2-1.0-0.01-0.1-learndiff1.0-blend0.8-rootdissolve-dn3-prune0.9510,experiment_batch_cv_prune,FOLD-1,manifold,False,173,620226,0.4077749587632726,0.4037567222758241,0.6371214401658213,0.6457423155229266,0.0005571012825580657,0.0001740545112848,0.0004011652442127501,0.0001196490645462
FOLD-1-MANIFOLD-RSAMPLE-5-4-K1300-reference-5-data-1000-1000-faiss_atlas_weighted-50-15-randomwalk-2-1.0-0.01-0.1-learndiff1.0-blend0.8-rootdissolve-dn3-prune0.9710,experiment_batch_cv_prune,FOLD-1,manifold,False,173,620226,0.39536187666168376,0.3964396778044454,0.6296679564233454,0.639686804711368,0.0005639292715859151,0.0001773791945262,0.00040454920946556775,0.0001210457023675
FOLD-1-MANIFOLD-RSAMPLE-5-4-K1300-reference-5-data-1000-1000-faiss_atlas_weighted-50-15-randomwalk-2-1.0-0.01-0.1-learndiff1.0-prodard2.5-blend0.8-rootdissolve-dn3-prune0.910,experiment_batch_cv_prune,FOLD-1,manifold,False,173,620226,0.3970994369610733,0.389025199908431,0.6338797762591382,0.6418499764257029,0.0005635669569683917,0.0001777024745962,0.00040442802877218675,0.0001206169231338
FOLD-1-MANIFOLD-RSAMPLE-5-4-K1300-reference-5-data-1000-1000-faiss_atlas_weighted-50-15-randomwalk-2-1.0-0.01-0.1-learndiff1.0-prodard2.5-blend0.8-rootdissolve-dn3-prune0.9510,experiment_batch_cv_prune,FOLD-1,manifold,False,173,620226,0.402604184485912,0.3996842554041963,0.6362039974775066,0.6463444537372987,0.0005610365466855837,0.0001754490355333,0.0004030382406696084,0.0001197623539
FOLD-1-MANIFOLD-RSAMPLE-5-4-K1300-reference-5-data-1000-1000-faiss_atlas_weighted-50-15-randomwalk-2-1.0-0.01-0.1-learndiff1.0-prodard2.5-blend0.8-rootdissolve-dn3-prune0.9710,experiment_batch_cv_prune,FOLD-1,manifold,False,173,620226,0.40679210802226773,0.4037587602930412,0.6373749128334228,0.6467861260243597,0.0005591882986708573,0.000172988844476,0.00040259280372192957,0.0001183975245576
FOLD-1-MANIFOLD-RSAMPLE-5-4-K300-reference-5-data-1000-1000-faiss_atlas_weighted-50-15-randomwalk-2-1.0-0.01-0.1-learndiff1.0-blend0.8-level_5annot-rootdissolve-dn3-prune0.910,experiment_batch_cv_prune,FOLD-1,manifold,False,173,620226,0.40638836276192947,0.398184821074266,0.6364068865608022,0.6458012822120263,0.0005588619548624556,0.000175587291214,0.00040147675625997695,0.0001191055216198
FOLD-1-MANIFOLD-RSAMPLE-5-4-K300-reference-5-data-1000-1000-faiss_atlas_weighted-50-15-randomwalk-2-1.0-0.01-0.1-learndiff1.0-blend0.8-level_5annot-rootdissolve-dn3-prune0.9510,experiment_batch_cv_prune,FOLD-1,manifold,False,173,620226,0.4098399249788068,0.4105387343418253,0.6394824432097268,0.6509150376354164,0.0005574709679289301,0.0001719234557716,0.00040107602514239776,0.0001195740390983
FOLD-1-MANIFOLD-RSAMPLE-5-4-K300-reference-5-data-1000-1000-faiss_atlas_weighted-50-15-randomwalk-2-1.0-0.01-0.1-learndiff1.0-blend0.8-level_5annot-rootdissolve-dn3-prune0.9710,experiment_batch_cv_prune,FOLD-1,manifold,False,173,620226,0.40920402567096975,0.405762805563123,0.6378163443420534,0.6487516938830851,0.0005569694715844792,0.0001727770208262,0.0004027764084880619,0.0001199047347475
FOLD-1-MANIFOLD-RSAMPLE-5-4-K300-reference-5-data-1000-1000-faiss_atlas_weighted-50-15-randomwalk-2-1.0-0.01-0.1-learndiff1.0-blend0.8-rootdissolve-dn3-prune0.910,experiment_batch_cv_prune,FOLD-1,manifold,False,173,620226,0.4022120768947843,0.4001168617866706,0.6338394980840594,0.6438433107223928,0.0005608262582426959,0.0001743327782036,0.0004032066376752573,0.0001199896961898
FOLD-1-MANIFOLD-RSAMPLE-5-4-K300-reference-5-data-1000-1000-faiss_atlas_weighted-50-15-randomwalk-2-1.0-0.01-0.1-learndiff1.0-blend0.8-rootdissolve-dn3-prune0.9510,experiment_batch_cv_prune,FOLD-1,manifold,False,173,620226,0.40674330030563405,0.4048354869753707,0.6367497167185805,0.6476444387411036,0.0005591800010067473,0.0001737063921981,0.00040334997602004777,0.0001205051705235
FOLD-1-MANIFOLD-RSAMPLE-5-4-K300-reference-5-data-1000-1000-faiss_atlas_weighted-50-15-randomwalk-2-1.0-0.01-0.1-learndiff1.0-blend0.8-rootdissolve-dn3-prune0.9710,experiment_batch_cv_prune,FOLD-1,manifold,False,173,620226,0.41401759530785676,0.4122582236622351,0.6407214117541096,0.6502792190274448,0.000555255759019944,0.000172501493986,0.0004012943953371275,0.0001194674546887
FOLD-1-SPECTRAL-5-4-K100-reference-5-1000-faiss_atlas_weighted-50-15-randomwalk-2-1.0-0.01-0.1-1.0-level_5annot-rootdissolve-dn3-prune0.9-learndiff1.010,experiment_batch_cv_prune,FOLD-1,spectral,False,173,620226,0.40639546758991874,0.4060569104011083,0.6354465462466529,0.6494791904777254,0.0005594582906108199,0.0001736319330926,0.0004046785827365187,0.0001188863168136
FOLD-1-SPECTRAL-5-4-K100-reference-5-1000-faiss_atlas_weighted-50-15-randomwalk-2-1.0-0.01-0.1-1.0-level_5annot-rootdissolve-dn3-prune0.95-learndiff1.010,experiment_batch_cv_prune,FOLD-1,spectral,False,173,620226,0.40271019680953435,0.4014514628180574,0.6329030013924472,0.6474057731438295,0.000560741070272588,0.0001755681735975,0.0004040151983347836,0.000120768821589
FOLD-1-SPECTRAL-5-4-K100-reference-5-1000-faiss_atlas_weighted-50-15-randomwalk-2-1.0-0.01-0.1-1.0-level_5annot-rootdissolve-dn3-prune0.97-learndiff1.0-learnspecw10,experiment_batch_cv_prune,FOLD-1,spectral,False,173,620226,0.3999919962937078,0.3934965143886723,0.6320235624615355,0.6470398763080405,0.0005621423775599193,0.0001766074559294,0.0004061674143168968,0.0001193321304882
FOLD-1-SPECTRAL-5-4-K100-reference-5-1000-faiss_atlas_weighted-50-15-randomwalk-2-1.0-0.01-0.1-1.0-level_5annot-rootdissolve-dn3-prune0.97-learndiff1.010,experiment_batch_cv_prune,FOLD-1,spectral,False,173,620226,0.4048419544186428,0.3997651985978424,0.6349962295697483,0.6505253493924833,0.0005597267110204881,0.0001730916464774,0.0004049862434490376,0.0001195847626356
FOLD-1-SPECTRAL-5-4-K100-reference-5-1000-faiss_atlas_weighted-50-15-randomwalk-2-1.0-0.01-0.1-1.0-rootdissolve-dn3-prune0.9-learndiff1.010,experiment_batch_cv_prune,FOLD-1,spectral,False,173,620226,0.40724880991183793,0.4026449510863044,0.6349711045299798,0.6526046358258213,0.0005585859608326875,0.0001719407572923,0.00040502589838157794,0.0001207707670254
FOLD-1-SPECTRAL-5-4-K100-reference-5-1000-faiss_atlas_weighted-50-15-randomwalk-2-1.0-0.01-0.1-1.0-rootdissolve-dn3-prune0.95-learndiff1.010,experiment_batch_cv_prune,FOLD-1,spectral,False,173,620226,0.40539525827466294,0.4053166098369597,0.6346872119977878,0.6496068185806897,0.0005600127467358781,0.0001728654953448,0.00040497258707818687,0.0001190931400157
FOLD-1-SPECTRAL-5-4-K100-reference-5-1000-faiss_atlas_weighted-50-15-randomwalk-2-1.0-0.01-0.1-1.0-rootdissolve-dn3-prune0.97-learndiff1.010,experiment_batch_cv_prune,FOLD-1,spectral,False,173,620226,0.41068774023919324,0.4125148823258331,0.6373682961056683,0.6523054423245802,0.0005570918952112286,0.0001707675928215,0.0004035675319697133,0.000119735839551
FOLD-1-SPECTRAL-5-4-K1300-reference-5-1000-faiss_atlas_weighted-50-15-randomwalk-2-1.0-0.01-0.1-1.0-level_5annot-rootdissolve-dn3-prune0.9-learndiff1.010,experiment_batch_cv_prune,FOLD-1,spectral,False,173,620226,0.4095613830142103,0.4099158988891341,0.6382114365232741,0.6550913605443969,0.0005570346653459701,0.0001735749082964,0.00040206294198869057,0.0001191473890181
FOLD-1-SPECTRAL-5-4-K1300-reference-5-1000-faiss_atlas_weighted-50-15-randomwalk-2-1.0-0.01-0.1-1.0-level_5annot-rootdissolve-dn3-prune0.95-learndiff1.010,experiment_batch_cv_prune,FOLD-1,spectral,False,173,620226,0.40619435099707435,0.40322178052597,0.6365824307974437,0.6542202066777073,0.0005592206876673629,0.0001722377737997,0.0004038000291310732,0.0001194022594224
FOLD-1-SPECTRAL-5-4-K1300-reference-5-1000-faiss_atlas_weighted-50-15-randomwalk-2-1.0-0.01-0.1-1.0-level_5annot-rootdissolve-dn3-prune0.97-learndiff1.0-learnspecw10,experiment_batch_cv_prune,FOLD-1,spectral,False,173,620226,0.4033884333416543,0.3990103419360745,0.6343213174970126,0.6495437367551008,0.0005600788370697439,0.0001739953771356,0.000404379584416172,0.0001189131503953
FOLD-1-SPECTRAL-5-4-K1300-reference-5-1000-faiss_atlas_weighted-50-15-randomwalk-2-1.0-0.01-0.1-1.0-level_5annot-rootdissolve-dn3-prune0.97-learndiff1.010,experiment_batch_cv_prune,FOLD-1,spectral,False,173,620226,0.4033176084097144,0.3962796559832899,0.6348540523778439,0.6509288756075271,0.0005603170703739408,0.0001746408897815,0.0004039945794137047,0.0001191218553781
FOLD-1-SPECTRAL-5-4-K300-reference-5-1000-faiss_atlas_weighted-50-15-randomwalk-2-1.0-0.01-0.1-1.0-level_5annot-rootdissolve-dn3-prune0.9-learndiff1.010,experiment_batch_cv_prune,FOLD-1,spectral,False,173,620226,0.40089217060518817,0.3997835590305326,0.6331766102564237,0.6501069416107427,0.000561734909286136,0.0001746904260894,0.00040565217967292546,0.0001201482908539
FOLD-1-SPECTRAL-5-4-K300-reference-5-1000-faiss_atlas_weighted-50-15-randomwalk-2-1.0-0.01-0.1-1.0-level_5annot-rootdissolve-dn3-prune0.95-learndiff1.010,experiment_batch_cv_prune,FOLD-1,spectral,False,173,620226,0.4037963297691987,0.4010680594737962,0.6344926254560681,0.6491728383730222,0.0005607918869454005,0.0001759958098082,0.00040463439388990226,0.000118697983661
FOLD-1-SPECTRAL-5-4-K300-reference-5-1000-faiss_atlas_weighted-50-15-randomwalk-2-1.0-0.01-0.1-1.0-level_5annot-rootdissolve-dn3-prune0.97-learndiff1.0-learnspecw10,experiment_batch_cv_prune,FOLD-1,spectral,False,173,620226,0.4016383863620202,0.3998916605745043,0.6325150488703896,0.6476371406549446,0.0005613540761472557,0.0001753215214871,0.0004056901489652343,0.0001200280720868
FOLD-1-SPECTRAL-5-4-K300-reference-5-1000-faiss_atlas_weighted-50-15-randomwalk-2-1.0-0.01-0.1-1.0-level_5annot-rootdissolve-dn3-prune0.97-learndiff1.010,experiment_batch_cv_prune,FOLD-1,spectral,False,173,620226,0.4076003242825954,0.4084014557233074,0.6368057253029017,0.6504865500008056,0.0005584750650824663,0.0001733443770139,0.00040417420673792554,0.0001191991532099
FOLD-1-SPECTRAL-5-4-K300-reference-5-1000-faiss_atlas_weighted-50-15-randomwalk-2-1.0-0.01-0.1-1.0-rootdissolve-dn3-prune0.9-learndiff1.010,experiment_batch_cv_prune,FOLD-1,spectral,False,173,620226,0.40001684717754665,0.3940419356128907,0.6320143367102662,0.6431296350632746,0.0005622889578358744,0.0001732316440008,0.00040635371625345214,0.0001198730272993
FOLD-1-SPECTRAL-5-4-K300-reference-5-1000-faiss_atlas_weighted-50-15-randomwalk-2-1.0-0.01-0.1-1.0-rootdissolve-dn3-prune0.95-learndiff1.010,experiment_batch_cv_prune,FOLD-1,spectral,False,173,620226,0.41136682264939406,0.4144269033502377,0.63982788670861,0.6583984284251229,0.000556587629761237,0.0001720835527854,0.00040263992317138135,0.0001186857097518
FOLD-1-SPECTRAL-5-4-K300-reference-5-1000-faiss_atlas_weighted-50-15-randomwalk-2-1.0-0.01-0.1-1.0-rootdissolve-dn3-prune0.97-learndiff1.010,experiment_batch_cv_prune,FOLD-1,spectral,False,173,620226,0.40723114682611605,0.4071274858814546,0.6354806217710229,0.6499859256291971,0.0005589553925425372,0.0001728736889185,0.0004047113147709657,0.0001189177004478
FOLD-2-MANIFOLD-RSAMPLE-5-4-K100-reference-5-data-1000-1000-faiss_atlas_weighted-50-15-randomwalk-2-1.0-0.01-0.1-learndiff1.0-blend0.8-level_5annot-rootdissolve-dn3-prune0.910,experiment_batch_cv_prune,FOLD-2,manifold,False,173,732764,0.4088464440173238,0.4095304881214521,0.6346531612316147,0.6447272566600479,0.0005705613068204909,0.0001784394903682,0.0004154353935925831,0.0001237045748881
FOLD-2-MANIFOLD-RSAMPLE-5-4-K100-reference-5-data-1000-1000-faiss_atlas_weighted-50-15-randomwalk-2-1.0-0.01-0.1-learndiff1.0-blend0.8-level_5annot-rootdissolve-dn3-prune0.9510,experiment_batch_cv_prune,FOLD-2,manifold,False,173,732764,0.4075107930444384,0.4080966785680189,0.6328777079946784,0.6433676372900801,0.0005712431109184668,0.0001785896984879,0.00041609590673645616,0.0001242703049656
FOLD-2-MANIFOLD-RSAMPLE-5-4-K100-reference-5-data-1000-1000-faiss_atlas_weighted-50-15-randomwalk-2-1.0-0.01-0.1-learndiff1.0-blend0.8-level_5annot-rootdissolve-dn3-prune0.9710,experiment_batch_cv_prune,FOLD-2,manifold,False,173,732764,0.41250555464462907,0.401614707207063,0.6362641915384915,0.6431451920616341,0.0005686236854731671,0.0001782087057858,0.00041489855267898317,0.0001234882716477
FOLD-2-MANIFOLD-RSAMPLE-5-4-K100-reference-5-data-1000-1000-faiss_atlas_weighted-50-15-randomwalk-2-1.0-0.01-0.1-learndiff1.0-blend0.8-rootdissolve-dn3-prune0.910,experiment_batch_cv_prune,FOLD-2,manifold,False,173,732764,0.40857420168110875,0.4043725654188577,0.6343131422963232,0.6393398895606028,0.0005706450364252086,0.0001801855527723,0.0004154410283397529,0.0001243245060016
FOLD-2-MANIFOLD-RSAMPLE-5-4-K100-reference-5-data-1000-1000-faiss_atlas_weighted-50-15-randomwalk-2-1.0-0.01-0.1-learndiff1.0-blend0.8-rootdissolve-dn3-prune0.9510,experiment_batch_cv_prune,FOLD-2,manifold,False,173,732764,0.40713694556241625,0.3991589747583043,0.6336913814527555,0.6428088955414268,0.0005714113939367148,0.0001795692255042,0.00041595551185161244,0.0001243965025229
FOLD-2-MANIFOLD-RSAMPLE-5-4-K100-reference-5-data-1000-1000-faiss_atlas_weighted-50-15-randomwalk-2-1.0-0.01-0.1-learndiff1.0-blend0.8-rootdissolve-dn3-prune0.9710,experiment_batch_cv_prune,FOLD-2,manifold,False,173,732764,0.4153797760843571,0.4078710425712594,0.6393406920022672,0.6470915513446206,0.0005675512414554504,0.0001783259070591,0.00041325191914131395,0.0001235757914635
FOLD-2-MANIFOLD-RSAMPLE-5-4-K1300-reference-5-data-1000-1000-faiss_atlas_weighted-50-15-randomwalk-2-1.0-0.01-0.1-learndiff1.0-blend0.8-rootdissolve-dn3-prune0.910,experiment_batch_cv_prune,FOLD-2,manifold,False,173,732764,0.39210090572066936,0.3870137295084485,0.6247556751427465,0.633631973522465,0.0005781954087916477,0.0001846481276277,0.0004185114720485949,0.0001251135405642
FOLD-2-MANIFOLD-RSAMPLE-5-4-K1300-reference-5-data-1000-1000-faiss_atlas_weighted-50-15-randomwalk-2-1.0-0.01-0.1-learndiff1.0-blend0.8-rootdissolve-dn3-prune0.9510,experiment_batch_cv_prune,FOLD-2,manifold,False,173,732764,0.386695566710778,0.3870687810316517,0.6204628565361262,0.6258836338910467,0.0005810691926957756,0.0001832105444372,0.0004208434440426164,0.0001259707231223
FOLD-2-MANIFOLD-RSAMPLE-5-4-K1300-reference-5-data-1000-1000-faiss_atlas_weighted-50-15-randomwalk-2-1.0-0.01-0.1-learndiff1.0-blend0.8-rootdissolve-dn3-prune0.9710,experiment_batch_cv_prune,FOLD-2,manifold,False,173,732764,0.3910896104806569,0.3904702121622743,0.6235304493507571,0.6308715278390754,0.0005794752455644562,0.0001842805647845,0.00041981919475665084,0.0001252912643173
FOLD-2-MANIFOLD-RSAMPLE-5-4-K1300-reference-5-data-1000-1000-faiss_atlas_weighted-50-15-randomwalk-2-1.0-0.01-0.1-learndiff1.0-prodard2.5-blend0.8-rootdissolve-dn3-prune0.910,experiment_batch_cv_prune,FOLD-2,manifold,False,173,732764,0.38622942598619103,0.3903650574776577,0.621742681278007,0.627421086987638,0.0005808966014210482,0.0001869795735487,0.00042140366482121944,0.0001267572984129
FOLD-2-MANIFOLD-RSAMPLE-5-4-K1300-reference-5-data-1000-1000-faiss_atlas_weighted-50-15-randomwalk-2-1.0-0.01-0.1-learndiff1.0-prodard2.5-blend0.8-rootdissolve-dn3-prune0.9510,experiment_batch_cv_prune,FOLD-2,manifold,False,173,732764,0.38951443158703014,0.3860491818724328,0.6226781591317572,0.627588088512196,0.0005794145963138673,0.0001824859475978,0.00041971597082448615,0.0001257816121718
FOLD-2-MANIFOLD-RSAMPLE-5-4-K1300-reference-5-data-1000-1000-faiss_atlas_weighted-50-15-randomwalk-2-1.0-0.01-0.1-learndiff1.0-prodard2.5-blend0.8-rootdissolve-dn3-prune0.9710,experiment_batch_cv_prune,FOLD-2,manifold,False,173,732764,0.38259042867566667,0.3758654168345888,0.618875525899745,0.6249431672000353,0.0005827825700306925,0.0001863906824038,0.00042162880665631337,0.0001258646370986
FOLD-2-MANIFOLD-RSAMPLE-5-4-K300-reference-5-data-1000-1000-faiss_atlas_weighted-50-15-randomwalk-2-1.0-0.01-0.1-learndiff1.0-blend0.8-level_5annot-rootdissolve-dn3-prune0.910,experiment_batch_cv_prune,FOLD-2,manifold,False,173,732764,0.40228067937801104,0.4007541053226033,0.6313208070697293,0.6393598961349886,0.0005735844696807261,0.000182634682704,0.0004174216376654062,0.0001247911442073
FOLD-2-MANIFOLD-RSAMPLE-5-4-K300-reference-5-data-1000-1000-faiss_atlas_weighted-50-15-randomwalk-2-1.0-0.01-0.1-learndiff1.0-blend0.8-level_5annot-rootdissolve-dn3-prune0.9510,experiment_batch_cv_prune,FOLD-2,manifold,False,173,732764,0.3997237490359651,0.3915810886940528,0.6286580226958988,0.6353701876457585,0.0005740683940346732,0.0001822736004825,0.0004173918285609873,0.0001253263176026
FOLD-2-MANIFOLD-RSAMPLE-5-4-K300-reference-5-data-1000-1000-faiss_atlas_weighted-50-15-randomwalk-2-1.0-0.01-0.1-learndiff1.0-blend0.8-level_5annot-rootdissolve-dn3-prune0.9710,experiment_batch_cv_prune,FOLD-2,manifold,False,173,732764,0.40625934249092716,0.4002965556185091,0.6324577804928164,0.6396053848648527,0.0005709764097505238,0.0001801059787593,0.00041467824079205495,0.0001239570308177
FOLD-2-MANIFOLD-RSAMPLE-5-4-K300-reference-5-data-1000-1000-faiss_atlas_weighted-50-15-randomwalk-2-1.0-0.01-0.1-learndiff1.0-blend0.8-rootdissolve-dn3-prune0.910,experiment_batch_cv_prune,FOLD-2,manifold,False,173,732764,0.4063170308150358,0.4039609504806272,0.6336307213218844,0.6426083258921603,0.0005719765114473689,0.0001798353863258,0.000416166778783317,0.0001244277579064
FOLD-2-MANIFOLD-RSAMPLE-5-4-K300-reference-5-data-1000-1000-faiss_atlas_weighted-50-15-randomwalk-2-1.0-0.01-0.1-learndiff1.0-blend0.8-rootdissolve-dn3-prune0.9510,experiment_batch_cv_prune,FOLD-2,manifold,False,173,732764,0.4062914880529632,0.4013537594529262,0.6319337415260077,0.6396170924904057,0.0005717747847256348,0.0001790136202947,0.0004153499050503975,0.0001247345209088
FOLD-2-MANIFOLD-RSAMPLE-5-4-K300-reference-5-data-1000-1000-faiss_atlas_weighted-50-15-randomwalk-2-1.0-0.01-0.1-learndiff1.0-blend0.8-rootdissolve-dn3-prune0.9710,experiment_batch_cv_prune,FOLD-2,manifold,False,173,732764,0.40515713575690476,0.4039098390127463,0.6309650459861597,0.6390734802335443,0.0005724173196641164,0.0001794660161875,0.0004160154961170021,0.0001240415363989
FOLD-2-SPECTRAL-5-4-K100-reference-5-1000-faiss_atlas_weighted-50-15-randomwalk-2-1.0-0.01-0.1-1.0-level_5annot-rootdissolve-dn3-prune0.9-learndiff1.010,experiment_batch_cv_prune,FOLD-2,spectral,False,173,732764,0.41919454321692523,0.41444047944879,0.6410513739673057,0.6476438324916737,0.0005654433495608719,0.000178236048731,0.00041220911317754993,0.0001221031673752
FOLD-2-SPECTRAL-5-4-K100-reference-5-1000-faiss_atlas_weighted-50-15-randomwalk-2-1.0-0.01-0.1-1.0-level_5annot-rootdissolve-dn3-prune0.95-learndiff1.010,experiment_batch_cv_prune,FOLD-2,spectral,False,173,732764,0.3999571851567852,0.3891149646990015,0.6276152978994678,0.6345309746060087,0.0005761012789064838,0.0001823741888476,0.00042016524281477947,0.0001240526653691
FOLD-2-SPECTRAL-5-4-K100-reference-5-1000-faiss_atlas_weighted-50-15-randomwalk-2-1.0-0.01-0.1-1.0-level_5annot-rootdissolve-dn3-prune0.97-learndiff1.0-learnspecw10,experiment_batch_cv_prune,FOLD-2,spectral,False,173,732764,0.4049764491175413,0.3979752667072926,0.6317560747215214,0.6376691113519368,0.000573129695298757,0.0001815332507329,0.00041723810886487475,0.0001240583060087
FOLD-2-SPECTRAL-5-4-K100-reference-5-1000-faiss_atlas_weighted-50-15-randomwalk-2-1.0-0.01-0.1-1.0-level_5annot-rootdissolve-dn3-prune0.97-learndiff1.010,experiment_batch_cv_prune,FOLD-2,spectral,False,173,732764,0.40575165311804196,0.4003480364971887,0.6327841182236238,0.64156323193479,0.0005734118111505227,0.0001813937909491,0.00041905248079464,0.0001235431145905
FOLD-2-SPECTRAL-5-4-K100-reference-5-1000-faiss_atlas_weighted-50-15-randomwalk-2-1.0-0.01-0.1-1.0-rootdissolve-dn3-prune0.9-learndiff1.010,experiment_batch_cv_prune,FOLD-2,spectral,False,173,732764,0.4156233250781199,0.4156485637745725,0.6379810073259992,0.6478650143031643,0.0005686681904896535,0.0001801180624645,0.00041600141040689786,0.0001230342648126
FOLD-2-SPECTRAL-5-4-K100-reference-5-1000-faiss_atlas_weighted-50-15-randomwalk-2-1.0-0.01-0.1-1.0-rootdissolve-dn3-prune0.95-learndiff1.010,experiment_batch_cv_prune,FOLD-2,spectral,False,173,732764,0.4068804642470881,0.4001695346564285,0.6316826803116816,0.6391162875545886,0.0005717740782426726,0.0001816616570626,0.0004163478846950545,0.0001233721246295
FOLD-2-SPECTRAL-5-4-K100-reference-5-1000-faiss_atlas_weighted-50-15-randomwalk-2-1.0-0.01-0.1-1.0-rootdissolve-dn3-prune0.97-learndiff1.010,experiment_batch_cv_prune,FOLD-2,spectral,False,173,732764,0.41216434051263084,0.4084742343561728,0.6369628564638697,0.6466020823856833,0.0005700732030492297,0.0001806586938368,0.0004153410686573621,0.0001231284885238
FOLD-2-SPECTRAL-5-4-K1300-reference-5-1000-faiss_atlas_weighted-50-15-randomwalk-2-1.0-0.01-0.1-1.0-level_5annot-rootdissolve-dn3-prune0.9-learndiff1.010,experiment_batch_cv_prune,FOLD-2,spectral,False,173,732764,0.40954530282206525,0.403285381333511,0.6351526209030844,0.6410887251433479,0.0005707951199961717,0.0001810332901448,0.0004150535524640287,0.0001225488817244
FOLD-2-SPECTRAL-5-4-K1300-reference-5-1000-faiss_atlas_weighted-50-15-randomwalk-2-1.0-0.01-0.1-1.0-level_5annot-rootdissolve-dn3-prune0.95-learndiff1.010,experiment_batch_cv_prune,FOLD-2,spectral,False,173,732764,0.41112707471738025,0.402990015750991,0.6363053221031147,0.6451249199589677,0.0005699152010804658,0.0001802932205447,0.000414841563371692,0.0001236853253533
FOLD-2-SPECTRAL-5-4-K1300-reference-5-1000-faiss_atlas_weighted-50-15-randomwalk-2-1.0-0.01-0.1-1.0-level_5annot-rootdissolve-dn3-prune0.97-learndiff1.0-learnspecw10,experiment_batch_cv_prune,FOLD-2,spectral,False,173,732764,0.40750363407003987,0.3981190783663957,0.6322350790325865,0.6385765429806908,0.0005713654772607487,0.0001817493075043,0.0004159832414992961,0.0001238509333197
FOLD-2-SPECTRAL-5-4-K1300-reference-5-1000-faiss_atlas_weighted-50-15-randomwalk-2-1.0-0.01-0.1-1.0-level_5annot-rootdissolve-dn3-prune0.97-learndiff1.010,experiment_batch_cv_prune,FOLD-2,spectral,False,173,732764,0.39599816493959233,0.3905393071871178,0.626730372722218,0.635530938581063,0.0005777716279355497,0.0001855897146738,0.0004200293427709204,0.0001245032944305
FOLD-2-SPECTRAL-5-4-K300-reference-5-1000-faiss_atlas_weighted-50-15-randomwalk-2-1.0-0.01-0.1-1.0-level_5annot-rootdissolve-dn3-prune0.9-learndiff1.010,experiment_batch_cv_prune,FOLD-2,spectral,False,173,732764,0.40318253992112735,0.3919746265893981,0.6300609641620358,0.633136192106877,0.0005742311023468279,0.0001831983983568,0.00041766371977631437,0.000124275743594
FOLD-2-SPECTRAL-5-4-K300-reference-5-1000-faiss_atlas_weighted-50-15-randomwalk-2-1.0-0.01-0.1-1.0-level_5annot-rootdissolve-dn3-prune0.95-learndiff1.010,experiment_batch_cv_prune,FOLD-2,spectral,False,173,732764,0.40945841167992253,0.4012083568506074,0.6347497549968436,0.6414129882547328,0.0005702508210363187,0.0001799674454136,0.0004153390002942885,0.0001234092643653
FOLD-2-SPECTRAL-5-4-K300-reference-5-1000-faiss_atlas_weighted-50-15-randomwalk-2-1.0-0.01-0.1-1.0-level_5annot-rootdissolve-dn3-prune0.97-learndiff1.0-learnspecw10,experiment_batch_cv_prune,FOLD-2,spectral,False,173,732764,0.407067068641007,0.4037363529290968,0.6327365708234938,0.6412631864216549,0.0005719273129626525,0.0001800464744518,0.0004174536236798461,0.0001237869455293
FOLD-2-SPECTRAL-5-4-K300-reference-5-1000-faiss_atlas_weighted-50-15-randomwalk-2-1.0-0.01-0.1-1.0-level_5annot-rootdissolve-dn3-prune0.97-learndiff1.010,experiment_batch_cv_prune,FOLD-2,spectral,False,173,732764,0.4051605259998314,0.3994971584964993,0.6320286161981321,0.6420521950206726,0.0005728301438256782,0.0001810490294821,0.0004170912550206881,0.0001237497816745
FOLD-2-SPECTRAL-5-4-K300-reference-5-1000-faiss_atlas_weighted-50-15-randomwalk-2-1.0-0.01-0.1-1.0-rootdissolve-dn3-prune0.9-learndiff1.010,experiment_batch_cv_prune,FOLD-2,spectral,False,173,732764,0.4071522969807032,0.4022344600764739,0.633258672668033,0.6409350855203384,0.0005717868395849323,0.0001820660333303,0.0004158628494725175,0.0001244270499272
FOLD-2-SPECTRAL-5-4-K300-reference-5-1000-faiss_atlas_weighted-50-15-randomwalk-2-1.0-0.01-0.1-1.0-rootdissolve-dn3-prune0.95-learndiff1.010,experiment_batch_cv_prune,FOLD-2,spectral,False,173,732764,0.4083051272690949,0.4030992950967493,0.634445078734133,0.6409795876285174,0.0005709971097509815,0.0001810567782247,0.0004167271346435483,0.0001234922242358
FOLD-2-SPECTRAL-5-4-K300-reference-5-1000-faiss_atlas_weighted-50-15-randomwalk-2-1.0-0.01-0.1-1.0-rootdissolve-dn3-prune0.97-learndiff1.010,experiment_batch_cv_prune,FOLD-2,spectral,False,173,732764,0.4074321008774639,0.4095137443721989,0.6343361174713098,0.6469668547436894,0.0005733127032180681,0.0001812677340279,0.0004174984209302238,0.0001227743584055
FOLD-3-MANIFOLD-RSAMPLE-5-4-K100-reference-5-data-1000-1000-faiss_atlas_weighted-50-15-randomwalk-2-1.0-0.01-0.1-learndiff1.0-blend0.8-level_5annot-rootdissolve-dn3-prune0.910,experiment_batch_cv_prune,FOLD-3,manifold,False,173,695996,0.3731172671368398,0.3607174150195669,0.6171397443142127,0.6241269897431492,0.0005836743038535798,0.0001889485909719,0.0004214328064251534,0.0001298104229484
FOLD-3-MANIFOLD-RSAMPLE-5-4-K100-reference-5-data-1000-1000-faiss_atlas_weighted-50-15-randomwalk-2-1.0-0.01-0.1-learndiff1.0-blend0.8-level_5annot-rootdissolve-dn3-prune0.9510,experiment_batch_cv_prune,FOLD-3,manifold,False,173,695996,0.36635683340855496,0.3534624276301426,0.6129691547499049,0.6204330028962205,0.000586027862932552,0.0001898395965228,0.00042344225381860584,0.0001305867878906
FOLD-3-MANIFOLD-RSAMPLE-5-4-K100-reference-5-data-1000-1000-faiss_atlas_weighted-50-15-randomwalk-2-1.0-0.01-0.1-learndiff1.0-blend0.8-level_5annot-rootdissolve-dn3-prune0.9710,experiment_batch_cv_prune,FOLD-3,manifold,False,173,695996,0.3721659246044279,0.3591975228806634,0.6153479875456033,0.622103467909998,0.0005841704564026642,0.0001891749969704,0.0004231512634966677,0.0001300513467435
FOLD-3-MANIFOLD-RSAMPLE-5-4-K100-reference-5-data-1000-1000-faiss_atlas_weighted-50-15-randomwalk-2-1.0-0.01-0.1-learndiff1.0-blend0.8-rootdissolve-dn3-prune0.910,experiment_batch_cv_prune,FOLD-3,manifold,False,173,695996,0.37439384116481317,0.3575310363833105,0.6166079650957258,0.6253650257586145,0.0005828427086190483,0.0001893855980953,0.0004214961918052025,0.00012957286017
FOLD-3-MANIFOLD-RSAMPLE-5-4-K100-reference-5-data-1000-1000-faiss_atlas_weighted-50-15-randomwalk-2-1.0-0.01-0.1-learndiff1.0-blend0.8-rootdissolve-dn3-prune0.9510,experiment_batch_cv_prune,FOLD-3,manifold,False,173,695996,0.37419753537271233,0.3583883141542336,0.6176817756530202,0.619904198612337,0.0005815128326642865,0.000188841333756,0.0004205524897857651,0.000130323695178
FOLD-3-MANIFOLD-RSAMPLE-5-4-K100-reference-5-data-1000-1000-faiss_atlas_weighted-50-15-randomwalk-2-1.0-0.01-0.1-learndiff1.0-blend0.8-rootdissolve-dn3-prune0.9710,experiment_batch_cv_prune,FOLD-3,manifold,False,173,695996,0.3735059352508484,0.356856443234551,0.6181264177637115,0.6257086547077692,0.0005835827579395364,0.0001893959189762,0.0004228802866778732,0.0001302457952615
FOLD-3-MANIFOLD-RSAMPLE-5-4-K1300-reference-5-data-1000-1000-faiss_atlas_weighted-50-15-randomwalk-2-1.0-0.01-0.1-learndiff1.0-blend0.8-rootdissolve-dn3-prune0.910,experiment_batch_cv_prune,FOLD-3,manifold,False,173,695996,0.35508629864835556,0.3429941541358731,0.6118212621522027,0.6195859603098341,0.000591207463764391,0.0001912425838017,0.00042420915077919603,0.0001313838577071
FOLD-3-MANIFOLD-RSAMPLE-5-4-K1300-reference-5-data-1000-1000-faiss_atlas_weighted-50-15-randomwalk-2-1.0-0.01-0.1-learndiff1.0-blend0.8-rootdissolve-dn3-prune0.9510,experiment_batch_cv_prune,FOLD-3,manifold,False,173,695996,0.3573728885010548,0.3454715232797112,0.6093829775251594,0.6154570872069448,0.0005896435017303737,0.0001929092042775,0.00042279548051901483,0.0001299444931581
FOLD-3-MANIFOLD-RSAMPLE-5-4-K1300-reference-5-data-1000-1000-faiss_atlas_weighted-50-15-randomwalk-2-1.0-0.01-0.1-learndiff1.0-blend0.8-rootdissolve-dn3-prune0.9710,experiment_batch_cv_prune,FOLD-3,manifold,False,173,695996,0.35542471913235396,0.3394807922985757,0.6077848072035366,0.6133302900556215,0.0005902796081997458,0.0001921663128946,0.0004236247825196429,0.0001309057665535
FOLD-3-MANIFOLD-RSAMPLE-5-4-K1300-reference-5-data-1000-1000-faiss_atlas_weighted-50-15-randomwalk-2-1.0-0.01-0.1-learndiff1.0-prodard2.5-blend0.8-rootdissolve-dn3-prune0.910,experiment_batch_cv_prune,FOLD-3,manifold,False,173,695996,0.3647287990439944,0.3506289758159058,0.6164647083905943,0.6218625214908184,0.0005858934220305267,0.0001908049977497,0.00042108456279009324,0.0001299452387551
FOLD-3-MANIFOLD-RSAMPLE-5-4-K1300-reference-5-data-1000-1000-faiss_atlas_weighted-50-15-randomwalk-2-1.0-0.01-0.1-learndiff1.0-prodard2.5-blend0.8-rootdissolve-dn3-prune0.9510,experiment_batch_cv_prune,FOLD-3,manifold,False,173,695996,0.35952915776365535,0.3468853165515305,0.609355307382945,0.615029488844497,0.0005874745329150938,0.0001912543118437,0.0004221541450632227,0.0001301912483115
FOLD-3-MANIFOLD-RSAMPLE-5-4-K1300-reference-5-data-1000-1000-faiss_atlas_weighted-50-15-randomwalk-2-1.0-0.01-0.1-learndiff1.0-prodard2.5-blend0.8-rootdissolve-dn3-prune0.9710,experiment_batch_cv_prune,FOLD-3,manifold,False,173,695996,0.3536605288307237,0.3399621839780787,0.6081201619150134,0.6143614631828881,0.0005918747459364124,0.0001935642210597,0.00042441630118667006,0.0001322687536477
FOLD-3-MANIFOLD-RSAMPLE-5-4-K300-reference-5-data-1000-1000-faiss_atlas_weighted-50-15-randomwalk-2-1.0-0.01-0.1-learndiff1.0-blend0.8-level_5annot-rootdissolve-dn3-prune0.910,experiment_batch_cv_prune,FOLD-3,manifold,False,173,695996,0.3634359619128522,0.3524030173779582,0.6134776923094578,0.6195799437485522,0.0005869878280395007,0.0001909124442374,0.0004226994001155725,0.0001306904843499
FOLD-3-MANIFOLD-RSAMPLE-5-4-K300-reference-5-data-1000-1000-faiss_atlas_weighted-50-15-randomwalk-2-1.0-0.01-0.1-learndiff1.0-blend0.8-level_5annot-rootdissolve-dn3-prune0.9510,experiment_batch_cv_prune,FOLD-3,manifold,False,173,695996,0.366321809332678,0.35433164502208,0.6139546932454368,0.6203898719729034,0.0005847248883415115,0.0001905594292513,0.000420497696808475,0.0001297889089205
FOLD-3-MANIFOLD-RSAMPLE-5-4-K300-reference-5-data-1000-1000-faiss_atlas_weighted-50-15-randomwalk-2-1.0-0.01-0.1-learndiff1.0-blend0.8-level_5annot-rootdissolve-dn3-prune0.9710,experiment_batch_cv_prune,FOLD-3,manifold,False,173,695996,0.36788041896428053,0.3595496316920797,0.614689271912824,0.6209953493735737,0.0005831278639652714,0.0001903046142094,0.00041971676940283744,0.0001298033244315
FOLD-3-MANIFOLD-RSAMPLE-5-4-K300-reference-5-data-1000-1000-faiss_atlas_weighted-50-15-randomwalk-2-1.0-0.01-0.1-learndiff1.0-blend0.8-rootdissolve-dn3-prune0.910,experiment_batch_cv_prune,FOLD-3,manifold,False,173,695996,0.3632247584523793,0.3474517928908726,0.612431591777328,0.6197368807730849,0.0005865396404158102,0.0001910313610176,0.00042236011623046735,0.0001304291834818
FOLD-3-MANIFOLD-RSAMPLE-5-4-K300-reference-5-data-1000-1000-faiss_atlas_weighted-50-15-randomwalk-2-1.0-0.01-0.1-learndiff1.0-blend0.8-rootdissolve-dn3-prune0.9510,experiment_batch_cv_prune,FOLD-3,manifold,False,173,695996,0.367678824535373,0.3504004807224224,0.6150159050095766,0.6217780503422071,0.000584262607729317,0.0001895993287155,0.0004220989532233486,0.0001303225748469
FOLD-3-MANIFOLD-RSAMPLE-5-4-K300-reference-5-data-1000-1000-faiss_atlas_weighted-50-15-randomwalk-2-1.0-0.01-0.1-learndiff1.0-blend0.8-rootdissolve-dn3-prune0.9710,experiment_batch_cv_prune,FOLD-3,manifold,False,173,695996,0.3662205065366697,0.3489720063390792,0.6154624972115516,0.6198640287191097,0.0005853570611543777,0.0001896805793933,0.00042257945598287664,0.0001305023314167
FOLD-3-SPECTRAL-5-4-K100-reference-5-1000-faiss_atlas_weighted-50-15-randomwalk-2-1.0-0.01-0.1-1.0-level_5annot-rootdissolve-dn3-prune0.9-learndiff1.010,experiment_batch_cv_prune,FOLD-3,spectral,False,173,695996,0.3660274918439435,0.3524769286482772,0.610984244859871,0.6188425133401471,0.0005867234145231058,0.000189620057465,0.0004259943626083963,0.0001302728281623
FOLD-3-SPECTRAL-5-4-K100-reference-5-1000-faiss_atlas_weighted-50-15-randomwalk-2-1.0-0.01-0.1-1.0-level_5annot-rootdissolve-dn3-prune0.95-learndiff1.010,experiment_batch_cv_prune,FOLD-3,spectral,False,173,695996,0.3632625458981528,0.3535716595207031,0.6130810310298066,0.6182909540778915,0.0005884870543056691,0.0001911285396431,0.0004265799512595419,0.0001300283319763
FOLD-3-SPECTRAL-5-4-K100-reference-5-1000-faiss_atlas_weighted-50-15-randomwalk-2-1.0-0.01-0.1-1.0-level_5annot-rootdissolve-dn3-prune0.97-learndiff1.0-learnspecw10,experiment_batch_cv_prune,FOLD-3,spectral,False,173,695996,0.3584265279233864,0.3463777789281812,0.6075024045476646,0.6127798035421836,0.0005911400242839357,0.0001901509032564,0.0004282551228920572,0.00013095090481
FOLD-3-SPECTRAL-5-4-K100-reference-5-1000-faiss_atlas_weighted-50-15-randomwalk-2-1.0-0.01-0.1-1.0-level_5annot-rootdissolve-dn3-prune0.97-learndiff1.010,experiment_batch_cv_prune,FOLD-3,spectral,False,173,695996,0.36572953881543785,0.3520084312764033,0.6121736684276539,0.6169184849065914,0.00058748241033442,0.0001904225215556,0.00042530927761456287,0.0001300656760647
FOLD-3-SPECTRAL-5-4-K100-reference-5-1000-faiss_atlas_weighted-50-15-randomwalk-2-1.0-0.01-0.1-1.0-rootdissolve-dn3-prune0.9-learndiff1.010,experiment_batch_cv_prune,FOLD-3,spectral,False,173,695996,0.35346576769963367,0.3455897454512231,0.6045249638450119,0.6117506219960843,0.0005934624365186513,0.0001920700990941,0.00043014331058530657,0.0001327280638838
FOLD-3-SPECTRAL-5-4-K100-reference-5-1000-faiss_atlas_weighted-50-15-randomwalk-2-1.0-0.01-0.1-1.0-rootdissolve-dn3-prune0.95-learndiff1.010,experiment_batch_cv_prune,FOLD-3,spectral,False,173,695996,0.3550148632132387,0.3351030080962028,0.6042560980470519,0.6080920695866912,0.0005936871396019016,0.0001913604003357,0.00043110518703286265,0.0001308589119709
FOLD-3-SPECTRAL-5-4-K100-reference-5-1000-faiss_atlas_weighted-50-15-randomwalk-2-1.0-0.01-0.1-1.0-rootdissolve-dn3-prune0.97-learndiff1.010,experiment_batch_cv_prune,FOLD-3,spectral,False,173,695996,0.35938389847351,0.3447024858536958,0.6083566800121211,0.6125403566421037,0.0005903213837490946,0.0001912139207142,0.000427834968814878,0.000130900490014
FOLD-3-SPECTRAL-5-4-K1300-reference-5-1000-faiss_atlas_weighted-50-15-randomwalk-2-1.0-0.01-0.1-1.0-level_5annot-rootdissolve-dn3-prune0.9-learndiff1.010,experiment_batch_cv_prune,FOLD-3,spectral,False,173,695996,0.3533092744847313,0.3390674118102312,0.6055815680077606,0.614569704695088,0.0005933697170264334,0.0001927687181731,0.0004285933640201452,0.0001319766941129
FOLD-3-SPECTRAL-5-4-K1300-reference-5-1000-faiss_atlas_weighted-50-15-randomwalk-2-1.0-0.01-0.1-1.0-level_5annot-rootdissolve-dn3-prune0.95-learndiff1.010,experiment_batch_cv_prune,FOLD-3,spectral,False,173,695996,0.36153289909370845,0.3578762510861552,0.6108441012959831,0.6203417702815257,0.000588760850688316,0.0001889033789415,0.0004248567764901212,0.0001322339957174
FOLD-3-SPECTRAL-5-4-K1300-reference-5-1000-faiss_atlas_weighted-50-15-randomwalk-2-1.0-0.01-0.1-1.0-level_5annot-rootdissolve-dn3-prune0.97-learndiff1.0-learnspecw10,experiment_batch_cv_prune,FOLD-3,spectral,False,173,695996,0.36107856748914446,0.3465624606860201,0.6105467165388422,0.619033998298417,0.0005885163997609461,0.0001911115159319,0.0004248742030715682,0.0001311913016874
FOLD-3-SPECTRAL-5-4-K1300-reference-5-1000-faiss_atlas_weighted-50-15-randomwalk-2-1.0-0.01-0.1-1.0-level_5annot-rootdissolve-dn3-prune0.97-learndiff1.010,experiment_batch_cv_prune,FOLD-3,spectral,False,173,695996,0.3514150212307904,0.3368092945870252,0.6035358884624636,0.6124332905726388,0.0005936340538963588,0.0001906732719534,0.000431271319866323,0.0001316201859857
FOLD-3-SPECTRAL-5-4-K300-reference-5-1000-faiss_atlas_weighted-50-15-randomwalk-2-1.0-0.01-0.1-1.0-level_5annot-rootdissolve-dn3-prune0.9-learndiff1.010,experiment_batch_cv_prune,FOLD-3,spectral,False,173,695996,0.36016581484542143,0.3482418216315297,0.6089863151332437,0.6166719593090128,0.0005899769650845485,0.0001910148439813,0.0004271354611372937,0.0001308967886672
FOLD-3-SPECTRAL-5-4-K300-reference-5-1000-faiss_atlas_weighted-50-15-randomwalk-2-1.0-0.01-0.1-1.0-level_5annot-rootdissolve-dn3-prune0.95-learndiff1.010,experiment_batch_cv_prune,FOLD-3,spectral,False,173,695996,0.35503001043271454,0.3458525195281465,0.602600514094208,0.6076001288976285,0.0005924520089633378,0.0001915069856859,0.0004293290595205203,0.0001309168969273
FOLD-3-SPECTRAL-5-4-K300-reference-5-1000-faiss_atlas_weighted-50-15-randomwalk-2-1.0-0.01-0.1-1.0-level_5annot-rootdissolve-dn3-prune0.97-learndiff1.0-learnspecw10,experiment_batch_cv_prune,FOLD-3,spectral,False,173,695996,0.3650523259134313,0.3526880005497484,0.6119825956354932,0.6177704546814865,0.0005872552473977592,0.000190286870053,0.00042435066179068165,0.000130470390889
FOLD-3-SPECTRAL-5-4-K300-reference-5-1000-faiss_atlas_weighted-50-15-randomwalk-2-1.0-0.01-0.1-1.0-level_5annot-rootdissolve-dn3-prune0.97-learndiff1.010,experiment_batch_cv_prune,FOLD-3,spectral,False,173,695996,0.34939737945194455,0.3387156721461651,0.6023340750033741,0.6072087579998917,0.0005951251748681978,0.0001917056105801,0.00043146022579503576,0.0001315048663448
FOLD-3-SPECTRAL-5-4-K300-reference-5-1000-faiss_atlas_weighted-50-15-randomwalk-2-1.0-0.01-0.1-1.0-rootdissolve-dn3-prune0.9-learndiff1.010,experiment_batch_cv_prune,FOLD-3,spectral,False,173,695996,0.36339552061369695,0.3475819627272823,0.6113528893597792,0.6201379569448603,0.0005878394827538337,0.0001903033706547,0.00042523724013973727,0.0001300306701635
FOLD-3-SPECTRAL-5-4-K300-reference-5-1000-faiss_atlas_weighted-50-15-randomwalk-2-1.0-0.01-0.1-1.0-rootdissolve-dn3-prune0.95-learndiff1.010,experiment_batch_cv_prune,FOLD-3,spectral,False,173,695996,0.3591829711624607,0.3473383945107656,0.6081382312075125,0.6107992261494419,0.000590867765428218,0.0001907661865744,0.0004277792828854949,0.0001310616229778
FOLD-3-SPECTRAL-5-4-K300-reference-5-1000-faiss_atlas_weighted-50-15-randomwalk-2-1.0-0.01-0.1-1.0-rootdissolve-dn3-prune0.97-learndiff1.010,experiment_batch_cv_prune,FOLD-3,spectral,False,173,695996,0.3588266340054643,0.3468988818528992,0.6085625922633187,0.6156993198492627,0.0005906306684807877,0.000190266131894,0.0004285944682491687,0.0001308416902382
FOLD-4-MANIFOLD-RSAMPLE-5-4-K100-reference-5-data-1000-1000-faiss_atlas_weighted-50-15-randomwalk-2-1.0-0.01-0.1-learndiff1.0-blend0.8-level_5annot-rootdissolve-dn3-prune0.910,experiment_batch_cv_prune,FOLD-4,manifold,False,173,1932849,0.35278438194911543,0.3484165945200836,0.5914263716555989,0.5991436946027131,0.0006292031932297466,0.000194641273269,0.00045780338406616365,0.0001387842871075
FOLD-4-MANIFOLD-RSAMPLE-5-4-K100-reference-5-data-1000-1000-faiss_atlas_weighted-50-15-randomwalk-2-1.0-0.01-0.1-learndiff1.0-blend0.8-level_5annot-rootdissolve-dn3-prune0.9510,experiment_batch_cv_prune,FOLD-4,manifold,False,173,1932849,0.3455972121063708,0.3370523045640909,0.5861500705293599,0.5935787573029135,0.0006325786360196425,0.0001974686528725,0.0004603115070367798,0.0001402854315632
FOLD-4-MANIFOLD-RSAMPLE-5-4-K100-reference-5-data-1000-1000-faiss_atlas_weighted-50-15-randomwalk-2-1.0-0.01-0.1-learndiff1.0-blend0.8-level_5annot-rootdissolve-dn3-prune0.9710,experiment_batch_cv_prune,FOLD-4,manifold,False,173,1932849,0.3475633863950409,0.3334836062708173,0.5882956040192798,0.5933157616827933,0.0006309288482719344,0.0001958065613648,0.00045940535656991305,0.0001397730458279
FOLD-4-MANIFOLD-RSAMPLE-5-4-K100-reference-5-data-1000-1000-faiss_atlas_weighted-50-15-randomwalk-2-1.0-0.01-0.1-learndiff1.0-blend0.8-rootdissolve-dn3-prune0.910,experiment_batch_cv_prune,FOLD-4,manifold,False,173,1932849,0.34536717587769306,0.3389875911811626,0.5857387897737623,0.5959316325164834,0.0006335237408405211,0.0001963080151542,0.00046007113383790457,0.0001399583462687
FOLD-4-MANIFOLD-RSAMPLE-5-4-K100-reference-5-data-1000-1000-faiss_atlas_weighted-50-15-randomwalk-2-1.0-0.01-0.1-learndiff1.0-blend0.8-rootdissolve-dn3-prune0.9510,experiment_batch_cv_prune,FOLD-4,manifold,False,173,1932849,0.35016536946845966,0.3428689206728634,0.5897754966197493,0.5969134102524477,0.0006317374886455005,0.0001959569768432,0.00045907409246035975,0.0001393071404752
FOLD-4-MANIFOLD-RSAMPLE-5-4-K100-reference-5-data-1000-1000-faiss_atlas_weighted-50-15-randomwalk-2-1.0-0.01-0.1-learndiff1.0-blend0.8-rootdissolve-dn3-prune0.9710,experiment_batch_cv_prune,FOLD-4,manifold,False,173,1932849,0.35402307987533793,0.3494908078742826,0.5932907697872755,0.6027996785639707,0.0006283496574414138,0.0001950080979148,0.000457248675467234,0.0001392556752007
FOLD-4-MANIFOLD-RSAMPLE-5-4-K1300-reference-5-data-1000-1000-faiss_atlas_weighted-50-15-randomwalk-2-1.0-0.01-0.1-learndiff1.0-blend0.8-rootdissolve-dn3-prune0.910,experiment_batch_cv_prune,FOLD-4,manifold,False,173,1932849,0.3197306885615007,0.307096139107097,0.5712096285499657,0.5724007849758435,0.0006448613563978714,0.0002004886680171,0.0004657571326429395,0.0001420139416723
FOLD-4-MANIFOLD-RSAMPLE-5-4-K1300-reference-5-data-1000-1000-faiss_atlas_weighted-50-15-randomwalk-2-1.0-0.01-0.1-learndiff1.0-blend0.8-rootdissolve-dn3-prune0.9510,experiment_batch_cv_prune,FOLD-4,manifold,False,173,1932849,0.328343956761169,0.3237656486211244,0.5754649964961005,0.5800604349509928,0.0006406629271715235,0.0001973408150458,0.00046412457613935774,0.0001405785053191
FOLD-4-MANIFOLD-RSAMPLE-5-4-K1300-reference-5-data-1000-1000-faiss_atlas_weighted-50-15-randomwalk-2-1.0-0.01-0.1-learndiff1.0-blend0.8-rootdissolve-dn3-prune0.9710,experiment_batch_cv_prune,FOLD-4,manifold,False,173,1932849,0.32591218005735306,0.3247029032592337,0.5743511244857709,0.5821306035276447,0.0006412213432193807,0.0001986139803458,0.00046452282958268606,0.0001410163205262
FOLD-4-MANIFOLD-RSAMPLE-5-4-K1300-reference-5-data-1000-1000-faiss_atlas_weighted-50-15-randomwalk-2-1.0-0.01-0.1-learndiff1.0-prodard2.5-blend0.8-rootdissolve-dn3-prune0.910,experiment_batch_cv_prune,FOLD-4,manifold,False,173,1932849,0.32201020128042435,0.3099426546900964,0.5743507624016628,0.5763271586242033,0.0006445134718904648,0.0002004591268263,0.0004651636832005349,0.0001416364144649
FOLD-4-MANIFOLD-RSAMPLE-5-4-K1300-reference-5-data-1000-1000-faiss_atlas_weighted-50-15-randomwalk-2-1.0-0.01-0.1-learndiff1.0-prodard2.5-blend0.8-rootdissolve-dn3-prune0.9510,experiment_batch_cv_prune,FOLD-4,manifold,False,173,1932849,0.3137886297464089,0.2984608858754382,0.5689613302357642,0.5650687647135453,0.0006476754402989722,0.000201671076304,0.00046717774275233884,0.0001424314818335
FOLD-4-MANIFOLD-RSAMPLE-5-4-K1300-reference-5-data-1000-1000-faiss_atlas_weighted-50-15-randomwalk-2-1.0-0.01-0.1-learndiff1.0-prodard2.5-blend0.8-rootdissolve-dn3-prune0.9710,experiment_batch_cv_prune,FOLD-4,manifold,False,173,1932849,0.3212195586929776,0.3078029129506293,0.5721087245308065,0.5752008249654982,0.0006437445641656117,0.0002012065720048,0.0004656480668401494,0.0001418998725274
FOLD-4-MANIFOLD-RSAMPLE-5-4-K300-reference-5-data-1000-1000-faiss_atlas_weighted-50-15-randomwalk-2-1.0-0.01-0.1-learndiff1.0-blend0.8-level_5annot-rootdissolve-dn3-prune0.910,experiment_batch_cv_prune,FOLD-4,manifold,False,173,1932849,0.3376614579375839,0.3256982824471204,0.5825361692696069,0.5901986348309668,0.0006356684585092023,0.000197810552723,0.0004611477573918566,0.0001405660516965
FOLD-4-MANIFOLD-RSAMPLE-5-4-K300-reference-5-data-1000-1000-faiss_atlas_weighted-50-15-randomwalk-2-1.0-0.01-0.1-learndiff1.0-blend0.8-level_5annot-rootdissolve-dn3-prune0.9510,experiment_batch_cv_prune,FOLD-4,manifold,False,173,1932849,0.33140907717455664,0.3200652777290653,0.5775583075872721,0.5812702451959815,0.0006392527706049298,0.0001986728625454,0.00046344406912587546,0.0001411657788889
FOLD-4-MANIFOLD-RSAMPLE-5-4-K300-reference-5-data-1000-1000-faiss_atlas_weighted-50-15-randomwalk-2-1.0-0.01-0.1-learndiff1.0-blend0.8-level_5annot-rootdissolve-dn3-prune0.9710,experiment_batch_cv_prune,FOLD-4,manifold,False,173,1932849,0.3132707893651833,0.2956424357749005,0.5674350126558423,0.5659882883145501,0.0006459822538426138,0.0002032975542303,0.0004634354518661429,0.0001415073117828
FOLD-4-MANIFOLD-RSAMPLE-5-4-K300-reference-5-data-1000-1000-faiss_atlas_weighted-50-15-randomwalk-2-1.0-0.01-0.1-learndiff1.0-blend0.8-rootdissolve-dn3-prune0.910,experiment_batch_cv_prune,FOLD-4,manifold,False,173,1932849,0.3429926523346258,0.3356973012083217,0.58477131984751,0.5919572539643994,0.0006329676678232665,0.0001966864637496,0.0004598993701078427,0.0001399454644368
FOLD-4-MANIFOLD-RSAMPLE-5-4-K300-reference-5-data-1000-1000-faiss_atlas_weighted-50-15-randomwalk-2-1.0-0.01-0.1-learndiff1.0-blend0.8-rootdissolve-dn3-prune0.9510,experiment_batch_cv_prune,FOLD-4,manifold,False,173,1932849,0.34914947541464203,0.3357710468173649,0.5894834652078628,0.5937538649116267,0.0006311890497554667,0.0001950317593466,0.0004587076636685842,0.0001394909524039
FOLD-4-MANIFOLD-RSAMPLE-5-4-K300-reference-5-data-1000-1000-faiss_atlas_weighted-50-15-randomwalk-2-1.0-0.01-0.1-learndiff1.0-blend0.8-rootdissolve-dn3-prune0.9710,experiment_batch_cv_prune,FOLD-4,manifold,False,173,1932849,0.335373812080391,0.3242610869780066,0.5790499755837999,0.5866656750051421,0.000636754150956414,0.0001979113795768,0.0004625324018093034,0.0001404226338016
FOLD-4-SPECTRAL-5-4-K100-reference-5-1000-faiss_atlas_weighted-50-15-randomwalk-2-1.0-0.01-0.1-1.0-level_5annot-rootdissolve-dn3-prune0.9-learndiff1.010,experiment_batch_cv_prune,FOLD-4,spectral,False,173,1932849,0.35473265795035214,0.347636421164514,0.592921946723507,0.5993373538421034,0.0006294696124337807,0.0001952706391657,0.00045778610026820136,0.0001388298730824
FOLD-4-SPECTRAL-5-4-K100-reference-5-1000-faiss_atlas_weighted-50-15-randomwalk-2-1.0-0.01-0.1-1.0-level_5annot-rootdissolve-dn3-prune0.95-learndiff1.010,experiment_batch_cv_prune,FOLD-4,spectral,False,173,1932849,0.3595595572905434,0.3484028803260552,0.5971291981230402,0.6037497704466879,0.0006267930436722443,0.0001938265575215,0.0004563256796065915,0.0001381417544866
FOLD-4-SPECTRAL-5-4-K100-reference-5-1000-faiss_atlas_weighted-50-15-randomwalk-2-1.0-0.01-0.1-1.0-level_5annot-rootdissolve-dn3-prune0.97-learndiff1.0-learnspecw10,experiment_batch_cv_prune,FOLD-4,spectral,False,173,1932849,0.3515347530559266,0.3417316397099302,0.5925702148585276,0.5986559352919426,0.0006297957765550728,0.0001959812771154,0.0004576299680723852,0.0001389408527184
FOLD-4-SPECTRAL-5-4-K100-reference-5-1000-faiss_atlas_weighted-50-15-randomwalk-2-1.0-0.01-0.1-1.0-level_5annot-rootdissolve-dn3-prune0.97-learndiff1.010,experiment_batch_cv_prune,FOLD-4,spectral,False,173,1932849,0.3524893822821796,0.3436683592954198,0.5911691226183812,0.5983454892675699,0.0006299100791578837,0.000195574213678,0.0004587391779144213,0.0001386706714937
FOLD-4-SPECTRAL-5-4-K100-reference-5-1000-faiss_atlas_weighted-50-15-randomwalk-2-1.0-0.01-0.1-1.0-rootdissolve-dn3-prune0.9-learndiff1.010,experiment_batch_cv_prune,FOLD-4,spectral,False,173,1932849,0.35303358126982226,0.3410880422096,0.5925242301980117,0.5998556879542926,0.000629553064728844,0.000194615797482,0.0004576388573135523,0.0001386669676266
FOLD-4-SPECTRAL-5-4-K100-reference-5-1000-faiss_atlas_weighted-50-15-randomwalk-2-1.0-0.01-0.1-1.0-rootdissolve-dn3-prune0.95-learndiff1.010,experiment_batch_cv_prune,FOLD-4,spectral,False,173,1932849,0.3554111530947737,0.3444737613641028,0.5929333417834843,0.6001424501659416,0.0006291028206021667,0.0001952478687042,0.00045819319826803716,0.0001390861302849
FOLD-4-SPECTRAL-5-4-K100-reference-5-1000-faiss_atlas_weighted-50-15-randomwalk-2-1.0-0.01-0.1-1.0-rootdissolve-dn3-prune0.97-learndiff1.010,experiment_batch_cv_prune,FOLD-4,spectral,False,173,1932849,0.35037515738077274,0.3403572247024866,0.5903889249765666,0.596263718762878,0.0006317677465317162,0.000195831144079,0.0004590610516239963,0.0001390819493407
FOLD-4-SPECTRAL-5-4-K1300-reference-5-1000-faiss_atlas_weighted-50-15-randomwalk-2-1.0-0.01-0.1-1.0-level_5annot-rootdissolve-dn3-prune0.9-learndiff1.010,experiment_batch_cv_prune,FOLD-4,spectral,False,173,1932849,0.3463407308349451,0.3342666438806116,0.5892941090236687,0.5954493204850214,0.0006337205433927075,0.0001968144616434,0.00046035603808281585,0.0001391094201791
FOLD-4-SPECTRAL-5-4-K1300-reference-5-1000-faiss_atlas_weighted-50-15-randomwalk-2-1.0-0.01-0.1-1.0-level_5annot-rootdissolve-dn3-prune0.95-learndiff1.010,experiment_batch_cv_prune,FOLD-4,spectral,False,173,1932849,0.3439787967286105,0.3339452959057665,0.5877222389436748,0.5914584746637372,0.0006342636491684027,0.000197531746508,0.00045992377985622104,0.0001394972556694
FOLD-4-SPECTRAL-5-4-K1300-reference-5-1000-faiss_atlas_weighted-50-15-randomwalk-2-1.0-0.01-0.1-1.0-level_5annot-rootdissolve-dn3-prune0.97-learndiff1.0-learnspecw10,experiment_batch_cv_prune,FOLD-4,spectral,False,173,1932849,0.3391474323899605,0.3295694100073782,0.5854627127896737,0.5900734335614004,0.0006361973154228358,0.0001983883381865,0.00046111479706336197,0.0001402929410616
FOLD-4-SPECTRAL-5-4-K1300-reference-5-1000-faiss_atlas_weighted-50-15-randomwalk-2-1.0-0.01-0.1-1.0-level_5annot-rootdissolve-dn3-prune0.97-learndiff1.010,experiment_batch_cv_prune,FOLD-4,spectral,False,173,1932849,0.34343304874926517,0.3340373197893714,0.5867253970115773,0.5955802830099505,0.0006339622017018291,0.0001973230130396,0.0004594922544756128,0.0001395364695224
FOLD-4-SPECTRAL-5-4-K300-reference-5-1000-faiss_atlas_weighted-50-15-randomwalk-2-1.0-0.01-0.1-1.0-level_5annot-rootdissolve-dn3-prune0.9-learndiff1.010,experiment_batch_cv_prune,FOLD-4,spectral,False,173,1932849,0.3446368309862823,0.3306591955736234,0.588952639659778,0.5961763391099675,0.0006331142692560731,0.0001975198765272,0.00045951545433077094,0.000139381979865
FOLD-4-SPECTRAL-5-4-K300-reference-5-1000-faiss_atlas_weighted-50-15-randomwalk-2-1.0-0.01-0.1-1.0-level_5annot-rootdissolve-dn3-prune0.95-learndiff1.010,experiment_batch_cv_prune,FOLD-4,spectral,False,173,1932849,0.35092587604422937,0.34002795775573,0.5927311472633331,0.6001446010200588,0.0006303720806900283,0.0001958114999616,0.0004571420945758579,0.0001383168811351
FOLD-4-SPECTRAL-5-4-K300-reference-5-1000-faiss_atlas_weighted-50-15-randomwalk-2-1.0-0.01-0.1-1.0-level_5annot-rootdissolve-dn3-prune0.97-learndiff1.0-learnspecw10,experiment_batch_cv_prune,FOLD-4,spectral,False,173,1932849,0.35853186016344735,0.3448941060411215,0.5965008021779454,0.6035409434672057,0.0006274701883538217,0.0001942321507351,0.0004569185262224126,0.0001384146923237
FOLD-4-SPECTRAL-5-4-K300-reference-5-1000-faiss_atlas_weighted-50-15-randomwalk-2-1.0-0.01-0.1-1.0-level_5annot-rootdissolve-dn3-prune0.97-learndiff1.010,experiment_batch_cv_prune,FOLD-4,spectral,False,173,1932849,0.3517484395467468,0.3441637762041393,0.5919194423584595,0.5973552934769446,0.0006302346999674191,0.0001956056013389,0.0004589208456531183,0.0001391753681582
FOLD-4-SPECTRAL-5-4-K300-reference-5-1000-faiss_atlas_weighted-50-15-randomwalk-2-1.0-0.01-0.1-1.0-rootdissolve-dn3-prune0.9-learndiff1.010,experiment_batch_cv_prune,FOLD-4,spectral,False,173,1932849,0.34720642991628764,0.3341172200588862,0.5879672940333994,0.5921735835576692,0.0006328012106203894,0.0001966263378116,0.00045958667244721217,0.0001394538452148
FOLD-4-SPECTRAL-5-4-K300-reference-5-1000-faiss_atlas_weighted-50-15-randomwalk-2-1.0-0.01-0.1-1.0-rootdissolve-dn3-prune0.95-learndiff1.010,experiment_batch_cv_prune,FOLD-4,spectral,False,173,1932849,0.3446587355069776,0.333698513516757,0.5873959522271697,0.5924480690642426,0.0006342233959062244,0.0001973142663528,0.0004614846706722744,0.0001398454628974
FOLD-4-SPECTRAL-5-4-K300-reference-5-1000-faiss_atlas_weighted-50-15-randomwalk-2-1.0-0.01-0.1-1.0-rootdissolve-dn3-prune0.97-learndiff1.010,experiment_batch_cv_prune,FOLD-4,spectral,False,173,1932849,0.34691173328666025,0.3363315626711683,0.5889262234229848,0.5939598427601598,0.0006326340945630998,0.0001965841252799,0.0004605108470979801,0.0001398066906064
FOLD-5-MANIFOLD-RSAMPLE-5-4-K100-reference-5-data-1000-1000-faiss_atlas_weighted-50-15-randomwalk-2-1.0-0.01-0.1-learndiff1.0-blend0.8-level_5annot-rootdissolve-dn3-prune0.910,experiment_batch_cv_prune,FOLD-5,manifold,False,173,1726060,0.26414566155017044,0.2400159692352405,0.5397518232238763,0.5321239406353807,0.0006580591894745348,0.0001988457501281,0.00047933941300162933,0.000152735804173
FOLD-5-MANIFOLD-RSAMPLE-5-4-K100-reference-5-data-1000-1000-faiss_atlas_weighted-50-15-randomwalk-2-1.0-0.01-0.1-learndiff1.0-blend0.8-level_5annot-rootdissolve-dn3-prune0.9510,experiment_batch_cv_prune,FOLD-5,manifold,False,173,1726060,0.30600453918043186,0.2834651439497337,0.5632642160371449,0.5645871277054296,0.0006435061878263236,0.0001981660704232,0.000475080839079757,0.0001519104046798
FOLD-5-MANIFOLD-RSAMPLE-5-4-K100-reference-5-data-1000-1000-faiss_atlas_weighted-50-15-randomwalk-2-1.0-0.01-0.1-learndiff1.0-blend0.8-level_5annot-rootdissolve-dn3-prune0.9710,experiment_batch_cv_prune,FOLD-5,manifold,False,173,1726060,0.29341508151605905,0.2695662522592998,0.5527446764349768,0.5486725605155809,0.000643473246431249,0.0001957531037407,0.00047467254219229186,0.0001532380388267
FOLD-5-MANIFOLD-RSAMPLE-5-4-K100-reference-5-data-1000-1000-faiss_atlas_weighted-50-15-randomwalk-2-1.0-0.01-0.1-learndiff1.0-blend0.8-rootdissolve-dn3-prune0.910,experiment_batch_cv_prune,FOLD-5,manifold,False,173,1726060,0.29285253487862434,0.2753230405071941,0.5543375325362999,0.5503501964438257,0.0006469162291818369,0.000198397991932,0.0004778448336671293,0.0001537988731283
FOLD-5-MANIFOLD-RSAMPLE-5-4-K100-reference-5-data-1000-1000-faiss_atlas_weighted-50-15-randomwalk-2-1.0-0.01-0.1-learndiff1.0-blend0.8-rootdissolve-dn3-prune0.9510,experiment_batch_cv_prune,FOLD-5,manifold,False,173,1726060,0.29851916596133177,0.2785164063482809,0.5604599425794821,0.5584813584248891,0.0006441944298450404,0.0001990930425606,0.0004755962064195429,0.0001526578132958
FOLD-5-MANIFOLD-RSAMPLE-5-4-K100-reference-5-data-1000-1000-faiss_atlas_weighted-50-15-randomwalk-2-1.0-0.01-0.1-learndiff1.0-blend0.8-rootdissolve-dn3-prune0.9710,experiment_batch_cv_prune,FOLD-5,manifold,False,173,1726060,0.29584781409692573,0.2770914766868043,0.5578147409065326,0.5594913062487796,0.0006475891058505714,0.0001995079230898,0.00047765907711875026,0.0001528358350326
FOLD-5-MANIFOLD-RSAMPLE-5-4-K1300-reference-5-data-1000-1000-faiss_atlas_weighted-50-15-randomwalk-2-1.0-0.01-0.1-learndiff1.0-blend0.8-rootdissolve-dn3-prune0.910,experiment_batch_cv_prune,FOLD-5,manifold,False,173,1726060,0.25296892461055875,0.2323090686075116,0.5317152111557847,0.5277190781956445,0.0006637411666000096,0.0002014852419997,0.0004819776120646445,0.0001559973346456
FOLD-5-MANIFOLD-RSAMPLE-5-4-K1300-reference-5-data-1000-1000-faiss_atlas_weighted-50-15-randomwalk-2-1.0-0.01-0.1-learndiff1.0-blend0.8-rootdissolve-dn3-prune0.9510,experiment_batch_cv_prune,FOLD-5,manifold,False,173,1726060,0.20190714986182595,0.1972231455151885,0.5109623231201356,0.5029012977454421,0.0006854648786194972,0.0002176244958232,0.0004855161808829243,0.0001554158900199
FOLD-5-MANIFOLD-RSAMPLE-5-4-K1300-reference-5-data-1000-1000-faiss_atlas_weighted-50-15-randomwalk-2-1.0-0.01-0.1-learndiff1.0-blend0.8-rootdissolve-dn3-prune0.9710,experiment_batch_cv_prune,FOLD-5,manifold,False,173,1726060,0.2885448665800152,0.2662211136389604,0.5479016354312082,0.5482589514149523,0.0006469989882933254,0.0001997464955356,0.00047694743762996186,0.0001537030148332
FOLD-5-MANIFOLD-RSAMPLE-5-4-K1300-reference-5-data-1000-1000-faiss_atlas_weighted-50-15-randomwalk-2-1.0-0.01-0.1-learndiff1.0-prodard2.5-blend0.8-rootdissolve-dn3-prune0.910,experiment_batch_cv_prune,FOLD-5,manifold,False,173,1726060,0.23158120034017882,0.2139320388381612,0.5226344093885055,0.5140859225383917,0.0006749367710211383,0.0002046251133155,0.00048620465465764955,0.0001538206327398
FOLD-5-MANIFOLD-RSAMPLE-5-4-K1300-reference-5-data-1000-1000-faiss_atlas_weighted-50-15-randomwalk-2-1.0-0.01-0.1-learndiff1.0-prodard2.5-blend0.8-rootdissolve-dn3-prune0.9510,experiment_batch_cv_prune,FOLD-5,manifold,False,173,1726060,0.27367838248273174,0.2576452473074454,0.5411408486529168,0.541369248294687,0.0006533552375167055,0.0002057130764139,0.0004810575827563292,0.0001537000438231
FOLD-5-MANIFOLD-RSAMPLE-5-4-K1300-reference-5-data-1000-1000-faiss_atlas_weighted-50-15-randomwalk-2-1.0-0.01-0.1-learndiff1.0-prodard2.5-blend0.8-rootdissolve-dn3-prune0.9710,experiment_batch_cv_prune,FOLD-5,manifold,False,173,1726060,0.24745406997089955,0.224726209185382,0.5303503175465262,0.5158175027830781,0.0006665301479844984,0.0002019583007718,0.00048149258946202306,0.0001550716078106
FOLD-5-MANIFOLD-RSAMPLE-5-4-K300-reference-5-data-1000-1000-faiss_atlas_weighted-50-15-randomwalk-2-1.0-0.01-0.1-learndiff1.0-blend0.8-level_5annot-rootdissolve-dn3-prune0.910,experiment_batch_cv_prune,FOLD-5,manifold,False,173,1726060,0.30389615895826594,0.2848013564850976,0.5595804861393784,0.5611879310883788,0.0006423708871708069,0.0001968064365271,0.00047421368748002486,0.0001521694692788
FOLD-5-MANIFOLD-RSAMPLE-5-4-K300-reference-5-data-1000-1000-faiss_atlas_weighted-50-15-randomwalk-2-1.0-0.01-0.1-learndiff1.0-blend0.8-level_5annot-rootdissolve-dn3-prune0.9510,experiment_batch_cv_prune,FOLD-5,manifold,False,173,1726060,0.30578955671336105,0.286388301635375,0.5618876136755636,0.564048668133149,0.0006433642647073946,0.0001967027390626,0.0004734655536412193,0.000152404558149
FOLD-5-MANIFOLD-RSAMPLE-5-4-K300-reference-5-data-1000-1000-faiss_atlas_weighted-50-15-randomwalk-2-1.0-0.01-0.1-learndiff1.0-blend0.8-level_5annot-rootdissolve-dn3-prune0.9710,experiment_batch_cv_prune,FOLD-5,manifold,False,173,1726060,0.30817567570029947,0.284331349603835,0.5617316011227781,0.5597890646865665,0.000643296513163826,0.0001961059472691,0.000474599175588245,0.0001518192145173
FOLD-5-MANIFOLD-RSAMPLE-5-4-K300-reference-5-data-1000-1000-faiss_atlas_weighted-50-15-randomwalk-2-1.0-0.01-0.1-learndiff1.0-blend0.8-rootdissolve-dn3-prune0.910,experiment_batch_cv_prune,FOLD-5,manifold,False,173,1726060,0.31699690622190924,0.2968117668821622,0.5698291633788111,0.5706658315210372,0.0006374361046976083,0.0001951366881317,0.00047169218861115665,0.0001523779923344
FOLD-5-MANIFOLD-RSAMPLE-5-4-K300-reference-5-data-1000-1000-faiss_atlas_weighted-50-15-randomwalk-2-1.0-0.01-0.1-learndiff1.0-blend0.8-rootdissolve-dn3-prune0.9510,experiment_batch_cv_prune,FOLD-5,manifold,False,173,1726060,0.3124303541102224,0.2937440425375529,0.564335202368028,0.5656991061907679,0.0006391574122985844,0.0001953030342952,0.00047257941316780394,0.0001513212162468
FOLD-5-MANIFOLD-RSAMPLE-5-4-K300-reference-5-data-1000-1000-faiss_atlas_weighted-50-15-randomwalk-2-1.0-0.01-0.1-learndiff1.0-blend0.8-rootdissolve-dn3-prune0.9710,experiment_batch_cv_prune,FOLD-5,manifold,False,173,1726060,0.29172636333705393,0.278236299513914,0.5548680514717347,0.5576068732830622,0.0006473516235135869,0.0002023126066637,0.0004765378253960035,0.0001523127964313
FOLD-5-SPECTRAL-5-4-K100-reference-5-1000-faiss_atlas_weighted-50-15-randomwalk-2-1.0-0.01-0.1-1.0-level_5annot-rootdissolve-dn3-prune0.9-learndiff1.010,experiment_batch_cv_prune,FOLD-5,spectral,False,173,1726060,0.2882056741897999,0.2714952511483871,0.5549735710125098,0.560655764902487,0.0006535265008040392,0.0002023424149587,0.00048077710772885426,0.0001529586431537
FOLD-5-SPECTRAL-5-4-K100-reference-5-1000-faiss_atlas_weighted-50-15-randomwalk-2-1.0-0.01-0.1-1.0-level_5annot-rootdissolve-dn3-prune0.95-learndiff1.010,experiment_batch_cv_prune,FOLD-5,spectral,False,173,1726060,0.2941305071355197,0.2766249118173832,0.5576924547937884,0.5631184551309735,0.0006489291418922924,0.0002001212429769,0.0004794069141739394,0.0001520689871848
FOLD-5-SPECTRAL-5-4-K100-reference-5-1000-faiss_atlas_weighted-50-15-randomwalk-2-1.0-0.01-0.1-1.0-level_5annot-rootdissolve-dn3-prune0.97-learndiff1.0-learnspecw10,experiment_batch_cv_prune,FOLD-5,spectral,False,173,1726060,0.28207084148173533,0.2667745700180415,0.5522936861896964,0.548341514330268,0.0006536467304625957,0.0002052063931207,0.0004827753987018461,0.0001527033199737
FOLD-5-SPECTRAL-5-4-K100-reference-5-1000-faiss_atlas_weighted-50-15-randomwalk-2-1.0-0.01-0.1-1.0-level_5annot-rootdissolve-dn3-prune0.97-learndiff1.010,experiment_batch_cv_prune,FOLD-5,spectral,False,173,1726060,0.287552221619092,0.2664189016170104,0.554002912049444,0.5553486291546117,0.0006484293698918365,0.0002031342244782,0.00048004209778405854,0.0001537166305345
FOLD-5-SPECTRAL-5-4-K100-reference-5-1000-faiss_atlas_weighted-50-15-randomwalk-2-1.0-0.01-0.1-1.0-rootdissolve-dn3-prune0.9-learndiff1.010,experiment_batch_cv_prune,FOLD-5,spectral,False,173,1726060,0.3005847345746046,0.278560879245472,0.559898139643978,0.5617368432414767,0.0006446422325476044,0.0001994819878616,0.00047854856824641214,0.0001517490196662
FOLD-5-SPECTRAL-5-4-K100-reference-5-1000-faiss_atlas_weighted-50-15-randomwalk-2-1.0-0.01-0.1-1.0-rootdissolve-dn3-prune0.95-learndiff1.010,experiment_batch_cv_prune,FOLD-5,spectral,False,173,1726060,0.30269775006022687,0.2832358650781013,0.5630164612235046,0.5628132562775299,0.000643655620911311,0.0001988911817151,0.0004761750000814785,0.0001521281411989
FOLD-5-SPECTRAL-5-4-K100-reference-5-1000-faiss_atlas_weighted-50-15-randomwalk-2-1.0-0.01-0.1-1.0-rootdissolve-dn3-prune0.97-learndiff1.010,experiment_batch_cv_prune,FOLD-5,spectral,False,173,1726060,0.28330616294782807,0.264038473659283,0.5498101763047757,0.5545038190212737,0.0006523265984575355,0.0002022858339252,0.0004839572757050325,0.0001539272316064
FOLD-5-SPECTRAL-5-4-K1300-reference-5-1000-faiss_atlas_weighted-50-15-randomwalk-2-1.0-0.01-0.1-1.0-level_5annot-rootdissolve-dn3-prune0.9-learndiff1.010,experiment_batch_cv_prune,FOLD-5,spectral,False,173,1726060,0.2711514600187784,0.2556346969108644,0.5460029849775949,0.5417820881514057,0.0006547717117019637,0.0002089018429193,0.00048146542047869167,0.0001540720310364
FOLD-5-SPECTRAL-5-4-K1300-reference-5-1000-faiss_atlas_weighted-50-15-randomwalk-2-1.0-0.01-0.1-1.0-level_5annot-rootdissolve-dn3-prune0.95-learndiff1.010,experiment_batch_cv_prune,FOLD-5,spectral,False,173,1726060,0.2731390049993894,0.2562420233061527,0.5457254268892514,0.5431614271593563,0.0006551514607016325,0.0002093900630435,0.0004837199030562054,0.0001540284489433
FOLD-5-SPECTRAL-5-4-K1300-reference-5-1000-faiss_atlas_weighted-50-15-randomwalk-2-1.0-0.01-0.1-1.0-level_5annot-rootdissolve-dn3-prune0.97-learndiff1.0-learnspecw10,experiment_batch_cv_prune,FOLD-5,spectral,False,173,1726060,0.2948479707377328,0.2750217511242396,0.5558987417068268,0.5533892870409228,0.0006458073493692446,0.0002006605969149,0.00047761571491737733,0.0001537191578804
FOLD-5-SPECTRAL-5-4-K1300-reference-5-1000-faiss_atlas_weighted-50-15-randomwalk-2-1.0-0.01-0.1-1.0-level_5annot-rootdissolve-dn3-prune0.97-learndiff1.010,experiment_batch_cv_prune,FOLD-5,spectral,False,173,1726060,0.2689675390310508,0.251602409162192,0.542806255627252,0.5478793183587672,0.0006587714715590132,0.000205793003683,0.0004862667405704745,0.0001541753836246
FOLD-5-SPECTRAL-5-4-K300-reference-5-1000-faiss_atlas_weighted-50-15-randomwalk-2-1.0-0.01-0.1-1.0-level_5annot-rootdissolve-dn3-prune0.9-learndiff1.010,experiment_batch_cv_prune,FOLD-5,spectral,False,173,1726060,0.29200412272260473,0.2761420046816006,0.5559433124786515,0.5505079535168045,0.0006507873133277101,0.0002004283736897,0.00048237923229761534,0.0001529894781539
FOLD-5-SPECTRAL-5-4-K300-reference-5-1000-faiss_atlas_weighted-50-15-randomwalk-2-1.0-0.01-0.1-1.0-level_5annot-rootdissolve-dn3-prune0.95-learndiff1.010,experiment_batch_cv_prune,FOLD-5,spectral,False,173,1726060,0.28460765693429796,0.2652805664432441,0.5500027504084648,0.5492228171133209,0.0006531437647291466,0.0002024756160673,0.00048320753870250885,0.0001530425587453
FOLD-5-SPECTRAL-5-4-K300-reference-5-1000-faiss_atlas_weighted-50-15-randomwalk-2-1.0-0.01-0.1-1.0-level_5annot-rootdissolve-dn3-prune0.97-learndiff1.0-learnspecw10,experiment_batch_cv_prune,FOLD-5,spectral,False,173,1726060,0.30047763354710166,0.2824622961975939,0.5612127441805034,0.5613458799160833,0.0006466165332488157,0.0001981167181105,0.0004790412899647122,0.0001528555885209
FOLD-5-SPECTRAL-5-4-K300-reference-5-1000-faiss_atlas_weighted-50-15-randomwalk-2-1.0-0.01-0.1-1.0-level_5annot-rootdissolve-dn3-prune0.97-learndiff1.010,experiment_batch_cv_prune,FOLD-5,spectral,False,173,1726060,0.2859352873102406,0.2668414609696325,0.5519872461767213,0.5521610954940361,0.0006525360413554801,0.0002025767554745,0.0004830615669421255,0.0001541278354415
FOLD-5-SPECTRAL-5-4-K300-reference-5-1000-faiss_atlas_weighted-50-15-randomwalk-2-1.0-0.01-0.1-1.0-rootdissolve-dn3-prune0.9-learndiff1.010,experiment_batch_cv_prune,FOLD-5,spectral,False,173,1726060,0.29594859999983814,0.2741743324378263,0.5604954169212294,0.5620232068585665,0.0006482388978335485,0.0002000186747767,0.0004783418128587981,0.0001533682418203
FOLD-5-SPECTRAL-5-4-K300-reference-5-1000-faiss_atlas_weighted-50-15-randomwalk-2-1.0-0.01-0.1-1.0-rootdissolve-dn3-prune0.95-learndiff1.010,experiment_batch_cv_prune,FOLD-5,spectral,False,173,1726060,0.2838421556663103,0.2625754946785,0.5524849996550769,0.5496421623907459,0.0006511291445429455,0.0002030720594466,0.0004819199993173422,0.0001534095637264
FOLD-5-SPECTRAL-5-4-K300-reference-5-1000-faiss_atlas_weighted-50-15-randomwalk-2-1.0-0.01-0.1-1.0-rootdissolve-dn3-prune0.97-learndiff1.010,experiment_batch_cv_prune,FOLD-5,spectral,False,173,1726060,0.2903836159159211,0.2742892970356811,0.5521114512379892,0.5573227217208585,0.0006487092346818958,0.000200777264639,0.00048112699742283493,0.0001538539198991
FOLD-6-MANIFOLD-RSAMPLE-5-4-K100-reference-5-data-1000-1000-faiss_atlas_weighted-50-15-randomwalk-2-1.0-0.01-0.1-learndiff1.0-blend0.8-level_5annot-rootdissolve-dn3-prune0.910,experiment_batch_cv_prune,FOLD-6,manifold,False,173,436178,0.40217554176726744,0.4040503900532723,0.6285907671864274,0.6433544230260412,0.0005744203826039115,0.0001805055744699,0.0004191196198521618,0.0001271821641076
FOLD-6-MANIFOLD-RSAMPLE-5-4-K100-reference-5-data-1000-1000-faiss_atlas_weighted-50-15-randomwalk-2-1.0-0.01-0.1-learndiff1.0-blend0.8-level_5annot-rootdissolve-dn3-prune0.9510,experiment_batch_cv_prune,FOLD-6,manifold,False,173,436178,0.4020259468411773,0.3985024205588103,0.628088062694284,0.6397955935502617,0.0005744980407529868,0.0001794589750633,0.000419665164825585,0.0001266307281381
FOLD-6-MANIFOLD-RSAMPLE-5-4-K100-reference-5-data-1000-1000-faiss_atlas_weighted-50-15-randomwalk-2-1.0-0.01-0.1-learndiff1.0-blend0.8-level_5annot-rootdissolve-dn3-prune0.9710,experiment_batch_cv_prune,FOLD-6,manifold,False,173,436178,0.4090708047902354,0.4076153012046222,0.6330263141926131,0.6440245909312502,0.0005716956004287383,0.0001789513285752,0.0004174426903321266,0.000126375796804
FOLD-6-MANIFOLD-RSAMPLE-5-4-K100-reference-5-data-1000-1000-faiss_atlas_weighted-50-15-randomwalk-2-1.0-0.01-0.1-learndiff1.0-blend0.8-rootdissolve-dn3-prune0.910,experiment_batch_cv_prune,FOLD-6,manifold,False,173,436178,0.40529217472413537,0.4065857650732921,0.6314141028243073,0.6457471512438941,0.0005732906351089696,0.0001797350082731,0.0004184638336474131,0.0001268703262243
FOLD-6-MANIFOLD-RSAMPLE-5-4-K100-reference-5-data-1000-1000-faiss_atlas_weighted-50-15-randomwalk-2-1.0-0.01-0.1-learndiff1.0-blend0.8-rootdissolve-dn3-prune0.9510,experiment_batch_cv_prune,FOLD-6,manifold,False,173,436178,0.40426875773684234,0.4077868590912481,0.6297141408763033,0.6420434240828157,0.0005730513115598791,0.0001805789686679,0.0004199022105891408,0.0001272952258202
FOLD-6-MANIFOLD-RSAMPLE-5-4-K100-reference-5-data-1000-1000-faiss_atlas_weighted-50-15-randomwalk-2-1.0-0.01-0.1-learndiff1.0-blend0.8-rootdissolve-dn3-prune0.9710,experiment_batch_cv_prune,FOLD-6,manifold,False,173,436178,0.40012499370131854,0.4007796506092785,0.6268596427296854,0.638493513997131,0.0005752849860478821,0.0001819116614439,0.00042052556045153196,0.0001280169748199
FOLD-6-MANIFOLD-RSAMPLE-5-4-K1300-reference-5-data-1000-1000-faiss_atlas_weighted-50-15-randomwalk-2-1.0-0.01-0.1-learndiff1.0-blend0.8-rootdissolve-dn3-prune0.910,experiment_batch_cv_prune,FOLD-6,manifold,False,173,436178,0.3943439716044255,0.4000169598284941,0.6235186754823793,0.63679817796018,0.0005778514059501572,0.0001822463596592,0.00042115410086214413,0.0001280352849494
FOLD-6-MANIFOLD-RSAMPLE-5-4-K1300-reference-5-data-1000-1000-faiss_atlas_weighted-50-15-randomwalk-2-1.0-0.01-0.1-learndiff1.0-blend0.8-rootdissolve-dn3-prune0.9510,experiment_batch_cv_prune,FOLD-6,manifold,False,173,436178,0.3896493388806027,0.3963509333542035,0.6241990133449257,0.6408973238650822,0.0005794076736519588,0.0001831819022792,0.00042152529946634155,0.0001281719298897
FOLD-6-MANIFOLD-RSAMPLE-5-4-K1300-reference-5-data-1000-1000-faiss_atlas_weighted-50-15-randomwalk-2-1.0-0.01-0.1-learndiff1.0-blend0.8-rootdissolve-dn3-prune0.9710,experiment_batch_cv_prune,FOLD-6,manifold,False,173,436178,0.38428899824609386,0.3844396390465859,0.6185756933656021,0.6337982047741241,0.0005822205658745809,0.0001851139456557,0.0004236292502466525,0.0001288355602846
FOLD-6-MANIFOLD-RSAMPLE-5-4-K1300-reference-5-data-1000-1000-faiss_atlas_weighted-50-15-randomwalk-2-1.0-0.01-0.1-learndiff1.0-prodard2.5-blend0.8-rootdissolve-dn3-prune0.910,experiment_batch_cv_prune,FOLD-6,manifold,False,173,436178,0.39986660412073566,0.4114749542657093,0.6290895130799856,0.6441385463391445,0.0005750713857612466,0.0001817270586503,0.0004191421577198777,0.0001270111695954
FOLD-6-MANIFOLD-RSAMPLE-5-4-K1300-reference-5-data-1000-1000-faiss_atlas_weighted-50-15-randomwalk-2-1.0-0.01-0.1-learndiff1.0-prodard2.5-blend0.8-rootdissolve-dn3-prune0.9510,experiment_batch_cv_prune,FOLD-6,manifold,False,173,436178,0.3918761335763766,0.3979328642107944,0.6236467748328675,0.6382521547454693,0.0005789453116305105,0.0001828496027229,0.00042092334514675316,0.0001272945508085
FOLD-6-MANIFOLD-RSAMPLE-5-4-K1300-reference-5-data-1000-1000-faiss_atlas_weighted-50-15-randomwalk-2-1.0-0.01-0.1-learndiff1.0-prodard2.5-blend0.8-rootdissolve-dn3-prune0.9710,experiment_batch_cv_prune,FOLD-6,manifold,False,173,436178,0.39309132411681813,0.4011007978116846,0.6249090741901465,0.6379994414539314,0.000578175259792659,0.0001824040780779,0.00042021230525128995,0.000127205539352
FOLD-6-MANIFOLD-RSAMPLE-5-4-K300-reference-5-data-1000-1000-faiss_atlas_weighted-50-15-randomwalk-2-1.0-0.01-0.1-learndiff1.0-blend0.8-level_5annot-rootdissolve-dn3-prune0.910,experiment_batch_cv_prune,FOLD-6,manifold,False,173,436178,0.405335234792827,0.4130167929634566,0.6319265036659419,0.646413059142959,0.0005724496132504492,0.0001798400223137,0.0004172507732725173,0.0001263762779235
FOLD-6-MANIFOLD-RSAMPLE-5-4-K300-reference-5-data-1000-1000-faiss_atlas_weighted-50-15-randomwalk-2-1.0-0.01-0.1-learndiff1.0-blend0.8-level_5annot-rootdissolve-dn3-prune0.9510,experiment_batch_cv_prune,FOLD-6,manifold,False,173,436178,0.4016689700347291,0.4078114013178149,0.6278337443801437,0.6416537760242466,0.0005742503364118653,0.000181800858511,0.00041873065123081073,0.0001269291986361
FOLD-6-MANIFOLD-RSAMPLE-5-4-K300-reference-5-data-1000-1000-faiss_atlas_weighted-50-15-randomwalk-2-1.0-0.01-0.1-learndiff1.0-blend0.8-level_5annot-rootdissolve-dn3-prune0.9710,experiment_batch_cv_prune,FOLD-6,manifold,False,173,436178,0.3990995945475196,0.4012231869387116,0.6272841211349647,0.6427829517628871,0.0005757840382726734,0.0001814888110967,0.00042079842732226764,0.0001271739414402
FOLD-6-MANIFOLD-RSAMPLE-5-4-K300-reference-5-data-1000-1000-faiss_atlas_weighted-50-15-randomwalk-2-1.0-0.01-0.1-learndiff1.0-blend0.8-rootdissolve-dn3-prune0.910,experiment_batch_cv_prune,FOLD-6,manifold,False,173,436178,0.40135339360302486,0.4100646607516163,0.6280267053517387,0.6427627673272807,0.0005748558995776999,0.0001801497802422,0.0004201705039507411,0.0001274459618797
FOLD-6-MANIFOLD-RSAMPLE-5-4-K300-reference-5-data-1000-1000-faiss_atlas_weighted-50-15-randomwalk-2-1.0-0.01-0.1-learndiff1.0-blend0.8-rootdissolve-dn3-prune0.9510,experiment_batch_cv_prune,FOLD-6,manifold,False,173,436178,0.40353448619528653,0.4016123606959766,0.6295725501567042,0.6413040738509531,0.0005741144069099416,0.0001792335540226,0.00041908082256836656,0.0001267534928068
FOLD-6-MANIFOLD-RSAMPLE-5-4-K300-reference-5-data-1000-1000-faiss_atlas_weighted-50-15-randomwalk-2-1.0-0.01-0.1-learndiff1.0-blend0.8-rootdissolve-dn3-prune0.9710,experiment_batch_cv_prune,FOLD-6,manifold,False,173,436178,0.40065219788320644,0.4018640585372988,0.6293607600120525,0.6405826741771024,0.0005756666494099409,0.0001796039958819,0.0004202673160701362,0.0001267530191511
FOLD-6-SPECTRAL-5-4-K100-reference-5-1000-faiss_atlas_weighted-50-15-randomwalk-2-1.0-0.01-0.1-1.0-level_5annot-rootdissolve-dn3-prune0.9-learndiff1.010,experiment_batch_cv_prune,FOLD-6,spectral,False,173,436178,0.40268262277715383,0.400005631939192,0.6289323421585138,0.6425853895323307,0.0005747048069717859,0.0001793351617465,0.0004197977649520908,0.0001264639462222
FOLD-6-SPECTRAL-5-4-K100-reference-5-1000-faiss_atlas_weighted-50-15-randomwalk-2-1.0-0.01-0.1-1.0-level_5annot-rootdissolve-dn3-prune0.95-learndiff1.010,experiment_batch_cv_prune,FOLD-6,spectral,False,173,436178,0.4087099906363482,0.4041018909715865,0.6331985395581434,0.6479815101542118,0.0005713383854592763,0.0001782438637053,0.0004183499125992262,0.0001259643336476
FOLD-6-SPECTRAL-5-4-K100-reference-5-1000-faiss_atlas_weighted-50-15-randomwalk-2-1.0-0.01-0.1-1.0-level_5annot-rootdissolve-dn3-prune0.97-learndiff1.0-learnspecw10,experiment_batch_cv_prune,FOLD-6,spectral,False,173,436178,0.40379690900174325,0.4000011738672517,0.6299684200765272,0.6405790590400895,0.0005742454092801664,0.0001790676662825,0.00041956677156916605,0.0001262670346968
FOLD-6-SPECTRAL-5-4-K100-reference-5-1000-faiss_atlas_weighted-50-15-randomwalk-2-1.0-0.01-0.1-1.0-level_5annot-rootdissolve-dn3-prune0.97-learndiff1.010,experiment_batch_cv_prune,FOLD-6,spectral,False,173,436178,0.40878778404677646,0.4143582638977885,0.6330118761979456,0.6471219367653186,0.0005704308205824566,0.0001784657284326,0.0004173332081312391,0.0001262753018698
FOLD-6-SPECTRAL-5-4-K100-reference-5-1000-faiss_atlas_weighted-50-15-randomwalk-2-1.0-0.01-0.1-1.0-rootdissolve-dn3-prune0.9-learndiff1.010,experiment_batch_cv_prune,FOLD-6,spectral,False,173,436178,0.40837630313822715,0.4041349005979391,0.63215466782887,0.64161033646788,0.0005721801937991379,0.000177819764477,0.0004184995994965679,0.0001264573634197
FOLD-6-SPECTRAL-5-4-K100-reference-5-1000-faiss_atlas_weighted-50-15-randomwalk-2-1.0-0.01-0.1-1.0-rootdissolve-dn3-prune0.95-learndiff1.010,experiment_batch_cv_prune,FOLD-6,spectral,False,173,436178,0.4038162492999751,0.4031671014315267,0.6310845243710643,0.6455216592525199,0.0005727962868517924,0.0001796598179502,0.00041874855303200944,0.0001267634847656
FOLD-6-SPECTRAL-5-4-K100-reference-5-1000-faiss_atlas_weighted-50-15-randomwalk-2-1.0-0.01-0.1-1.0-rootdissolve-dn3-prune0.97-learndiff1.010,experiment_batch_cv_prune,FOLD-6,spectral,False,173,436178,0.4033397126565074,0.3975386665035526,0.6287680646898037,0.6419218835626297,0.0005740511797288225,0.0001790497382529,0.00041950118158982897,0.0001265324388543
FOLD-6-SPECTRAL-5-4-K1300-reference-5-1000-faiss_atlas_weighted-50-15-randomwalk-2-1.0-0.01-0.1-1.0-level_5annot-rootdissolve-dn3-prune0.9-learndiff1.010,experiment_batch_cv_prune,FOLD-6,spectral,False,173,436178,0.4035821030232824,0.4062032201823146,0.6299452658971245,0.6455668734484244,0.0005742732190605999,0.000179572755216,0.0004198598241644404,0.0001265538942872
FOLD-6-SPECTRAL-5-4-K1300-reference-5-1000-faiss_atlas_weighted-50-15-randomwalk-2-1.0-0.01-0.1-1.0-level_5annot-rootdissolve-dn3-prune0.95-learndiff1.010,experiment_batch_cv_prune,FOLD-6,spectral,False,173,436178,0.4039876182540415,0.4014934469297803,0.6303887815319743,0.6472200976355389,0.0005736120819805517,0.000180428166217,0.0004188852650912014,0.0001271776266502
FOLD-6-SPECTRAL-5-4-K1300-reference-5-1000-faiss_atlas_weighted-50-15-randomwalk-2-1.0-0.01-0.1-1.0-level_5annot-rootdissolve-dn3-prune0.97-learndiff1.0-learnspecw10,experiment_batch_cv_prune,FOLD-6,spectral,False,173,436178,0.40083339108534183,0.4033471569489353,0.6295062837414097,0.6435176165888333,0.0005756436424969248,0.0001796882497911,0.0004201195670121607,0.0001259302521713
FOLD-6-SPECTRAL-5-4-K1300-reference-5-1000-faiss_atlas_weighted-50-15-randomwalk-2-1.0-0.01-0.1-1.0-level_5annot-rootdissolve-dn3-prune0.97-learndiff1.010,experiment_batch_cv_prune,FOLD-6,spectral,False,173,436178,0.4043437784487297,0.4040667102062868,0.6302012797958206,0.6451274602368503,0.0005739834553603985,0.00017965703808,0.0004192708663301032,0.0001267888206992
FOLD-6-SPECTRAL-5-4-K300-reference-5-1000-faiss_atlas_weighted-50-15-randomwalk-2-1.0-0.01-0.1-1.0-level_5annot-rootdissolve-dn3-prune0.9-learndiff1.010,experiment_batch_cv_prune,FOLD-6,spectral,False,173,436178,0.40209134724938494,0.4001539491610475,0.6290607694474986,0.6408822823672294,0.0005749590840114728,0.0001793677361195,0.0004207149404425877,0.000126869409869
FOLD-6-SPECTRAL-5-4-K300-reference-5-1000-faiss_atlas_weighted-50-15-randomwalk-2-1.0-0.01-0.1-1.0-level_5annot-rootdissolve-dn3-prune0.95-learndiff1.010,experiment_batch_cv_prune,FOLD-6,spectral,False,173,436178,0.4041902142473531,0.4000951143994572,0.6301386420603119,0.6431918954989707,0.0005735599884223296,0.0001803600414722,0.00041891998486000666,0.0001269913994749
FOLD-6-SPECTRAL-5-4-K300-reference-5-1000-faiss_atlas_weighted-50-15-randomwalk-2-1.0-0.01-0.1-1.0-level_5annot-rootdissolve-dn3-prune0.97-learndiff1.0-learnspecw10,experiment_batch_cv_prune,FOLD-6,spectral,False,173,436178,0.40471048981951324,0.4023411625887697,0.6308148980094701,0.6416663099834282,0.0005739568340835673,0.0001799930396686,0.00041959241494133475,0.0001270563789374
FOLD-6-SPECTRAL-5-4-K300-reference-5-1000-faiss_atlas_weighted-50-15-randomwalk-2-1.0-0.01-0.1-1.0-level_5annot-rootdissolve-dn3-prune0.97-learndiff1.010,experiment_batch_cv_prune,FOLD-6,spectral,False,173,436178,0.41082273365757616,0.4115428550557127,0.6346895287880097,0.6485318051776838,0.0005699965087130633,0.0001788511502181,0.00041650142541585885,0.0001260449259195
FOLD-6-SPECTRAL-5-4-K300-reference-5-1000-faiss_atlas_weighted-50-15-randomwalk-2-1.0-0.01-0.1-1.0-rootdissolve-dn3-prune0.9-learndiff1.010,experiment_batch_cv_prune,FOLD-6,spectral,False,173,436178,0.40850534390103527,0.4090594948419283,0.6328216783927926,0.6452368482835383,0.0005717181072894569,0.000178754797541,0.00041780176798385417,0.000125405355447
FOLD-6-SPECTRAL-5-4-K300-reference-5-1000-faiss_atlas_weighted-50-15-randomwalk-2-1.0-0.01-0.1-1.0-rootdissolve-dn3-prune0.95-learndiff1.010,experiment_batch_cv_prune,FOLD-6,spectral,False,173,436178,0.4055495794229358,0.4042051781517698,0.6319595162605015,0.641900101793043,0.000573754250881958,0.0001788162150258,0.0004190346920180603,0.000126052034618
FOLD-6-SPECTRAL-5-4-K300-reference-5-1000-faiss_atlas_weighted-50-15-randomwalk-2-1.0-0.01-0.1-1.0-rootdissolve-dn3-prune0.97-learndiff1.010,experiment_batch_cv_prune,FOLD-6,spectral,False,173,436178,0.40167149474060465,0.3968910532299753,0.6289828961882975,0.6433334758924938,0.0005754114489458232,0.0001799662353259,0.00042116353573878613,0.0001269849412727
FOLD-7-MANIFOLD-RSAMPLE-5-4-K100-reference-5-data-1000-1000-faiss_atlas_weighted-50-15-randomwalk-2-1.0-0.01-0.1-learndiff1.0-blend0.8-level_5annot-rootdissolve-dn3-prune0.910,experiment_batch_cv_prune,FOLD-7,manifold,False,173,1932849,0.34370861862892316,0.3371579277055363,0.5840682187265731,0.5911630294686934,0.0006342648271279777,0.000196803734265,0.00046062020676217966,0.0001403891652597
FOLD-7-MANIFOLD-RSAMPLE-5-4-K100-reference-5-data-1000-1000-faiss_atlas_weighted-50-15-randomwalk-2-1.0-0.01-0.1-learndiff1.0-blend0.8-level_5annot-rootdissolve-dn3-prune0.9510,experiment_batch_cv_prune,FOLD-7,manifold,False,173,1932849,0.3520574988753065,0.3485409768790894,0.5911363199626797,0.5967031895190328,0.0006301860085846013,0.0001958833581751,0.0004583899060790006,0.0001392858515026
FOLD-7-MANIFOLD-RSAMPLE-5-4-K100-reference-5-data-1000-1000-faiss_atlas_weighted-50-15-randomwalk-2-1.0-0.01-0.1-learndiff1.0-blend0.8-level_5annot-rootdissolve-dn3-prune0.9710,experiment_batch_cv_prune,FOLD-7,manifold,False,173,1932849,0.348197414936641,0.337158726642441,0.5889375783705094,0.5942588575699768,0.000632474293995584,0.000196087537217,0.0004596952757006513,0.0001395054318287
FOLD-7-MANIFOLD-RSAMPLE-5-4-K100-reference-5-data-1000-1000-faiss_atlas_weighted-50-15-randomwalk-2-1.0-0.01-0.1-learndiff1.0-blend0.8-rootdissolve-dn3-prune0.910,experiment_batch_cv_prune,FOLD-7,manifold,False,173,1932849,0.3479600086844138,0.33893373843463,0.5862783700024428,0.58981304928732,0.0006321127090762828,0.0001949883441852,0.00045922432220149193,0.0001387266370816
FOLD-7-MANIFOLD-RSAMPLE-5-4-K100-reference-5-data-1000-1000-faiss_atlas_weighted-50-15-randomwalk-2-1.0-0.01-0.1-learndiff1.0-blend0.8-rootdissolve-dn3-prune0.9510,experiment_batch_cv_prune,FOLD-7,manifold,False,173,1932849,0.3466230536578952,0.3404727188575407,0.5866064552807291,0.5968531053209567,0.0006336923492906753,0.000196662859147,0.0004601318957620773,0.0001401701102722
FOLD-7-MANIFOLD-RSAMPLE-5-4-K100-reference-5-data-1000-1000-faiss_atlas_weighted-50-15-randomwalk-2-1.0-0.01-0.1-learndiff1.0-blend0.8-rootdissolve-dn3-prune0.9710,experiment_batch_cv_prune,FOLD-7,manifold,False,173,1932849,0.35392520073022116,0.3402890925552039,0.5915085814826921,0.595352738993542,0.0006295589893863817,0.0001940992943358,0.00045811373087166555,0.0001389886228538
FOLD-7-MANIFOLD-RSAMPLE-5-4-K1300-reference-5-data-1000-1000-faiss_atlas_weighted-50-15-randomwalk-2-1.0-0.01-0.1-learndiff1.0-blend0.8-rootdissolve-dn3-prune0.910,experiment_batch_cv_prune,FOLD-7,manifold,False,173,1932849,0.3224593264915244,0.3084379565936709,0.5722060657727281,0.5759662606874806,0.0006434480010753423,0.0002012406269905,0.00046509813773578057,0.0001419671390747
FOLD-7-MANIFOLD-RSAMPLE-5-4-K1300-reference-5-data-1000-1000-faiss_atlas_weighted-50-15-randomwalk-2-1.0-0.01-0.1-learndiff1.0-blend0.8-rootdissolve-dn3-prune0.9510,experiment_batch_cv_prune,FOLD-7,manifold,False,173,1932849,0.33097848949122444,0.3202377836548976,0.578015059284669,0.5846878898511415,0.0006386785267225907,0.0001977756007747,0.00046291196900633073,0.0001404186557993
FOLD-7-MANIFOLD-RSAMPLE-5-4-K1300-reference-5-data-1000-1000-faiss_atlas_weighted-50-15-randomwalk-2-1.0-0.01-0.1-learndiff1.0-blend0.8-rootdissolve-dn3-prune0.9710,experiment_batch_cv_prune,FOLD-7,manifold,False,173,1932849,0.3158454215911916,0.3110537898369958,0.5687558905395218,0.5712055033299812,0.0006465113794060603,0.0002010855617309,0.000467568622650525,0.0001420777426435
FOLD-7-MANIFOLD-RSAMPLE-5-4-K1300-reference-5-data-1000-1000-faiss_atlas_weighted-50-15-randomwalk-2-1.0-0.01-0.1-learndiff1.0-prodard2.5-blend0.8-rootdissolve-dn3-prune0.910,experiment_batch_cv_prune,FOLD-7,manifold,False,173,1932849,0.3236956756399526,0.3193538514728707,0.5769682679044142,0.581328674661896,0.0006429963756405155,0.0002006360322669,0.0004640725485895415,0.0001415981050397
FOLD-7-MANIFOLD-RSAMPLE-5-4-K1300-reference-5-data-1000-1000-faiss_atlas_weighted-50-15-randomwalk-2-1.0-0.01-0.1-learndiff1.0-prodard2.5-blend0.8-rootdissolve-dn3-prune0.9510,experiment_batch_cv_prune,FOLD-7,manifold,False,173,1932849,0.3196206618605798,0.3065785045377647,0.5698616478670517,0.5697599844574872,0.0006448507296568948,0.0002018291597936,0.0004662401115574072,0.0001427650866902
FOLD-7-MANIFOLD-RSAMPLE-5-4-K1300-reference-5-data-1000-1000-faiss_atlas_weighted-50-15-randomwalk-2-1.0-0.01-0.1-learndiff1.0-prodard2.5-blend0.8-rootdissolve-dn3-prune0.9710,experiment_batch_cv_prune,FOLD-7,manifold,False,173,1932849,0.31800515364552595,0.3100585688474526,0.5714292337087027,0.5756248018045376,0.0006454369518511395,0.0002012629831886,0.00046609310345220275,0.0001425404152138
FOLD-7-MANIFOLD-RSAMPLE-5-4-K300-reference-5-data-1000-1000-faiss_atlas_weighted-50-15-randomwalk-2-1.0-0.01-0.1-learndiff1.0-blend0.8-level_5annot-rootdissolve-dn3-prune0.910,experiment_batch_cv_prune,FOLD-7,manifold,False,173,1932849,0.3470556811042514,0.3389299649633051,0.5896475203848832,0.5930680804168128,0.0006317106307281664,0.0001965441991777,0.0004584683547458357,0.0001399394590532
FOLD-7-MANIFOLD-RSAMPLE-5-4-K300-reference-5-data-1000-1000-faiss_atlas_weighted-50-15-randomwalk-2-1.0-0.01-0.1-learndiff1.0-blend0.8-level_5annot-rootdissolve-dn3-prune0.9510,experiment_batch_cv_prune,FOLD-7,manifold,False,173,1932849,0.3307196521314771,0.3179572572522802,0.5792489690246321,0.5833730546686198,0.0006386662142499426,0.0001981038740695,0.000462150633228035,0.0001400364403158
FOLD-7-MANIFOLD-RSAMPLE-5-4-K300-reference-5-data-1000-1000-faiss_atlas_weighted-50-15-randomwalk-2-1.0-0.01-0.1-learndiff1.0-blend0.8-level_5annot-rootdissolve-dn3-prune0.9710,experiment_batch_cv_prune,FOLD-7,manifold,False,173,1932849,0.33554661631128013,0.3225830236576935,0.5801464621241029,0.5811515700368417,0.0006374901758153262,0.0001985439584658,0.0004621126990393884,0.0001406203786457
FOLD-7-MANIFOLD-RSAMPLE-5-4-K300-reference-5-data-1000-1000-faiss_atlas_weighted-50-15-randomwalk-2-1.0-0.01-0.1-learndiff1.0-blend0.8-rootdissolve-dn3-prune0.910,experiment_batch_cv_prune,FOLD-7,manifold,False,173,1932849,0.33280359309209834,0.3191687827845274,0.5792034891175384,0.5850428757713667,0.000637902305785397,0.00019792235087,0.0004622227934985183,0.0001410179318176
FOLD-7-MANIFOLD-RSAMPLE-5-4-K300-reference-5-data-1000-1000-faiss_atlas_weighted-50-15-randomwalk-2-1.0-0.01-0.1-learndiff1.0-blend0.8-rootdissolve-dn3-prune0.9510,experiment_batch_cv_prune,FOLD-7,manifold,False,173,1932849,0.3369385293949018,0.3196150292069948,0.5809372271165084,0.5848247426434378,0.0006368853740674115,0.0001967045574238,0.00046188774576546264,0.0001397694849673
FOLD-7-MANIFOLD-RSAMPLE-5-4-K300-reference-5-data-1000-1000-faiss_atlas_weighted-50-15-randomwalk-2-1.0-0.01-0.1-learndiff1.0-blend0.8-rootdissolve-dn3-prune0.9710,experiment_batch_cv_prune,FOLD-7,manifold,False,173,1932849,0.3480130676086741,0.3411778814655158,0.5876027940519575,0.5949446930176737,0.0006314364058250515,0.0001951885156932,0.0004592190589855778,0.0001393477895602
FOLD-7-SPECTRAL-5-4-K100-reference-5-1000-faiss_atlas_weighted-50-15-randomwalk-2-1.0-0.01-0.1-1.0-level_5annot-rootdissolve-dn3-prune0.9-learndiff1.010,experiment_batch_cv_prune,FOLD-7,spectral,False,173,1932849,0.3508825172983898,0.3388004495603467,0.5917675355018083,0.5990760495583372,0.0006312597176242638,0.0001958588097874,0.00045944685448033075,0.0001392167528663
FOLD-7-SPECTRAL-5-4-K100-reference-5-1000-faiss_atlas_weighted-50-15-randomwalk-2-1.0-0.01-0.1-1.0-level_5annot-rootdissolve-dn3-prune0.95-learndiff1.010,experiment_batch_cv_prune,FOLD-7,spectral,False,173,1932849,0.3554906632715207,0.3433844670325324,0.5947265007060409,0.6009840056172417,0.0006293163382909228,0.0001951809577133,0.00045710551913005,0.0001389015693534
FOLD-7-SPECTRAL-5-4-K100-reference-5-1000-faiss_atlas_weighted-50-15-randomwalk-2-1.0-0.01-0.1-1.0-level_5annot-rootdissolve-dn3-prune0.97-learndiff1.0-learnspecw10,experiment_batch_cv_prune,FOLD-7,spectral,False,173,1932849,0.34642079884203275,0.3353137891930178,0.5880472545311818,0.5969764811019744,0.0006327166392325438,0.0001971655706689,0.00046075285683404754,0.0001402126599534
FOLD-7-SPECTRAL-5-4-K100-reference-5-1000-faiss_atlas_weighted-50-15-randomwalk-2-1.0-0.01-0.1-1.0-level_5annot-rootdissolve-dn3-prune0.97-learndiff1.010,experiment_batch_cv_prune,FOLD-7,spectral,False,173,1932849,0.34468710787841045,0.3322716491690562,0.5856939409930695,0.5932140276688195,0.0006342816054012136,0.0001962918761168,0.00046092010613475135,0.0001393145432169
FOLD-7-SPECTRAL-5-4-K100-reference-5-1000-faiss_atlas_weighted-50-15-randomwalk-2-1.0-0.01-0.1-1.0-rootdissolve-dn3-prune0.9-learndiff1.010,experiment_batch_cv_prune,FOLD-7,spectral,False,173,1932849,0.34865455859486955,0.3427445245533119,0.5896434617818066,0.5951720886143496,0.0006323748232012793,0.0001957521410383,0.00045950755675746896,0.0001388194449349
FOLD-7-SPECTRAL-5-4-K100-reference-5-1000-faiss_atlas_weighted-50-15-randomwalk-2-1.0-0.01-0.1-1.0-rootdissolve-dn3-prune0.95-learndiff1.010,experiment_batch_cv_prune,FOLD-7,spectral,False,173,1932849,0.35313425976266516,0.3460347778848718,0.5922719177200269,0.6000555708403161,0.0006295399208836109,0.0001956758923505,0.0004574083662104403,0.0001389329555435
FOLD-7-SPECTRAL-5-4-K100-reference-5-1000-faiss_atlas_weighted-50-15-randomwalk-2-1.0-0.01-0.1-1.0-rootdissolve-dn3-prune0.97-learndiff1.010,experiment_batch_cv_prune,FOLD-7,spectral,False,173,1932849,0.3503701689132035,0.3407957792754802,0.5905422546666179,0.5948963748200079,0.0006311324774345257,0.0001958293649489,0.000459052373063896,0.0001390375690292
FOLD-7-SPECTRAL-5-4-K1300-reference-5-1000-faiss_atlas_weighted-50-15-randomwalk-2-1.0-0.01-0.1-1.0-level_5annot-rootdissolve-dn3-prune0.9-learndiff1.010,experiment_batch_cv_prune,FOLD-7,spectral,False,173,1932849,0.34250457045018495,0.3317124072867551,0.5869530035475282,0.5920428735833333,0.000634116182812549,0.0001973735132165,0.00046007865067942565,0.000139435111425
FOLD-7-SPECTRAL-5-4-K1300-reference-5-1000-faiss_atlas_weighted-50-15-randomwalk-2-1.0-0.01-0.1-1.0-level_5annot-rootdissolve-dn3-prune0.95-learndiff1.010,experiment_batch_cv_prune,FOLD-7,spectral,False,173,1932849,0.3439376769171985,0.3342962291759763,0.5888733940101959,0.5923380113689571,0.0006342639100192942,0.0001975193881292,0.00045927218242885055,0.0001392850009553
FOLD-7-SPECTRAL-5-4-K1300-reference-5-1000-faiss_atlas_weighted-50-15-randomwalk-2-1.0-0.01-0.1-1.0-level_5annot-rootdissolve-dn3-prune0.97-learndiff1.0-learnspecw10,experiment_batch_cv_prune,FOLD-7,spectral,False,173,1932849,0.351977482023301,0.3415430543038713,0.5912627654300885,0.5975794440011887,0.0006298019811147462,0.0001956923504691,0.0004577739257327281,0.0001388342122287
FOLD-7-SPECTRAL-5-4-K1300-reference-5-1000-faiss_atlas_weighted-50-15-randomwalk-2-1.0-0.01-0.1-1.0-level_5annot-rootdissolve-dn3-prune0.97-learndiff1.010,experiment_batch_cv_prune,FOLD-7,spectral,False,173,1932849,0.34797833018828983,0.3406275348863152,0.5894758214222998,0.5957408658994665,0.0006320985900718996,0.0001966618103732,0.0004592825935346418,0.000139556877278
FOLD-7-SPECTRAL-5-4-K300-reference-5-1000-faiss_atlas_weighted-50-15-randomwalk-2-1.0-0.01-0.1-1.0-level_5annot-rootdissolve-dn3-prune0.9-learndiff1.010,experiment_batch_cv_prune,FOLD-7,spectral,False,173,1932849,0.3532088516623899,0.345279425144711,0.592548511574256,0.5938847090917284,0.0006309123155561664,0.0001947360630003,0.0004580920031846581,0.0001381296443682
FOLD-7-SPECTRAL-5-4-K300-reference-5-1000-faiss_atlas_weighted-50-15-randomwalk-2-1.0-0.01-0.1-1.0-level_5annot-rootdissolve-dn3-prune0.95-learndiff1.010,experiment_batch_cv_prune,FOLD-7,spectral,False,173,1932849,0.35244836108621874,0.3461476092194657,0.5918600520345684,0.5985555251919848,0.0006302416462000091,0.0001962906713115,0.00045903310407337386,0.0001391510384492
FOLD-7-SPECTRAL-5-4-K300-reference-5-1000-faiss_atlas_weighted-50-15-randomwalk-2-1.0-0.01-0.1-1.0-level_5annot-rootdissolve-dn3-prune0.97-learndiff1.0-learnspecw10,experiment_batch_cv_prune,FOLD-7,spectral,False,173,1932849,0.3509225305723467,0.3430004844897032,0.591071987561464,0.6006594401723605,0.0006313640111644393,0.0001948886190465,0.0004595203783405726,0.0001383149422472
FOLD-7-SPECTRAL-5-4-K300-reference-5-1000-faiss_atlas_weighted-50-15-randomwalk-2-1.0-0.01-0.1-1.0-level_5annot-rootdissolve-dn3-prune0.97-learndiff1.010,experiment_batch_cv_prune,FOLD-7,spectral,False,173,1932849,0.3489645285202964,0.3363836501236906,0.5903511652434734,0.593068942093919,0.000631375966643752,0.0001960025536741,0.0004593466097606857,0.0001391247184095
FOLD-7-SPECTRAL-5-4-K300-reference-5-1000-faiss_atlas_weighted-50-15-randomwalk-2-1.0-0.01-0.1-1.0-rootdissolve-dn3-prune0.9-learndiff1.010,experiment_batch_cv_prune,FOLD-7,spectral,False,173,1932849,0.3517133831427205,0.3431955908008287,0.5927057627660461,0.5985572961147497,0.0006307215096741114,0.000195735526166,0.0004581778133208256,0.0001393001330842
FOLD-7-SPECTRAL-5-4-K300-reference-5-1000-faiss_atlas_weighted-50-15-randomwalk-2-1.0-0.01-0.1-1.0-rootdissolve-dn3-prune0.95-learndiff1.010,experiment_batch_cv_prune,FOLD-7,spectral,False,173,1932849,0.3457910770393292,0.3367011079822207,0.5881627462907372,0.5941264127229459,0.0006322238664908096,0.0001961595030017,0.0004595419465624568,0.0001391197190578
FOLD-7-SPECTRAL-5-4-K300-reference-5-1000-faiss_atlas_weighted-50-15-randomwalk-2-1.0-0.01-0.1-1.0-rootdissolve-dn3-prune0.97-learndiff1.010,experiment_batch_cv_prune,FOLD-7,spectral,False,173,1932849,0.3507921860332114,0.3383666834748531,0.591132359056863,0.5965409367062767,0.0006304521367822642,0.0001946957430268,0.00045823243376553183,0.000138674390078
FOLD-8-MANIFOLD-RSAMPLE-5-4-K100-reference-5-data-1000-1000-faiss_atlas_weighted-50-15-randomwalk-2-1.0-0.01-0.1-learndiff1.0-blend0.8-level_5annot-rootdissolve-dn3-prune0.910,experiment_batch_cv_prune,FOLD-8,manifold,False,173,1726060,0.3050343205099031,0.2850411117393019,0.5637926319787342,0.565686694349045,0.0006419533166773981,0.000196306785584,0.00047446666873173697,0.0001530479294179
FOLD-8-MANIFOLD-RSAMPLE-5-4-K100-reference-5-data-1000-1000-faiss_atlas_weighted-50-15-randomwalk-2-1.0-0.01-0.1-learndiff1.0-blend0.8-level_5annot-rootdissolve-dn3-prune0.9510,experiment_batch_cv_prune,FOLD-8,manifold,False,173,1726060,0.3058230842721054,0.287961086196297,0.5629208046327163,0.5610530334752587,0.0006391567748289535,0.0001970877230138,0.00047224826948895533,0.0001520437982956
FOLD-8-MANIFOLD-RSAMPLE-5-4-K100-reference-5-data-1000-1000-faiss_atlas_weighted-50-15-randomwalk-2-1.0-0.01-0.1-learndiff1.0-blend0.8-level_5annot-rootdissolve-dn3-prune0.9710,experiment_batch_cv_prune,FOLD-8,manifold,False,173,1726060,0.3031644309111909,0.2869038123980884,0.5597727610296224,0.560760019237222,0.000642490138213647,0.0001982311737563,0.0004742711079072587,0.0001519276857367
FOLD-8-MANIFOLD-RSAMPLE-5-4-K100-reference-5-data-1000-1000-faiss_atlas_weighted-50-15-randomwalk-2-1.0-0.01-0.1-learndiff1.0-blend0.8-rootdissolve-dn3-prune0.910,experiment_batch_cv_prune,FOLD-8,manifold,False,173,1726060,0.31802267330837714,0.3007829733951116,0.5716131746143039,0.5738821039375754,0.0006355015148601881,0.0001957039546048,0.0004696198171111695,0.0001514608404742
FOLD-8-MANIFOLD-RSAMPLE-5-4-K100-reference-5-data-1000-1000-faiss_atlas_weighted-50-15-randomwalk-2-1.0-0.01-0.1-learndiff1.0-blend0.8-rootdissolve-dn3-prune0.9510,experiment_batch_cv_prune,FOLD-8,manifold,False,173,1726060,0.31132208470718403,0.2935825532027456,0.5675894584194324,0.5739020236617656,0.0006378498027123867,0.0001989493109894,0.00047192163019687926,0.0001503664316675
FOLD-8-MANIFOLD-RSAMPLE-5-4-K100-reference-5-data-1000-1000-faiss_atlas_weighted-50-15-randomwalk-2-1.0-0.01-0.1-learndiff1.0-blend0.8-rootdissolve-dn3-prune0.9710,experiment_batch_cv_prune,FOLD-8,manifold,False,173,1726060,0.30437620154511347,0.2885315051605958,0.5622103596886615,0.5625340444013908,0.000640673355981784,0.0001997377074766,0.0004738953473461543,0.0001532042109549
FOLD-8-MANIFOLD-RSAMPLE-5-4-K1300-reference-5-data-1000-1000-faiss_atlas_weighted-50-15-randomwalk-2-1.0-0.01-0.1-learndiff1.0-blend0.8-rootdissolve-dn3-prune0.910,experiment_batch_cv_prune,FOLD-8,manifold,False,173,1726060,0.29496338786150206,0.2724744429106243,0.5536005049297309,0.5571686062851112,0.0006464939830642553,0.000198521335144,0.0004765239353185197,0.0001535057080971
FOLD-8-MANIFOLD-RSAMPLE-5-4-K1300-reference-5-data-1000-1000-faiss_atlas_weighted-50-15-randomwalk-2-1.0-0.01-0.1-learndiff1.0-blend0.8-rootdissolve-dn3-prune0.9510,experiment_batch_cv_prune,FOLD-8,manifold,False,173,1726060,0.2232245354981737,0.2078138374252325,0.5146045924857259,0.5090073382268064,0.0006757855663150963,0.0002066265999598,0.0004882099399716449,0.0001551748412169
FOLD-8-MANIFOLD-RSAMPLE-5-4-K1300-reference-5-data-1000-1000-faiss_atlas_weighted-50-15-randomwalk-2-1.0-0.01-0.1-learndiff1.0-blend0.8-rootdissolve-dn3-prune0.9710,experiment_batch_cv_prune,FOLD-8,manifold,False,173,1726060,0.27043353730727493,0.2528203421253124,0.5407286618441546,0.5381702218442742,0.0006541798555162607,0.0002047760177138,0.0004804841345434501,0.0001545245072722
FOLD-8-MANIFOLD-RSAMPLE-5-4-K1300-reference-5-data-1000-1000-faiss_atlas_weighted-50-15-randomwalk-2-1.0-0.01-0.1-learndiff1.0-prodard2.5-blend0.8-rootdissolve-dn3-prune0.910,experiment_batch_cv_prune,FOLD-8,manifold,False,173,1726060,0.25354659391446427,0.2316411092679856,0.5338695938969532,0.5264280787273566,0.0006636254738666594,0.0002060428554571,0.00048192715584996287,0.0001547093897957
FOLD-8-MANIFOLD-RSAMPLE-5-4-K1300-reference-5-data-1000-1000-faiss_atlas_weighted-50-15-randomwalk-2-1.0-0.01-0.1-learndiff1.0-prodard2.5-blend0.8-rootdissolve-dn3-prune0.9510,experiment_batch_cv_prune,FOLD-8,manifold,False,173,1726060,0.2411069126394816,0.2169981859176971,0.5253587497056954,0.5149798985721528,0.0006715168611482091,0.0002030344023961,0.00048471671030774133,0.0001546002517354
FOLD-8-MANIFOLD-RSAMPLE-5-4-K1300-reference-5-data-1000-1000-faiss_atlas_weighted-50-15-randomwalk-2-1.0-0.01-0.1-learndiff1.0-prodard2.5-blend0.8-rootdissolve-dn3-prune0.9710,experiment_batch_cv_prune,FOLD-8,manifold,False,173,1726060,0.2441928796652189,0.2165017185591958,0.526561030052316,0.516582436623313,0.0006715490994201463,0.0002011707552154,0.000486060514971391,0.0001540478217777
FOLD-8-MANIFOLD-RSAMPLE-5-4-K300-reference-5-data-1000-1000-faiss_atlas_weighted-50-15-randomwalk-2-1.0-0.01-0.1-learndiff1.0-blend0.8-level_5annot-rootdissolve-dn3-prune0.910,experiment_batch_cv_prune,FOLD-8,manifold,False,173,1726060,0.2985123243700764,0.2785535974977777,0.5571084661869932,0.556231419250447,0.0006482120735469781,0.0001979401639633,0.00047680417611489843,0.0001517303196279
FOLD-8-MANIFOLD-RSAMPLE-5-4-K300-reference-5-data-1000-1000-faiss_atlas_weighted-50-15-randomwalk-2-1.0-0.01-0.1-learndiff1.0-blend0.8-level_5annot-rootdissolve-dn3-prune0.9510,experiment_batch_cv_prune,FOLD-8,manifold,False,173,1726060,0.29974354084945304,0.2796501664882002,0.5581472342504371,0.5539137701128594,0.0006469911302376845,0.0001971932540505,0.0004759297089865687,0.0001531836121848
FOLD-8-MANIFOLD-RSAMPLE-5-4-K300-reference-5-data-1000-1000-faiss_atlas_weighted-50-15-randomwalk-2-1.0-0.01-0.1-learndiff1.0-blend0.8-level_5annot-rootdissolve-dn3-prune0.9710,experiment_batch_cv_prune,FOLD-8,manifold,False,173,1726060,0.30882976467428697,0.2824727961291768,0.562262619482967,0.5601427202682926,0.0006406618577199758,0.000195302234043,0.0004726079699060424,0.0001516327501557
FOLD-8-MANIFOLD-RSAMPLE-5-4-K300-reference-5-data-1000-1000-faiss_atlas_weighted-50-15-randomwalk-2-1.0-0.01-0.1-learndiff1.0-blend0.8-rootdissolve-dn3-prune0.910,experiment_batch_cv_prune,FOLD-8,manifold,False,173,1726060,0.28063164366756654,0.2578890773368798,0.5483550187648062,0.5443057550327903,0.0006574411647376052,0.0002026605105294,0.0004824388230700573,0.0001526495062425
FOLD-8-MANIFOLD-RSAMPLE-5-4-K300-reference-5-data-1000-1000-faiss_atlas_weighted-50-15-randomwalk-2-1.0-0.01-0.1-learndiff1.0-blend0.8-rootdissolve-dn3-prune0.9510,experiment_batch_cv_prune,FOLD-8,manifold,False,173,1726060,0.3019054835918498,0.2794205307034165,0.5590834263165225,0.5577179425799434,0.0006458320602126809,0.000198287481064,0.0004748666370021662,0.0001530266346861
FOLD-8-MANIFOLD-RSAMPLE-5-4-K300-reference-5-data-1000-1000-faiss_atlas_weighted-50-15-randomwalk-2-1.0-0.01-0.1-learndiff1.0-blend0.8-rootdissolve-dn3-prune0.9710,experiment_batch_cv_prune,FOLD-8,manifold,False,173,1726060,0.2692986360967828,0.2587851236391999,0.5409978054451541,0.5384930782428925,0.0006566026311177154,0.0002052981034782,0.0004774433390640982,0.0001535249722984
FOLD-8-SPECTRAL-5-4-K100-reference-5-1000-faiss_atlas_weighted-50-15-randomwalk-2-1.0-0.01-0.1-1.0-level_5annot-rootdissolve-dn3-prune0.9-learndiff1.010,experiment_batch_cv_prune,FOLD-8,spectral,False,173,1726060,0.2799285784803993,0.263797574963361,0.54996195160251,0.5540870866555249,0.0006546301969437645,0.0002048505079879,0.00048363258179780276,0.000153315878674
FOLD-8-SPECTRAL-5-4-K100-reference-5-1000-faiss_atlas_weighted-50-15-randomwalk-2-1.0-0.01-0.1-1.0-level_5annot-rootdissolve-dn3-prune0.95-learndiff1.010,experiment_batch_cv_prune,FOLD-8,spectral,False,173,1726060,0.2943202752129834,0.2750324058914383,0.5557282271230587,0.5582889145271951,0.0006475857695333824,0.0001995910177518,0.0004804968940804524,0.0001531567192804
FOLD-8-SPECTRAL-5-4-K100-reference-5-1000-faiss_atlas_weighted-50-15-randomwalk-2-1.0-0.01-0.1-1.0-level_5annot-rootdissolve-dn3-prune0.97-learndiff1.0-learnspecw10,experiment_batch_cv_prune,FOLD-8,spectral,False,173,1726060,0.29867549924767506,0.2839324774738843,0.5598502289725118,0.5587671252258873,0.0006479572111657878,0.0002012131388982,0.0004794955912528158,0.0001531585549769
FOLD-8-SPECTRAL-5-4-K100-reference-5-1000-faiss_atlas_weighted-50-15-randomwalk-2-1.0-0.01-0.1-1.0-level_5annot-rootdissolve-dn3-prune0.97-learndiff1.010,experiment_batch_cv_prune,FOLD-8,spectral,False,173,1726060,0.27954289453621023,0.26094998813292,0.5482187813189899,0.5479712455472624,0.0006541194626294421,0.000204031161689,0.00048420713963191053,0.0001534295649158
FOLD-8-SPECTRAL-5-4-K100-reference-5-1000-faiss_atlas_weighted-50-15-randomwalk-2-1.0-0.01-0.1-1.0-rootdissolve-dn3-prune0.9-learndiff1.010,experiment_batch_cv_prune,FOLD-8,spectral,False,173,1726060,0.2882984094369214,0.2719360333803619,0.5541248554037089,0.5532729782597663,0.0006512740122034112,0.0002043049724003,0.00048077480994294594,0.0001518386399413
FOLD-8-SPECTRAL-5-4-K100-reference-5-1000-faiss_atlas_weighted-50-15-randomwalk-2-1.0-0.01-0.1-1.0-rootdissolve-dn3-prune0.95-learndiff1.010,experiment_batch_cv_prune,FOLD-8,spectral,False,173,1726060,0.2860223408886207,0.2692207642719296,0.5518709352496765,0.5568601048962258,0.0006497732873382338,0.0002045303979692,0.0004816899489290084,0.0001530232298603
FOLD-8-SPECTRAL-5-4-K100-reference-5-1000-faiss_atlas_weighted-50-15-randomwalk-2-1.0-0.01-0.1-1.0-rootdissolve-dn3-prune0.97-learndiff1.010,experiment_batch_cv_prune,FOLD-8,spectral,False,173,1726060,0.2831194179272145,0.2689550276836338,0.5512458887667917,0.5501015174949543,0.0006545042680314352,0.0002023514666976,0.0004843259490079778,0.0001529142857238
FOLD-8-SPECTRAL-5-4-K1300-reference-5-1000-faiss_atlas_weighted-50-15-randomwalk-2-1.0-0.01-0.1-1.0-level_5annot-rootdissolve-dn3-prune0.9-learndiff1.010,experiment_batch_cv_prune,FOLD-8,spectral,False,173,1726060,0.2831766203853723,0.2640731690608258,0.5496349226163837,0.5473265972452585,0.0006507541256849309,0.0002047186843315,0.0004799696889950694,0.0001536376813216
FOLD-8-SPECTRAL-5-4-K1300-reference-5-1000-faiss_atlas_weighted-50-15-randomwalk-2-1.0-0.01-0.1-1.0-level_5annot-rootdissolve-dn3-prune0.95-learndiff1.010,experiment_batch_cv_prune,FOLD-8,spectral,False,173,1726060,0.2738562668991082,0.2584728582773942,0.5439999655179584,0.5473098482931934,0.0006589946391645145,0.0002059779832237,0.0004859345772166544,0.0001533085094181
FOLD-8-SPECTRAL-5-4-K1300-reference-5-1000-faiss_atlas_weighted-50-15-randomwalk-2-1.0-0.01-0.1-1.0-level_5annot-rootdissolve-dn3-prune0.97-learndiff1.0-learnspecw10,experiment_batch_cv_prune,FOLD-8,spectral,False,173,1726060,0.2798733801577542,0.2657520099420676,0.5464875226005029,0.547710235781896,0.0006522396736106627,0.000203251260991,0.00048077419078247646,0.0001532768414163
FOLD-8-SPECTRAL-5-4-K1300-reference-5-1000-faiss_atlas_weighted-50-15-randomwalk-2-1.0-0.01-0.1-1.0-level_5annot-rootdissolve-dn3-prune0.97-learndiff1.010,experiment_batch_cv_prune,FOLD-8,spectral,False,173,1726060,0.27653923207694614,0.2567603921891934,0.5479255904901857,0.5505271218876773,0.0006533907774796497,0.0002058482820925,0.0004826105848806193,0.0001542196437823
FOLD-8-SPECTRAL-5-4-K300-reference-5-1000-faiss_atlas_weighted-50-15-randomwalk-2-1.0-0.01-0.1-1.0-level_5annot-rootdissolve-dn3-prune0.9-learndiff1.010,experiment_batch_cv_prune,FOLD-8,spectral,False,173,1726060,0.2872671480619198,0.276679561377002,0.5556791140861865,0.5514863942694627,0.0006493351762376603,0.0002080971509524,0.0004798424568287621,0.0001525487965825
FOLD-8-SPECTRAL-5-4-K300-reference-5-1000-faiss_atlas_weighted-50-15-randomwalk-2-1.0-0.01-0.1-1.0-level_5annot-rootdissolve-dn3-prune0.95-learndiff1.010,experiment_batch_cv_prune,FOLD-8,spectral,False,173,1726060,0.2984064848565714,0.2814310081577362,0.5594242049555798,0.5615598149524902,0.0006435028857507845,0.0001996663104316,0.0004759955397912139,0.0001531506203593
FOLD-8-SPECTRAL-5-4-K300-reference-5-1000-faiss_atlas_weighted-50-15-randomwalk-2-1.0-0.01-0.1-1.0-level_5annot-rootdissolve-dn3-prune0.97-learndiff1.0-learnspecw10,experiment_batch_cv_prune,FOLD-8,spectral,False,173,1726060,0.2862272816924171,0.2638313901670649,0.5509142799325029,0.5481270680513595,0.0006548830101842303,0.0001998737733982,0.00048460512625977145,0.0001528406154935
FOLD-8-SPECTRAL-5-4-K300-reference-5-1000-faiss_atlas_weighted-50-15-randomwalk-2-1.0-0.01-0.1-1.0-level_5annot-rootdissolve-dn3-prune0.97-learndiff1.010,experiment_batch_cv_prune,FOLD-8,spectral,False,173,1726060,0.28590077767914035,0.2724987901010091,0.5547354119302325,0.5594417071492597,0.000651258334522621,0.0002045863213469,0.00048151416463678543,0.0001534168306452
FOLD-8-SPECTRAL-5-4-K300-reference-5-1000-faiss_atlas_weighted-50-15-randomwalk-2-1.0-0.01-0.1-1.0-rootdissolve-dn3-prune0.9-learndiff1.010,experiment_batch_cv_prune,FOLD-8,spectral,False,173,1726060,0.3008156720401687,0.2816455163341818,0.561671810774735,0.5648591666944872,0.0006444830583769331,0.0001988339657642,0.00047771574018281974,0.0001527736225127
FOLD-8-SPECTRAL-5-4-K300-reference-5-1000-faiss_atlas_weighted-50-15-randomwalk-2-1.0-0.01-0.1-1.0-rootdissolve-dn3-prune0.95-learndiff1.010,experiment_batch_cv_prune,FOLD-8,spectral,False,173,1726060,0.28528530202766916,0.268943693104873,0.5541788096087422,0.5534296649288316,0.0006512063024906618,0.0002047727253981,0.00048060772268761773,0.0001531104285768
FOLD-8-SPECTRAL-5-4-K300-reference-5-1000-faiss_atlas_weighted-50-15-randomwalk-2-1.0-0.01-0.1-1.0-rootdissolve-dn3-prune0.97-learndiff1.010,experiment_batch_cv_prune,FOLD-8,spectral,False,173,1726060,0.2762886099305008,0.2627613243290927,0.5475670223241371,0.5471442282993201,0.0006547391365809496,0.0002039114693104,0.00048390118451980277,0.0001543820551214
FOLD-2-MANIFOLD-RSAMPLE-5-4-K100-reference-5-data-1000-1000-faiss_atlas_weighted-50-15-randomwalk-2-1.0-0.01-0.05-learndiff1.0-blend0.8-rootdissolve-dn3-prune0.9510,experiment_batch_cv_prune_low_bw,FOLD-2,manifold,False,173,732764,0.40654954785624225,0.3907908518512005,0.6326975383067274,0.6342627641299616,0.0005725639502209737,0.0001812435432747,0.0004153784416188242,0.000123996229107
FOLD-2-MANIFOLD-RSAMPLE-5-4-K100-reference-5-data-1000-1000-faiss_atlas_weighted-50-15-randomwalk-2-1.0-0.01-0.05-learndiff1.0-blend0.8-rootdissolve-dn3-prune0.9710,experiment_batch_cv_prune_low_bw,FOLD-2,manifold,False,173,732764,0.4117115671547307,0.4064709729463324,0.6364324370921586,0.6434511771208179,0.0005694975122229645,0.0001799640796843,0.0004148173208465493,0.0001236972508891
FOLD-2-MANIFOLD-RSAMPLE-5-4-K100-reference-5-data-1000-1000-faiss_atlas_weighted-50-15-randomwalk-2-3.0-0.01-0.05-learndiff1.0-blend0.8-rootdissolve-dn3-prune0.9510,experiment_batch_cv_prune_low_bw,FOLD-2,manifold,False,173,732764,0.39841887873751186,0.3838812048262856,0.6277756307564192,0.6300315643514005,0.0005758746863619358,0.0001840958887742,0.00041495742617056165,0.0001232406593668
FOLD-2-MANIFOLD-RSAMPLE-5-4-K100-reference-5-data-1000-1000-faiss_atlas_weighted-50-15-randomwalk-2-3.0-0.01-0.05-learndiff1.0-blend0.8-rootdissolve-dn3-prune0.9710,experiment_batch_cv_prune_low_bw,FOLD-2,manifold,False,173,732764,0.3879992839866439,0.3720538165110816,0.619730545136347,0.6197563950984418,0.000580319549837812,0.0001832670910087,0.00041725749533644074,0.0001243015132362
FOLD-2-MANIFOLD-RSAMPLE-5-4-K100-reference-5-data-1000-1000-faiss_atlas_weighted-50-15-randomwalk-2-6.0-0.01-0.05-learndiff1.0-blend0.8-rootdissolve-dn3-prune0.9510,experiment_batch_cv_prune_low_bw,FOLD-2,manifold,False,173,732764,0.3769840034615215,0.3677056159081849,0.6140341250557441,0.6197637701510353,0.000583020938747374,0.0001852144678418,0.00041349304780637585,0.0001237876777498
FOLD-2-MANIFOLD-RSAMPLE-5-4-K100-reference-5-data-1000-1000-faiss_atlas_weighted-50-15-randomwalk-2-6.0-0.01-0.05-learndiff1.0-blend0.8-rootdissolve-dn3-prune0.9710,experiment_batch_cv_prune_low_bw,FOLD-2,manifold,False,173,732764,0.3874624572029304,0.3773147623657623,0.6204724206712807,0.6274639745346523,0.0005800086395966375,0.0001870412006255,0.0004144863707892347,0.0001244902565348
FOLD-2-MANIFOLD-RSAMPLE-5-4-K300-reference-5-data-1000-1000-faiss_atlas_weighted-50-15-randomwalk-2-1.0-0.01-0.05-learndiff1.0-blend0.8-rootdissolve-dn3-prune0.9510,experiment_batch_cv_prune_low_bw,FOLD-2,manifold,False,173,732764,0.41398333311614854,0.4028568693673436,0.6375893833663591,0.6431527754188243,0.0005683354296096327,0.0001800939892747,0.0004151929434203094,0.0001237159389213
FOLD-2-MANIFOLD-RSAMPLE-5-4-K300-reference-5-data-1000-1000-faiss_atlas_weighted-50-15-randomwalk-2-1.0-0.01-0.05-learndiff1.0-blend0.8-rootdissolve-dn3-prune0.9710,experiment_batch_cv_prune_low_bw,FOLD-2,manifold,False,173,732764,0.4160118904407163,0.4082890900963276,0.6389765713036554,0.6461876527439451,0.0005671889531501,0.0001790904800718,0.00041336941198087587,0.0001224690559767
FOLD-2-MANIFOLD-RSAMPLE-5-4-K300-reference-5-data-1000-1000-faiss_atlas_weighted-50-15-randomwalk-2-3.0-0.01-0.05-learndiff1.0-blend0.8-rootdissolve-dn3-prune0.9510,experiment_batch_cv_prune_low_bw,FOLD-2,manifold,False,173,732764,0.4051521620268762,0.3995067489651689,0.6322299108359745,0.6422313974759057,0.0005732548002569948,0.0001819849960089,0.00041738195049721753,0.0001243455692457
FOLD-2-MANIFOLD-RSAMPLE-5-4-K300-reference-5-data-1000-1000-faiss_atlas_weighted-50-15-randomwalk-2-3.0-0.01-0.05-learndiff1.0-blend0.8-rootdissolve-dn3-prune0.9710,experiment_batch_cv_prune_low_bw,FOLD-2,manifold,False,173,732764,0.4124371796537777,0.4070416372446011,0.6359418030385131,0.644195291230218,0.0005690442372623244,0.0001800376947438,0.00041517876652963175,0.0001242658118253
FOLD-2-MANIFOLD-RSAMPLE-5-4-K300-reference-5-data-1000-1000-faiss_atlas_weighted-50-15-randomwalk-2-6.0-0.01-0.05-learndiff1.0-blend0.8-rootdissolve-dn3-prune0.9510,experiment_batch_cv_prune_low_bw,FOLD-2,manifold,False,173,732764,0.4077895298798483,0.4003788120599563,0.6339835321297191,0.6395751631894867,0.0005717578489748093,0.0001821137140149,0.0004154292306165334,0.0001242710813328
FOLD-2-MANIFOLD-RSAMPLE-5-4-K300-reference-5-data-1000-1000-faiss_atlas_weighted-50-15-randomwalk-2-6.0-0.01-0.05-learndiff1.0-blend0.8-rootdissolve-dn3-prune0.9710,experiment_batch_cv_prune_low_bw,FOLD-2,manifold,False,173,732764,0.41147376815482234,0.4026107381599723,0.636610412365785,0.6405103164544096,0.0005704637791723404,0.0001812733834946,0.0004142916637222674,0.0001231113113539
FOLD-7-MANIFOLD-RSAMPLE-5-4-K100-reference-5-data-1000-1000-faiss_atlas_weighted-50-15-randomwalk-2-1.0-0.01-0.05-learndiff1.0-blend0.8-rootdissolve-dn3-prune0.9510,experiment_batch_cv_prune_low_bw,FOLD-7,manifold,False,173,1932849,0.3449577011769548,0.3304198661339019,0.5880851480145608,0.5912569352704826,0.0006343996352004481,0.0001966943744108,0.00046105133550048425,0.0001391643949087
FOLD-7-MANIFOLD-RSAMPLE-5-4-K100-reference-5-data-1000-1000-faiss_atlas_weighted-50-15-randomwalk-2-1.0-0.01-0.05-learndiff1.0-blend0.8-rootdissolve-dn3-prune0.9710,experiment_batch_cv_prune_low_bw,FOLD-7,manifold,False,173,1932849,0.32651948959151605,0.3120711614235918,0.5750155066281312,0.5743997727732649,0.0006417130020368582,0.0002039589427572,0.0004579551801517884,0.0001383763840683
FOLD-7-MANIFOLD-RSAMPLE-5-4-K100-reference-5-data-1000-1000-faiss_atlas_weighted-50-15-randomwalk-2-3.0-0.01-0.05-learndiff1.0-blend0.8-rootdissolve-dn3-prune0.9510,experiment_batch_cv_prune_low_bw,FOLD-7,manifold,False,173,1932849,0.3371292348581154,0.3144529470943187,0.583551905819847,0.5826008506233185,0.0006372600161366174,0.0001980934392311,0.0004588519943612111,0.0001396800621467
FOLD-7-MANIFOLD-RSAMPLE-5-4-K100-reference-5-data-1000-1000-faiss_atlas_weighted-50-15-randomwalk-2-3.0-0.01-0.05-learndiff1.0-blend0.8-rootdissolve-dn3-prune0.9710,experiment_batch_cv_prune_low_bw,FOLD-7,manifold,False,173,1932849,0.3388898705787168,0.3343671737684679,0.5842253250788542,0.5882619194380159,0.000637237297336062,0.000197350496327,0.0004581326185082725,0.000138862535156
FOLD-7-MANIFOLD-RSAMPLE-5-4-K100-reference-5-data-1000-1000-faiss_atlas_weighted-50-15-randomwalk-2-6.0-0.01-0.05-learndiff1.0-blend0.8-rootdissolve-dn3-prune0.9510,experiment_batch_cv_prune_low_bw,FOLD-7,manifold,False,173,1932849,0.34926712147733247,0.3389726478101466,0.58907748784358,0.5945393596172718,0.0006327226172513667,0.0001966175454065,0.0004590235541954951,0.0001392419184073
FOLD-7-MANIFOLD-RSAMPLE-5-4-K100-reference-5-data-1000-1000-faiss_atlas_weighted-50-15-randomwalk-2-6.0-0.01-0.05-learndiff1.0-blend0.8-rootdissolve-dn3-prune0.9710,experiment_batch_cv_prune_low_bw,FOLD-7,manifold,False,173,1932849,0.34018692324445227,0.326104104499247,0.5847370182858723,0.5880268805731819,0.0006360232202589822,0.0001986048754565,0.0004577853626702981,0.0001390412373529
FOLD-7-MANIFOLD-RSAMPLE-5-4-K300-reference-5-data-1000-1000-faiss_atlas_weighted-50-15-randomwalk-2-1.0-0.01-0.05-learndiff1.0-blend0.8-rootdissolve-dn3-prune0.9510,experiment_batch_cv_prune_low_bw,FOLD-7,manifold,False,173,1932849,0.34366205355147733,0.3374149179321691,0.5864127035627482,0.5908220642381067,0.0006347853184908283,0.0001970319286562,0.00046133727081028655,0.0001396715468726
FOLD-7-MANIFOLD-RSAMPLE-5-4-K300-reference-5-data-1000-1000-faiss_atlas_weighted-50-15-randomwalk-2-1.0-0.01-0.05-learndiff1.0-blend0.8-rootdissolve-dn3-prune0.9710,experiment_batch_cv_prune_low_bw,FOLD-7,manifold,False,173,1932849,0.35319768462685897,0.3409395886514909,0.5914870168402815,0.5972578186121887,0.0006297557712855773,0.0001946010173095,0.00045851874825731314,0.000138321084841
FOLD-7-MANIFOLD-RSAMPLE-5-4-K300-reference-5-data-1000-1000-faiss_atlas_weighted-50-15-randomwalk-2-3.0-0.01-0.05-learndiff1.0-blend0.8-rootdissolve-dn3-prune0.9510,experiment_batch_cv_prune_low_bw,FOLD-7,manifold,False,173,1932849,0.34483817312380033,0.3327099717918944,0.5867539125343073,0.5897539938986115,0.0006350533822925301,0.0001973179023767,0.00046014307979591753,0.0001395317934135
FOLD-7-MANIFOLD-RSAMPLE-5-4-K300-reference-5-data-1000-1000-faiss_atlas_weighted-50-15-randomwalk-2-3.0-0.01-0.05-learndiff1.0-blend0.8-rootdissolve-dn3-prune0.9710,experiment_batch_cv_prune_low_bw,FOLD-7,manifold,False,173,1932849,0.3453989569862771,0.338464395320842,0.585941474041282,0.5909158206001258,0.0006343513263652544,0.0001975411148048,0.00045980979437307116,0.000139789098015
FOLD-7-MANIFOLD-RSAMPLE-5-4-K300-reference-5-data-1000-1000-faiss_atlas_weighted-50-15-randomwalk-2-6.0-0.01-0.05-learndiff1.0-blend0.8-rootdissolve-dn3-prune0.9510,experiment_batch_cv_prune_low_bw,FOLD-7,manifold,False,173,1932849,0.3348450038493901,0.3204145282683739,0.5800005590099855,0.5797972912358785,0.0006382678840933241,0.000199386803458,0.0004599184331471964,0.0001397195161182
FOLD-7-MANIFOLD-RSAMPLE-5-4-K300-reference-5-data-1000-1000-faiss_atlas_weighted-50-15-randomwalk-2-6.0-0.01-0.05-learndiff1.0-blend0.8-rootdissolve-dn3-prune0.9710,experiment_batch_cv_prune_low_bw,FOLD-7,manifold,False,173,1932849,0.3537411135650571,0.3446002834664309,0.5923430805027103,0.5988766671857647,0.0006295023113170079,0.000195392112028,0.0004574108045986927,0.0001389889515523
FOLD-1-MANIFOLD-RSAMPLE-5-4-K100-reference-5-data-2000-1000-faiss_atlas_weighted-50-15-randomwalk-2-1.0-0.01-0.1-learndiff1.0-blend0.810,experiment_batch_long_cv,FOLD-1,manifold,False,173,620226,0.41953293953565934,0.4202330040310378,0.6449405126079749,0.6600658862837303,0.0005526436968885731,0.0001704350943935,0.00039934791293828994,0.0001189027221477
FOLD-1-SPECTRAL-5-4-K100-reference-5-1000-faiss-1-15-randomwalk-2-1.0-0.01-0.1-1.0-learndiff1.010,experiment_batch_long_cv,FOLD-1,spectral,False,173,620226,0.4088933401184328,0.4106046455523688,0.6365468943783309,0.6508207919290026,0.0005577655765898302,0.0001730329170565,0.00040318724482213723,0.000118734307024
FOLD-1-SPECTRAL-5-4-K100-reference-5-1000-faiss-1-15-randomwalk-2-1.0-0.01-0.1-1.010,experiment_batch_long_cv,FOLD-1,spectral,False,173,620226,0.40250557620758715,0.4048890802373585,0.6336191285511563,0.6516335534395739,0.000561431640984226,0.0001735052188926,0.0004058263737235048,0.0001190694464691
FOLD-1-SPECTRAL-5-4-K100-reference-5-1000-faiss_atlas_weighted-50-15-randomwalk-2-1.0-0.01-0.1-1.0-learndiff1.010,experiment_batch_long_cv,FOLD-1,spectral,False,173,620226,0.40785895987888593,0.40544719879989,0.6360538054983729,0.6473314880563844,0.0005576728018474248,0.0001715584086101,0.00040435313103810293,0.0001191908381423
FOLD-1-SPECTRAL-5-4-K100-reference-5-1000-faiss_atlas_weighted-50-15-randomwalk-2-1.0-0.01-0.1-1.0-level_5annot-learndiff1.010,experiment_batch_long_cv,FOLD-1,spectral,False,173,620226,0.39705898461217615,0.3879314504302592,0.6283263540620132,0.6409057173952919,0.0005634675247428398,0.0001745837439439,0.0004070926101902014,0.0001204423727523
FOLD-1-SPECTRAL-5-4-K100-reference-5-1000-faiss_atlas_weighted-50-15-randomwalk-2-1.0-0.01-0.1-1.0-level_5annot10,experiment_batch_long_cv,FOLD-1,spectral,False,173,620226,0.4051144367120154,0.4058822105865337,0.6329476415548003,0.6465148723039232,0.0005597641131170066,0.0001725092891215,0.0004058596766132295,0.0001202005071482
FOLD-1-SPECTRAL-5-4-K100-reference-5-1000-faiss_atlas_weighted-50-15-randomwalk-2-1.0-0.01-0.1-1.010,experiment_batch_long_cv,FOLD-1,spectral,False,173,620226,0.40797084023457253,0.4034621533131255,0.6350937395506573,0.6510147836243297,0.0005577712925885512,0.0001714706035309,0.00040437389013930864,0.0001202741124388
FOLD-1-SPECTRAL-5-4-K100-reference-5-1000-faiss_cluster_weighted-50-15-randomwalk-2-1.0-0.01-0.1-1.0-clk64-sw1.0-cs0-learndiff1.010,experiment_batch_long_cv,FOLD-1,spectral,False,173,620226,0.40525994651125175,0.4033747779073312,0.6339228397180154,0.6467453831811794,0.0005596436243066699,0.000172727895606,0.00040458431551847044,0.0001193107551497
FOLD-1-SPECTRAL-5-4-K100-reference-5-1000-faiss_cluster_weighted-50-15-randomwalk-2-1.0-0.01-0.1-1.0-clk64-sw1.0-cs010,experiment_batch_long_cv,FOLD-1,spectral,False,173,620226,0.4104299951906366,0.4094651682687744,0.6382674928062766,0.6514157374373583,0.0005570295431016178,0.0001711119031239,0.00040354251276922325,0.0001185465216085
FOLD-1-SPECTRAL-5-4-K2300-reference-5-1000-faiss_atlas_weighted-50-15-randomwalk-2-1.0-0.01-0.1-1.0-learndiff1.010,experiment_batch_long_cv,FOLD-1,spectral,False,173,620226,0.3985761494134871,0.3944116869014515,0.6321508788269087,0.6492786834470562,0.000562515155716672,0.0001739353230435,0.00040619739089956723,0.0001212202420208
FOLD-1-SPECTRAL-5-4-K300-reference-5-1000-faiss-1-15-randomwalk-2-1.0-0.01-0.1-1.0-learndiff1.010,experiment_batch_long_cv,FOLD-1,spectral,False,173,620226,0.4017001602192697,0.3968595164331638,0.6333925496009258,0.6459545118148368,0.0005616587235601145,0.0001750081178736,0.0004057595026111323,0.0001200549023525
FOLD-1-SPECTRAL-5-4-K300-reference-5-1000-faiss-1-15-randomwalk-2-1.0-0.01-0.1-1.010,experiment_batch_long_cv,FOLD-1,spectral,False,173,620226,0.40334514427473983,0.3982956023795099,0.6336614041138081,0.6465185376005862,0.0005599349155216126,0.0001734981316508,0.0004055234192395548,0.0001197578059389
FOLD-1-SPECTRAL-5-4-K300-reference-5-1000-faiss_atlas_weighted-50-15-randomwalk-2-1.0-0.01-0.1-1.0-level_5annot-learndiff1.010,experiment_batch_long_cv,FOLD-1,spectral,False,173,620226,0.41173777468564626,0.4132762221743634,0.6381789501675259,0.651786090921593,0.0005571767145285031,0.0001713083860818,0.0004028791308096466,0.0001175751789232
FOLD-1-SPECTRAL-5-4-K300-reference-5-1000-faiss_atlas_weighted-50-15-randomwalk-2-1.0-0.01-0.1-1.0-level_5annot10,experiment_batch_long_cv,FOLD-1,spectral,False,173,620226,0.40708506585113524,0.4055010249250065,0.6371223186411267,0.6515420427649578,0.000558132432449862,0.0001716562678989,0.0004026798532550469,0.0001195985380706
FOLD-1-SPECTRAL-5-4-K300-reference-5-1000-faiss_cluster_weighted-50-15-randomwalk-2-1.0-0.01-0.1-1.0-clk64-sw1.0-cs0-learndiff1.010,experiment_batch_long_cv,FOLD-1,spectral,False,173,620226,0.4060443922938918,0.4048366766001988,0.6352331627958473,0.6494857110376374,0.0005592935975486332,0.0001751837599829,0.00040237918842953355,0.0001189238941774
FOLD-1-SPECTRAL-5-4-K300-reference-5-1000-faiss_cluster_weighted-50-15-randomwalk-2-1.0-0.01-0.1-1.0-clk64-sw1.0-cs010,experiment_batch_long_cv,FOLD-1,spectral,False,173,620226,0.4036266538109012,0.4003646092508223,0.6338053797629479,0.6468760458958263,0.0005607580625148433,0.0001767501024835,0.00040356731626153716,0.0001199853390077
FOLD-1-SPECTRAL-5-8-K6000-reference-5-1000-faiss_atlas_weighted-50-15-randomwalk-2-1.0-0.01-0.1-1.0-learndiff1.010,experiment_batch_long_cv,FOLD-1,spectral,False,173,620226,0.40382023247089516,0.3977607618696432,0.6338708997986773,0.6469502085277163,0.0005601642691738137,0.000174790651706,0.00040508072183667137,0.000120100966583
FOLD-2-MANIFOLD-RSAMPLE-5-4-K100-reference-5-data-2000-1000-faiss_atlas_weighted-50-15-randomwalk-2-1.0-0.01-0.1-learndiff1.0-blend0.810,experiment_batch_long_cv,FOLD-2,manifold,False,173,732764,0.41188802073056263,0.4058050243756784,0.6369623489339017,0.6457153620871766,0.0005695850644150876,0.0001804589098892,0.00041494656373315637,0.0001241048479291
FOLD-2-SPECTRAL-5-4-K100-reference-5-1000-faiss-1-15-randomwalk-2-1.0-0.01-0.1-1.0-learndiff1.010,experiment_batch_long_cv,FOLD-2,spectral,False,173,732764,0.4046340309942787,0.3992918879552726,0.6327568110887702,0.6410917632472974,0.0005729915885497162,0.0001827504009082,0.000417352039197767,0.0001241067166677
FOLD-2-SPECTRAL-5-4-K100-reference-5-1000-faiss-1-15-randomwalk-2-1.0-0.01-0.1-1.010,experiment_batch_long_cv,FOLD-2,spectral,False,173,732764,0.412479410123801,0.4052039721307423,0.6367694951005698,0.643984045831587,0.0005697251877894717,0.0001805060889814,0.00041542559638457543,0.0001237129852509
FOLD-2-SPECTRAL-5-4-K100-reference-5-1000-faiss_atlas_weighted-50-15-randomwalk-2-1.0-0.01-0.1-1.0-learndiff1.010,experiment_batch_long_cv,FOLD-2,spectral,False,173,732764,0.40459213242492315,0.3987569675984577,0.6314148721447825,0.6404124293953971,0.0005734152090159192,0.0001822781242909,0.0004186646230211509,0.0001239821914956
FOLD-2-SPECTRAL-5-4-K100-reference-5-1000-faiss_atlas_weighted-50-15-randomwalk-2-1.0-0.01-0.1-1.0-level_5annot-learndiff1.010,experiment_batch_long_cv,FOLD-2,spectral,False,173,732764,0.4075526729589682,0.4012039481349699,0.6337369266350732,0.6421250115628402,0.0005719960422405047,0.0001827792680015,0.0004172807248374657,0.0001239672781396
FOLD-2-SPECTRAL-5-4-K100-reference-5-1000-faiss_atlas_weighted-50-15-randomwalk-2-1.0-0.01-0.1-1.0-level_5annot10,experiment_batch_long_cv,FOLD-2,spectral,False,173,732764,0.40593987475509513,0.4033552613863371,0.6339887781592642,0.6438522344566702,0.000572558772682872,0.0001806806425827,0.0004178043808190007,0.0001228378931316
FOLD-2-SPECTRAL-5-4-K100-reference-5-1000-faiss_atlas_weighted-50-15-randomwalk-2-1.0-0.01-0.1-1.010,experiment_batch_long_cv,FOLD-2,spectral,False,173,732764,0.4009477800373947,0.3959839445027328,0.6295015282130696,0.6372433733304188,0.0005760733545266366,0.0001832030706298,0.0004205289761271505,0.0001249655326099
FOLD-2-SPECTRAL-5-4-K100-reference-5-1000-faiss_cluster_weighted-50-15-randomwalk-2-1.0-0.01-0.1-1.0-clk64-sw1.0-cs0-learndiff1.010,experiment_batch_long_cv,FOLD-2,spectral,False,173,732764,0.4099537660953663,0.4062014383218191,0.6350182864916764,0.6433803971898768,0.0005709518142126466,0.0001808311299045,0.00041661585070028616,0.0001232402510273
FOLD-2-SPECTRAL-5-4-K100-reference-5-1000-faiss_cluster_weighted-50-15-randomwalk-2-1.0-0.01-0.1-1.0-clk64-sw1.0-cs010,experiment_batch_long_cv,FOLD-2,spectral,False,173,732764,0.4061141179383287,0.3972041034269156,0.6333650434644682,0.6404950771683631,0.0005728115653974298,0.0001810507290075,0.00041810914813800024,0.0001238184000651
FOLD-2-SPECTRAL-5-4-K2300-reference-5-1000-faiss_atlas_weighted-50-15-randomwalk-2-1.0-0.01-0.1-1.0-learndiff1.010,experiment_batch_long_cv,FOLD-2,spectral,False,173,732764,0.39667258351203627,0.3977626601716723,0.6279570648501211,0.6403624601880448,0.000578041356752773,0.0001854590156154,0.00042029537622416396,0.0001249393905123
FOLD-2-SPECTRAL-5-4-K300-reference-5-1000-faiss-1-15-randomwalk-2-1.0-0.01-0.1-1.0-learndiff1.010,experiment_batch_long_cv,FOLD-2,spectral,False,173,732764,0.40923907793831854,0.4007803818603515,0.634400524301423,0.6384083085098661,0.0005705223512885791,0.00018108376319,0.00041520451537939895,0.0001239116682117
FOLD-2-SPECTRAL-5-4-K300-reference-5-1000-faiss-1-15-randomwalk-2-1.0-0.01-0.1-1.010,experiment_batch_long_cv,FOLD-2,spectral,False,173,732764,0.4136003259496367,0.4057171962354825,0.63714228652313,0.6421320805705476,0.0005683010443533376,0.0001798996292897,0.00041383470789162446,0.0001238469219974
FOLD-2-SPECTRAL-5-4-K300-reference-5-1000-faiss_atlas_weighted-50-15-randomwalk-2-1.0-0.01-0.1-1.0-level_5annot-learndiff1.010,experiment_batch_long_cv,FOLD-2,spectral,False,173,732764,0.3998662382838176,0.3993273656237539,0.6286558922429583,0.6400797124091171,0.0005763138484399646,0.0001821199372395,0.00042001835396601305,0.0001238743851711
FOLD-2-SPECTRAL-5-4-K300-reference-5-1000-faiss_atlas_weighted-50-15-randomwalk-2-1.0-0.01-0.1-1.0-level_5annot10,experiment_batch_long_cv,FOLD-2,spectral,False,173,732764,0.4157483355032801,0.409229684143183,0.6371565897579706,0.6433797038206276,0.0005681475336397261,0.0001802640446909,0.0004149372500828573,0.0001231108734344
FOLD-2-SPECTRAL-5-4-K300-reference-5-1000-faiss_cluster_weighted-50-15-randomwalk-2-1.0-0.01-0.1-1.0-clk64-sw1.0-cs0-learndiff1.010,experiment_batch_long_cv,FOLD-2,spectral,False,173,732764,0.4128512614114234,0.4075010415319104,0.6366100145673304,0.6445826669717573,0.0005690786954586905,0.0001808402301967,0.00041516459487372443,0.0001231893804379
FOLD-2-SPECTRAL-5-4-K300-reference-5-1000-faiss_cluster_weighted-50-15-randomwalk-2-1.0-0.01-0.1-1.0-clk64-sw1.0-cs010,experiment_batch_long_cv,FOLD-2,spectral,False,173,732764,0.4055856576712315,0.4035603133037031,0.6339125128612412,0.6446947585550731,0.0005732015317666347,0.0001834457779737,0.00041657195754447857,0.0001241464058239
FOLD-2-SPECTRAL-5-8-K6000-reference-5-1000-faiss_atlas_weighted-50-15-randomwalk-2-1.0-0.01-0.1-1.0-learndiff1.010,experiment_batch_long_cv,FOLD-2,spectral,False,173,732764,0.40039375318759224,0.3957100215239418,0.6282374216904477,0.6372971683125648,0.0005758868125275067,0.0001829567664637,0.0004198577277299139,0.0001247511712015
FOLD-3-MANIFOLD-RSAMPLE-5-4-K100-reference-5-data-2000-1000-faiss_atlas_weighted-50-15-randomwalk-2-1.0-0.01-0.1-learndiff1.0-blend0.810,experiment_batch_long_cv,FOLD-3,manifold,False,173,695996,0.36981260912525776,0.3583903460080485,0.6161192942335667,0.6228316270004695,0.0005839070635776213,0.0001907043387189,0.0004207675375995988,0.000129945470751
FOLD-3-SPECTRAL-5-4-K100-reference-5-1000-faiss-1-15-randomwalk-2-1.0-0.01-0.1-1.0-learndiff1.010,experiment_batch_long_cv,FOLD-3,spectral,False,173,695996,0.3576088825942681,0.3366103748764794,0.6049856674907108,0.6079120194335806,0.0005915596280746062,0.00019072044459,0.0004278834449731862,0.0001306277391871
FOLD-3-SPECTRAL-5-4-K100-reference-5-1000-faiss-1-15-randomwalk-2-1.0-0.01-0.1-1.010,experiment_batch_long_cv,FOLD-3,spectral,False,173,695996,0.3660010123088135,0.3507080496805786,0.6117371623814918,0.6150976903596375,0.000587450632184349,0.0001902458108972,0.0004257031117610442,0.000130984664057
FOLD-3-SPECTRAL-5-4-K100-reference-5-1000-faiss_atlas_weighted-50-15-randomwalk-2-1.0-0.01-0.1-1.0-learndiff1.010,experiment_batch_long_cv,FOLD-3,spectral,False,173,695996,0.35667098837332795,0.3464050419071687,0.60769967346839,0.6119019638833588,0.0005918466649350768,0.0001907336519651,0.00042945410121585776,0.0001316602571465
FOLD-3-SPECTRAL-5-4-K100-reference-5-1000-faiss_atlas_weighted-50-15-randomwalk-2-1.0-0.01-0.1-1.0-level_5annot-learndiff1.010,experiment_batch_long_cv,FOLD-3,spectral,False,173,695996,0.3502284918464465,0.3411497734552013,0.6034593832614792,0.610747946067331,0.0005928560138721126,0.000191864921714,0.0004297776211025834,0.0001329457496998
FOLD-3-SPECTRAL-5-4-K100-reference-5-1000-faiss_atlas_weighted-50-15-randomwalk-2-1.0-0.01-0.1-1.0-level_5annot10,experiment_batch_long_cv,FOLD-3,spectral,False,173,695996,0.3554482017940334,0.3420238572280835,0.6033114646181381,0.6106916464961956,0.0005908809168455089,0.0001891848639534,0.0004280841779409061,0.0001307297072562
FOLD-3-SPECTRAL-5-4-K100-reference-5-1000-faiss_atlas_weighted-50-15-randomwalk-2-1.0-0.01-0.1-1.010,experiment_batch_long_cv,FOLD-3,spectral,False,173,695996,0.3645826382918187,0.3494591176009748,0.6088688134172899,0.6124564271318143,0.0005876124920418029,0.0001902182226132,0.0004254422382372722,0.0001304482984174
FOLD-3-SPECTRAL-5-4-K100-reference-5-1000-faiss_cluster_weighted-50-15-randomwalk-2-1.0-0.01-0.1-1.0-clk64-sw1.0-cs0-learndiff1.010,experiment_batch_long_cv,FOLD-3,spectral,False,173,695996,0.3570897508596224,0.3437143747932051,0.6083093449399208,0.6142935938445931,0.0005913430475282866,0.0001914820521575,0.0004279547463056334,0.0001324977670839
FOLD-3-SPECTRAL-5-4-K100-reference-5-1000-faiss_cluster_weighted-50-15-randomwalk-2-1.0-0.01-0.1-1.0-clk64-sw1.0-cs010,experiment_batch_long_cv,FOLD-3,spectral,False,173,695996,0.36523578608923474,0.3520836789325715,0.6104295963768505,0.6148546325245942,0.0005878414861339135,0.0001892228125674,0.00042633496200840794,0.0001304096191065
FOLD-3-SPECTRAL-5-4-K2300-reference-5-1000-faiss_atlas_weighted-50-15-randomwalk-2-1.0-0.01-0.1-1.0-learndiff1.010,experiment_batch_long_cv,FOLD-3,spectral,False,173,695996,0.3570189226987701,0.346066009718652,0.608243475772889,0.6149914800320605,0.0005905858690709437,0.0001904364868864,0.00042747019647854854,0.0001320472030376
FOLD-3-SPECTRAL-5-4-K300-reference-5-1000-faiss-1-15-randomwalk-2-1.0-0.01-0.1-1.0-learndiff1.010,experiment_batch_long_cv,FOLD-3,spectral,False,173,695996,0.3705834701350384,0.3587240809902315,0.6143852186944202,0.6196427396178069,0.0005853292921336617,0.0001887656027149,0.0004242853214597818,0.0001296678781814
FOLD-3-SPECTRAL-5-4-K300-reference-5-1000-faiss-1-15-randomwalk-2-1.0-0.01-0.1-1.010,experiment_batch_long_cv,FOLD-3,spectral,False,173,695996,0.36838368547729383,0.3557079111131663,0.613825980279833,0.6164538488220436,0.0005864786185781439,0.0001900345962971,0.00042438898441280126,0.0001302404451253
FOLD-3-SPECTRAL-5-4-K300-reference-5-1000-faiss_atlas_weighted-50-15-randomwalk-2-1.0-0.01-0.1-1.0-level_5annot-learndiff1.010,experiment_batch_long_cv,FOLD-3,spectral,False,173,695996,0.36092888812926305,0.3498130444268452,0.609059224826803,0.6153638740697244,0.0005893776899506025,0.000189643571665,0.00042725955452166793,0.0001304923377297
FOLD-3-SPECTRAL-5-4-K300-reference-5-1000-faiss_atlas_weighted-50-15-randomwalk-2-1.0-0.01-0.1-1.0-level_5annot10,experiment_batch_long_cv,FOLD-3,spectral,False,173,695996,0.3570497927728502,0.343637745367882,0.6083722267150655,0.616273806071852,0.0005914446222965387,0.0001904169412834,0.00042955500835499945,0.0001302709942958
FOLD-3-SPECTRAL-5-4-K300-reference-5-1000-faiss_cluster_weighted-50-15-randomwalk-2-1.0-0.01-0.1-1.0-clk64-sw1.0-cs0-learndiff1.010,experiment_batch_long_cv,FOLD-3,spectral,False,173,695996,0.3659774777542351,0.3504900364171066,0.6128179948399209,0.6178210104362568,0.0005880057608074365,0.0001914002239946,0.00042539514361417325,0.0001312662911282
FOLD-3-SPECTRAL-5-4-K300-reference-5-1000-faiss_cluster_weighted-50-15-randomwalk-2-1.0-0.01-0.1-1.0-clk64-sw1.0-cs010,experiment_batch_long_cv,FOLD-3,spectral,False,173,695996,0.3647318335658686,0.3503419278811025,0.6139737261112386,0.6163962765450586,0.0005877119979413735,0.000189972653863,0.0004251770682987567,0.0001310030418665
FOLD-3-SPECTRAL-5-8-K6000-reference-5-1000-faiss_atlas_weighted-50-15-randomwalk-2-1.0-0.01-0.1-1.0-learndiff1.010,experiment_batch_long_cv,FOLD-3,spectral,False,173,695996,0.3621899406993345,0.3492463076352622,0.6114450537220832,0.6186254475536832,0.0005888325465509538,0.0001892726752673,0.00042694902621723827,0.0001306811810558
FOLD-4-MANIFOLD-RSAMPLE-5-4-K100-reference-5-data-2000-1000-faiss_atlas_weighted-50-15-randomwalk-2-1.0-0.01-0.1-learndiff1.0-blend0.810,experiment_batch_long_cv,FOLD-4,manifold,False,173,1932849,0.34337703453695845,0.3353800613971347,0.5858079400866556,0.5922631275296854,0.0006342201258687123,0.0001967279863004,0.000459619996873127,0.0001395173963453
FOLD-4-SPECTRAL-5-4-K100-reference-5-1000-faiss-1-15-randomwalk-2-1.0-0.01-0.1-1.0-learndiff1.010,experiment_batch_long_cv,FOLD-4,spectral,False,173,1932849,0.34795417620505925,0.3387458781778072,0.5896905494335837,0.5940807186788313,0.0006332345453910652,0.0001958745188868,0.0004604835196837649,0.0001390277469858
FOLD-4-SPECTRAL-5-4-K100-reference-5-1000-faiss-1-15-randomwalk-2-1.0-0.01-0.1-1.010,experiment_batch_long_cv,FOLD-4,spectral,False,173,1932849,0.34697459695996363,0.3395673125800524,0.5887625252567702,0.5925137913298016,0.0006329283891968862,0.0001964636490382,0.00046070906983451253,0.0001398656136026
FOLD-4-SPECTRAL-5-4-K100-reference-5-1000-faiss_atlas_weighted-50-15-randomwalk-2-1.0-0.01-0.1-1.0-learndiff1.010,experiment_batch_long_cv,FOLD-4,spectral,False,173,1932849,0.3532845481472744,0.3434669432107828,0.5924178988104071,0.598009743148212,0.0006308921655154153,0.0001952044367558,0.00045913225528655037,0.0001386462707203
FOLD-4-SPECTRAL-5-4-K100-reference-5-1000-faiss_atlas_weighted-50-15-randomwalk-2-1.0-0.01-0.1-1.0-level_5annot-learndiff1.010,experiment_batch_long_cv,FOLD-4,spectral,False,173,1932849,0.3486175480508797,0.338840697324214,0.58963592336364,0.5973210085040666,0.0006320198334950466,0.0001959820799584,0.00045995904102757247,0.0001392949212327
FOLD-4-SPECTRAL-5-4-K100-reference-5-1000-faiss_atlas_weighted-50-15-randomwalk-2-1.0-0.01-0.1-1.0-level_5annot10,experiment_batch_long_cv,FOLD-4,spectral,False,173,1932849,0.3492317750417785,0.3380342641793215,0.5894660875099151,0.5932734539128242,0.000632171955295737,0.0001955225193212,0.0004597746019482143,0.0001387578177316
FOLD-4-SPECTRAL-5-4-K100-reference-5-1000-faiss_atlas_weighted-50-15-randomwalk-2-1.0-0.01-0.1-1.010,experiment_batch_long_cv,FOLD-4,spectral,False,173,1932849,0.35009559051518474,0.3390364159782961,0.5901708971547944,0.5940137916558561,0.0006317073782452432,0.0001950086744962,0.00045944212264818415,0.0001388463414869
FOLD-4-SPECTRAL-5-4-K100-reference-5-1000-faiss_cluster_weighted-50-15-randomwalk-2-1.0-0.01-0.1-1.0-clk64-sw1.0-cs0-learndiff1.010,experiment_batch_long_cv,FOLD-4,spectral,False,173,1932849,0.35215720495645275,0.3441802612334317,0.5925268839982241,0.5987421659282381,0.0006310677992700089,0.0001953819744056,0.0004587899706630781,0.0001387909565727
FOLD-4-SPECTRAL-5-4-K100-reference-5-1000-faiss_cluster_weighted-50-15-randomwalk-2-1.0-0.01-0.1-1.0-clk64-sw1.0-cs010,experiment_batch_long_cv,FOLD-4,spectral,False,173,1932849,0.35483590230804146,0.3491482662950981,0.5932678332648371,0.6020056725610592,0.0006288015627641516,0.0001949044172792,0.0004578831117041804,0.0001384823730252
FOLD-4-SPECTRAL-5-4-K2300-reference-5-1000-faiss_atlas_weighted-50-15-randomwalk-2-1.0-0.01-0.1-1.0-learndiff1.010,experiment_batch_long_cv,FOLD-4,spectral,False,173,1932849,0.3471397946785248,0.3383988881338675,0.588949577816713,0.5953000078639223,0.00063400279757643,0.0001963857080576,0.0004610806819057114,0.0001390900213042
FOLD-4-SPECTRAL-5-4-K300-reference-5-1000-faiss-1-15-randomwalk-2-1.0-0.01-0.1-1.0-learndiff1.010,experiment_batch_long_cv,FOLD-4,spectral,False,173,1932849,0.3511816006008866,0.3397457277854717,0.5922949126860837,0.5988920346554781,0.0006304039406794497,0.0001952388573068,0.00045816556340015266,0.0001389380605302
FOLD-4-SPECTRAL-5-4-K300-reference-5-1000-faiss-1-15-randomwalk-2-1.0-0.01-0.1-1.010,experiment_batch_long_cv,FOLD-4,spectral,False,173,1932849,0.353478754856111,0.337816398750882,0.5932841339791298,0.601405246605937,0.0006288125882437497,0.0001951434063012,0.00045784223192017065,0.0001390187919123
FOLD-4-SPECTRAL-5-4-K300-reference-5-1000-faiss_atlas_weighted-50-15-randomwalk-2-1.0-0.01-0.1-1.0-level_5annot-learndiff1.010,experiment_batch_long_cv,FOLD-4,spectral,False,173,1932849,0.3460615548706329,0.3392134014240917,0.5880134952962378,0.5974128303200956,0.000633632460695921,0.0001954353297514,0.0004608926282288855,0.0001394085247033
FOLD-4-SPECTRAL-5-4-K300-reference-5-1000-faiss_atlas_weighted-50-15-randomwalk-2-1.0-0.01-0.1-1.0-level_5annot10,experiment_batch_long_cv,FOLD-4,spectral,False,173,1932849,0.35140479558931786,0.3411273521089369,0.5918284919733965,0.5961399337803229,0.0006321754562417488,0.0001960285662498,0.0004591596563827813,0.0001393174563163
FOLD-4-SPECTRAL-5-4-K300-reference-5-1000-faiss_cluster_weighted-50-15-randomwalk-2-1.0-0.01-0.1-1.0-clk64-sw1.0-cs0-learndiff1.010,experiment_batch_long_cv,FOLD-4,spectral,False,173,1932849,0.35109601686731745,0.3401029198794172,0.5920635357248504,0.6014187555462462,0.0006310481031129344,0.0001965284523351,0.00045829749370275064,0.0001392453866586
FOLD-4-SPECTRAL-5-4-K300-reference-5-1000-faiss_cluster_weighted-50-15-randomwalk-2-1.0-0.01-0.1-1.0-clk64-sw1.0-cs010,experiment_batch_long_cv,FOLD-4,spectral,False,173,1932849,0.34769857055549935,0.3353623920941943,0.5899932139488443,0.5972911238074176,0.0006328778818620093,0.0001961957467981,0.0004593582434982375,0.0001390152754169
FOLD-4-SPECTRAL-5-8-K6000-reference-5-1000-faiss_atlas_weighted-50-15-randomwalk-2-1.0-0.01-0.1-1.0-learndiff1.010,experiment_batch_long_cv,FOLD-4,spectral,False,173,1932849,0.3505082169121293,0.3416010679821959,0.5896119035682871,0.5948563618827745,0.0006310856590071906,0.0001958536780586,0.0004586557922196746,0.0001388811709207
FOLD-5-MANIFOLD-RSAMPLE-5-4-K100-reference-5-data-2000-1000-faiss_atlas_weighted-50-15-randomwalk-2-1.0-0.01-0.1-learndiff1.0-blend0.810,experiment_batch_long_cv,FOLD-5,manifold,False,173,1726060,0.3096866523149632,0.2861957765155124,0.5648903256479615,0.564280598764829,0.0006398192627176719,0.0001957997409849,0.0004720606292606451,0.0001523218116393
FOLD-5-SPECTRAL-5-4-K100-reference-5-1000-faiss-1-15-randomwalk-2-1.0-0.01-0.1-1.0-learndiff1.010,experiment_batch_long_cv,FOLD-5,spectral,False,173,1726060,0.2886947165509671,0.2785060485840716,0.5571710891648568,0.5537857578701738,0.0006458225572594076,0.0002052506100106,0.0004781226408946477,0.0001536678861414
FOLD-5-SPECTRAL-5-4-K100-reference-5-1000-faiss-1-15-randomwalk-2-1.0-0.01-0.1-1.010,experiment_batch_long_cv,FOLD-5,spectral,False,173,1726060,0.2919228057773581,0.2742517334434023,0.5549393768390689,0.5533133351920625,0.0006497161398474073,0.0002006237151207,0.0004803419928706586,0.0001530710178013
FOLD-5-SPECTRAL-5-4-K100-reference-5-1000-faiss_atlas_weighted-50-15-randomwalk-2-1.0-0.01-0.1-1.0-learndiff1.010,experiment_batch_long_cv,FOLD-5,spectral,False,173,1726060,0.2853448655166692,0.2658525031861493,0.5525522714651688,0.5512263892165278,0.0006504167217879902,0.0002048522055256,0.00048106141133994525,0.0001515602203756
FOLD-5-SPECTRAL-5-4-K100-reference-5-1000-faiss_atlas_weighted-50-15-randomwalk-2-1.0-0.01-0.1-1.0-level_5annot-learndiff1.010,experiment_batch_long_cv,FOLD-5,spectral,False,173,1726060,0.298800164383014,0.2826025676480359,0.5602510183631905,0.5662494651445117,0.0006434896759170859,0.0001994688927221,0.0004761559879925444,0.0001524971556432
FOLD-5-SPECTRAL-5-4-K100-reference-5-1000-faiss_atlas_weighted-50-15-randomwalk-2-1.0-0.01-0.1-1.0-level_5annot10,experiment_batch_long_cv,FOLD-5,spectral,False,173,1726060,0.2855655267059091,0.2653766499854476,0.551126866723774,0.553118123601945,0.000648014434826978,0.0002050626697682,0.0004800462263915043,0.0001539359712535
FOLD-5-SPECTRAL-5-4-K100-reference-5-1000-faiss_atlas_weighted-50-15-randomwalk-2-1.0-0.01-0.1-1.010,experiment_batch_long_cv,FOLD-5,spectral,False,173,1726060,0.2883135069943548,0.2705650264210024,0.5531452677677413,0.5559514190614055,0.0006468178622196888,0.0002048870051164,0.00047980721491731984,0.0001535766556849
FOLD-5-SPECTRAL-5-4-K100-reference-5-1000-faiss_cluster_weighted-50-15-randomwalk-2-1.0-0.01-0.1-1.0-clk64-sw1.0-cs0-learndiff1.010,experiment_batch_long_cv,FOLD-5,spectral,False,173,1726060,0.2884747527560409,0.2707921778540084,0.5537988867147726,0.5500527682525294,0.0006499989828719849,0.0002027143298798,0.0004807759596824136,0.0001531048609539
FOLD-5-SPECTRAL-5-4-K100-reference-5-1000-faiss_cluster_weighted-50-15-randomwalk-2-1.0-0.01-0.1-1.0-clk64-sw1.0-cs010,experiment_batch_long_cv,FOLD-5,spectral,False,173,1726060,0.2834403001799456,0.2664451007642411,0.5508045158318682,0.5512048927999496,0.0006521341296982264,0.0002028715818486,0.000482086492965552,0.0001527484823973
FOLD-5-SPECTRAL-5-4-K2300-reference-5-1000-faiss_atlas_weighted-50-15-randomwalk-2-1.0-0.01-0.1-1.0-learndiff1.010,experiment_batch_long_cv,FOLD-5,spectral,False,173,1726060,0.27747884190974853,0.2635715595132477,0.548825033884981,0.5493666897224173,0.0006539580880415484,0.0002081263592469,0.0004840478197253976,0.0001529689798723
FOLD-5-SPECTRAL-5-4-K300-reference-5-1000-faiss-1-15-randomwalk-2-1.0-0.01-0.1-1.0-learndiff1.010,experiment_batch_long_cv,FOLD-5,spectral,False,173,1726060,0.30174873737242314,0.2858104354211802,0.5647011905279686,0.5634700122938999,0.0006416843856407267,0.0002010460099004,0.00047508850225537783,0.0001527343650268
FOLD-5-SPECTRAL-5-4-K300-reference-5-1000-faiss-1-15-randomwalk-2-1.0-0.01-0.1-1.010,experiment_batch_long_cv,FOLD-5,spectral,False,173,1726060,0.2892791605534784,0.2674838131112691,0.5555615717256289,0.5532460051708828,0.0006510099235558547,0.0002019033107174,0.0004821856535188679,0.0001536739809913
FOLD-5-SPECTRAL-5-4-K300-reference-5-1000-faiss_atlas_weighted-50-15-randomwalk-2-1.0-0.01-0.1-1.0-level_5annot-learndiff1.010,experiment_batch_long_cv,FOLD-5,spectral,False,173,1726060,0.27989525430933765,0.2686434910711387,0.5510873280412079,0.5470892502662777,0.0006496147206556346,0.0002048139653781,0.00048062474986554197,0.0001544519758147
FOLD-5-SPECTRAL-5-4-K300-reference-5-1000-faiss_atlas_weighted-50-15-randomwalk-2-1.0-0.01-0.1-1.0-level_5annot10,experiment_batch_long_cv,FOLD-5,spectral,False,173,1726060,0.30121090781842247,0.2837758690542685,0.5623764541827129,0.567391381447374,0.0006438527146680583,0.0002003119878849,0.00047736222408604855,0.0001529938982022
FOLD-5-SPECTRAL-5-4-K300-reference-5-1000-faiss_cluster_weighted-50-15-randomwalk-2-1.0-0.01-0.1-1.0-clk64-sw1.0-cs0-learndiff1.010,experiment_batch_long_cv,FOLD-5,spectral,False,173,1726060,0.3110859630835852,0.2909139196061011,0.5669009063246054,0.5665857193152082,0.0006402140092679286,0.0001972156015687,0.00047382560428239255,0.0001523742698344
FOLD-5-SPECTRAL-5-4-K300-reference-5-1000-faiss_cluster_weighted-50-15-randomwalk-2-1.0-0.01-0.1-1.0-clk64-sw1.0-cs010,experiment_batch_long_cv,FOLD-5,spectral,False,173,1726060,0.3035574674670178,0.2762494059074735,0.562921668404053,0.5600227302942526,0.0006425734682592229,0.0001970060807595,0.0004758118612998795,0.0001532790533838
FOLD-5-SPECTRAL-5-8-K6000-reference-5-1000-faiss_atlas_weighted-50-15-randomwalk-2-1.0-0.01-0.1-1.0-learndiff1.010,experiment_batch_long_cv,FOLD-5,spectral,False,173,1726060,0.2505248911186607,0.2424148514459603,0.5352618469161822,0.5350457793872674,0.0006586433286831158,0.0002185854183274,0.00048592700806903213,0.0001547112693214
FOLD-6-MANIFOLD-RSAMPLE-5-4-K100-reference-5-data-2000-1000-faiss_atlas_weighted-50-15-randomwalk-2-1.0-0.01-0.1-learndiff1.0-blend0.810,experiment_batch_long_cv,FOLD-6,manifold,False,173,436178,0.41128662865295335,0.4155705891155172,0.6349910391893258,0.6479170179002247,0.0005699350954256812,0.0001782526872053,0.0004164140419210419,0.0001259057897653
FOLD-6-SPECTRAL-5-4-K100-reference-5-1000-faiss-1-15-randomwalk-2-1.0-0.01-0.1-1.0-learndiff1.010,experiment_batch_long_cv,FOLD-6,spectral,False,173,436178,0.40440644869836034,0.4010666134346937,0.6304771481701819,0.6447131410299921,0.0005736180773193413,0.0001790653422343,0.0004190124336344494,0.0001262776974853
FOLD-6-SPECTRAL-5-4-K100-reference-5-1000-faiss-1-15-randomwalk-2-1.0-0.01-0.1-1.010,experiment_batch_long_cv,FOLD-6,spectral,False,173,436178,0.4036024609592111,0.4026995377653195,0.6291943414030892,0.6402261294670121,0.0005747765388610947,0.0001788876164904,0.00042042969452541016,0.0001263036736676
FOLD-6-SPECTRAL-5-4-K100-reference-5-1000-faiss_atlas_weighted-50-15-randomwalk-2-1.0-0.01-0.1-1.0-learndiff1.010,experiment_batch_long_cv,FOLD-6,spectral,False,173,436178,0.40606629240427683,0.4021135718947847,0.6318345624385295,0.6464774623283868,0.0005728777232488618,0.0001793301563164,0.00041879181850435464,0.0001265119132632
FOLD-6-SPECTRAL-5-4-K100-reference-5-1000-faiss_atlas_weighted-50-15-randomwalk-2-1.0-0.01-0.1-1.0-level_5annot-learndiff1.010,experiment_batch_long_cv,FOLD-6,spectral,False,173,436178,0.40260790832339044,0.4071534674889653,0.6289100544999277,0.6405567771457945,0.0005749672113858036,0.0001791453226694,0.00042094768389305126,0.0001266307259007
FOLD-6-SPECTRAL-5-4-K100-reference-5-1000-faiss_atlas_weighted-50-15-randomwalk-2-1.0-0.01-0.1-1.0-level_5annot10,experiment_batch_long_cv,FOLD-6,spectral,False,173,436178,0.4037609226604712,0.4009803371282254,0.6301667530890529,0.6444681250480078,0.0005740100449393116,0.0001797598629383,0.0004191634072169962,0.000126803902119
FOLD-6-SPECTRAL-5-4-K100-reference-5-1000-faiss_atlas_weighted-50-15-randomwalk-2-1.0-0.01-0.1-1.010,experiment_batch_long_cv,FOLD-6,spectral,False,173,436178,0.4033506748750209,0.4029689895165127,0.6292028625970705,0.6409704423150929,0.0005745256484924704,0.0001790639160826,0.0004203221270000348,0.0001261734821188
FOLD-6-SPECTRAL-5-4-K100-reference-5-1000-faiss_cluster_weighted-50-15-randomwalk-2-1.0-0.01-0.1-1.0-clk64-sw1.0-cs0-learndiff1.010,experiment_batch_long_cv,FOLD-6,spectral,False,173,436178,0.403855975428155,0.4077974352121739,0.6293792004600436,0.6418236841065501,0.0005751256916306866,0.0001789386292881,0.0004203312602222258,0.000126514219064
FOLD-6-SPECTRAL-5-4-K100-reference-5-1000-faiss_cluster_weighted-50-15-randomwalk-2-1.0-0.01-0.1-1.0-clk64-sw1.0-cs010,experiment_batch_long_cv,FOLD-6,spectral,False,173,436178,0.4046408760787157,0.4072076918047383,0.6292191920301463,0.6443236370434644,0.0005729688627993969,0.0001793215313634,0.00041909067577000885,0.0001267778684163
FOLD-6-SPECTRAL-5-4-K2300-reference-5-1000-faiss_atlas_weighted-50-15-randomwalk-2-1.0-0.01-0.1-1.0-learndiff1.010,experiment_batch_long_cv,FOLD-6,spectral,False,173,436178,0.403346633216298,0.4068860700639681,0.6315888163826204,0.645259178926763,0.0005734678791071463,0.0001796183409085,0.0004187986149800933,0.0001257814020277
FOLD-6-SPECTRAL-5-4-K300-reference-5-1000-faiss-1-15-randomwalk-2-1.0-0.01-0.1-1.0-learndiff1.010,experiment_batch_long_cv,FOLD-6,spectral,False,173,436178,0.4004344562882956,0.3960941104904794,0.6263649144881143,0.6395859646711342,0.0005763860466593707,0.0001798739112925,0.00042170401964163507,0.0001269909550061
FOLD-6-SPECTRAL-5-4-K300-reference-5-1000-faiss-1-15-randomwalk-2-1.0-0.01-0.1-1.010,experiment_batch_long_cv,FOLD-6,spectral,False,173,436178,0.40710287394541717,0.408920458973387,0.6323026473296701,0.6472619391734441,0.0005723806888972652,0.000178221290589,0.00041799219763827126,0.0001257687304166
FOLD-6-SPECTRAL-5-4-K300-reference-5-1000-faiss_atlas_weighted-50-15-randomwalk-2-1.0-0.01-0.1-1.0-level_5annot-learndiff1.010,experiment_batch_long_cv,FOLD-6,spectral,False,173,436178,0.40408253605494093,0.4025452661560563,0.629870767585955,0.6373221393008243,0.0005746160006463271,0.0001779015516428,0.00042095287367483586,0.0001261180756517
FOLD-6-SPECTRAL-5-4-K300-reference-5-1000-faiss_atlas_weighted-50-15-randomwalk-2-1.0-0.01-0.1-1.0-level_5annot10,experiment_batch_long_cv,FOLD-6,spectral,False,173,436178,0.3997352602918034,0.4019789210845532,0.6270281996757766,0.6391991565486715,0.0005755565897552706,0.0001797945261331,0.0004204150952015325,0.0001269402815228
FOLD-6-SPECTRAL-5-4-K300-reference-5-1000-faiss_cluster_weighted-50-15-randomwalk-2-1.0-0.01-0.1-1.0-clk64-sw1.0-cs0-learndiff1.010,experiment_batch_long_cv,FOLD-6,spectral,False,173,436178,0.4054790673743183,0.4083936084561916,0.6306170665332197,0.6432519986792865,0.000573603024942868,0.0001791750050222,0.000418873528689031,0.0001263653711311
FOLD-6-SPECTRAL-5-4-K300-reference-5-1000-faiss_cluster_weighted-50-15-randomwalk-2-1.0-0.01-0.1-1.0-clk64-sw1.0-cs010,experiment_batch_long_cv,FOLD-6,spectral,False,173,436178,0.4077035402221194,0.4085554833828494,0.6324358484797105,0.6448882859825067,0.0005725369645474467,0.0001789826967695,0.00041834154846778066,0.0001256375195765
FOLD-6-SPECTRAL-5-8-K6000-reference-5-1000-faiss_atlas_weighted-50-15-randomwalk-2-1.0-0.01-0.1-1.0-learndiff1.010,experiment_batch_long_cv,FOLD-6,spectral,False,173,436178,0.39600437815138667,0.3944749350937266,0.6246872558628505,0.6337378840305873,0.0005777524566899828,0.0001808355049088,0.00042201233258030204,0.0001275251454387
FOLD-7-MANIFOLD-RSAMPLE-5-4-K100-reference-5-data-2000-1000-faiss_atlas_weighted-50-15-randomwalk-2-1.0-0.01-0.1-learndiff1.0-blend0.810,experiment_batch_long_cv,FOLD-7,manifold,False,173,1932849,0.34808877795325643,0.3365704868043949,0.5893560472070256,0.5939877904474421,0.000632239054668475,0.000197126382908,0.00045739150814515646,0.0001395933309345
FOLD-7-SPECTRAL-5-4-K100-reference-5-1000-faiss-1-15-randomwalk-2-1.0-0.01-0.1-1.0-learndiff1.010,experiment_batch_long_cv,FOLD-7,spectral,False,173,1932849,0.350114330091728,0.337488522390288,0.5908638390767547,0.5961546750815728,0.0006314234395887391,0.0001955773733473,0.00045959592479662587,0.000139053750932
FOLD-7-SPECTRAL-5-4-K100-reference-5-1000-faiss-1-15-randomwalk-2-1.0-0.01-0.1-1.010,experiment_batch_long_cv,FOLD-7,spectral,False,173,1932849,0.3545187824029253,0.3406428592349619,0.5946334030836666,0.5986311190618413,0.0006303010111500604,0.0001943314801611,0.0004587248852576479,0.000138028785827
FOLD-7-SPECTRAL-5-4-K100-reference-5-1000-faiss_atlas_weighted-50-15-randomwalk-2-1.0-0.01-0.1-1.0-learndiff1.010,experiment_batch_long_cv,FOLD-7,spectral,False,173,1932849,0.3517457623677627,0.341870403865266,0.5904708232111694,0.595673510785842,0.0006309282179930377,0.0001956211297802,0.0004595249352960816,0.0001392840375173
FOLD-7-SPECTRAL-5-4-K100-reference-5-1000-faiss_atlas_weighted-50-15-randomwalk-2-1.0-0.01-0.1-1.0-level_5annot-learndiff1.010,experiment_batch_long_cv,FOLD-7,spectral,False,173,1932849,0.34899849807278166,0.3402250948877071,0.590304878801714,0.5947773212024963,0.0006312194035154213,0.0001965029375686,0.0004587942239169046,0.0001393087975413
FOLD-7-SPECTRAL-5-4-K100-reference-5-1000-faiss_atlas_weighted-50-15-randomwalk-2-1.0-0.01-0.1-1.0-level_5annot10,experiment_batch_long_cv,FOLD-7,spectral,False,173,1932849,0.3531536104087692,0.3450786516319634,0.5912513797676497,0.5980950050341104,0.0006297237967173465,0.0001950716581126,0.00045862001592448376,0.0001389133265858
FOLD-7-SPECTRAL-5-4-K100-reference-5-1000-faiss_atlas_weighted-50-15-randomwalk-2-1.0-0.01-0.1-1.010,experiment_batch_long_cv,FOLD-7,spectral,False,173,1932849,0.3498253528072852,0.3373426582154271,0.5897388219001125,0.5961003963606853,0.0006318496816593762,0.0001959556129933,0.0004594466313963055,0.0001388376117047
FOLD-7-SPECTRAL-5-4-K100-reference-5-1000-faiss_cluster_weighted-50-15-randomwalk-2-1.0-0.01-0.1-1.0-clk64-sw1.0-cs0-learndiff1.010,experiment_batch_long_cv,FOLD-7,spectral,False,173,1932849,0.3469143009907925,0.3392327840201938,0.5881983500828859,0.5930887606882734,0.0006336479140165048,0.0001963093694137,0.00046114426162151165,0.0001394524045313
FOLD-7-SPECTRAL-5-4-K100-reference-5-1000-faiss_cluster_weighted-50-15-randomwalk-2-1.0-0.01-0.1-1.0-clk64-sw1.0-cs010,experiment_batch_long_cv,FOLD-7,spectral,False,173,1932849,0.346130216458568,0.3352380236381641,0.5882933206927895,0.5956278023183705,0.0006336552307113872,0.0001964763889647,0.00046018076360845856,0.0001392148660144
FOLD-7-SPECTRAL-5-4-K2300-reference-5-1000-faiss_atlas_weighted-50-15-randomwalk-2-1.0-0.01-0.1-1.0-learndiff1.010,experiment_batch_long_cv,FOLD-7,spectral,False,173,1932849,0.34377429877921256,0.3294244066357109,0.587109838556608,0.5910332989682826,0.0006350142685292038,0.0001971922363818,0.0004608619146026925,0.0001399773287728
FOLD-7-SPECTRAL-5-4-K300-reference-5-1000-faiss-1-15-randomwalk-2-1.0-0.01-0.1-1.0-learndiff1.010,experiment_batch_long_cv,FOLD-7,spectral,False,173,1932849,0.35031104744279995,0.3416599944928931,0.591324750168885,0.5959905407800498,0.0006306041639655676,0.0001955960997998,0.00045801829753842037,0.0001384163756036
FOLD-7-SPECTRAL-5-4-K300-reference-5-1000-faiss-1-15-randomwalk-2-1.0-0.01-0.1-1.010,experiment_batch_long_cv,FOLD-7,spectral,False,173,1932849,0.34983119551882147,0.3395842670261115,0.5896343287323198,0.5975121149522744,0.0006321447862725888,0.0001954815828762,0.0004601661476051538,0.0001391074050693
FOLD-7-SPECTRAL-5-4-K300-reference-5-1000-faiss_atlas_weighted-50-15-randomwalk-2-1.0-0.01-0.1-1.0-level_5annot-learndiff1.010,experiment_batch_long_cv,FOLD-7,spectral,False,173,1932849,0.34988674240491924,0.3379978708780424,0.5910400211581648,0.5946762861197155,0.0006314431877700053,0.0001960958071273,0.0004597077989171565,0.0001393300685207
FOLD-7-SPECTRAL-5-4-K300-reference-5-1000-faiss_atlas_weighted-50-15-randomwalk-2-1.0-0.01-0.1-1.0-level_5annot10,experiment_batch_long_cv,FOLD-7,spectral,False,173,1932849,0.34960502422277595,0.3387098545815835,0.5892973592374723,0.5963435923249186,0.0006307148141706761,0.000196100597952,0.0004578553833514985,0.0001387167888543
FOLD-7-SPECTRAL-5-4-K300-reference-5-1000-faiss_cluster_weighted-50-15-randomwalk-2-1.0-0.01-0.1-1.0-clk64-sw1.0-cs0-learndiff1.010,experiment_batch_long_cv,FOLD-7,spectral,False,173,1932849,0.35124566009200436,0.3418608034927125,0.5914187871221778,0.5983152869101468,0.000631135569893806,0.0001959332088646,0.00045809012156658284,0.0001390163011983
FOLD-7-SPECTRAL-5-4-K300-reference-5-1000-faiss_cluster_weighted-50-15-randomwalk-2-1.0-0.01-0.1-1.0-clk64-sw1.0-cs010,experiment_batch_long_cv,FOLD-7,spectral,False,173,1932849,0.3550260364075258,0.3493222662172812,0.5940873301592684,0.6042950144204444,0.0006298018746076873,0.0001951223339643,0.0004571220299537247,0.0001382572727748
FOLD-7-SPECTRAL-5-8-K6000-reference-5-1000-faiss_atlas_weighted-50-15-randomwalk-2-1.0-0.01-0.1-1.0-learndiff1.010,experiment_batch_long_cv,FOLD-7,spectral,False,173,1932849,0.34520816891994394,0.333052588565181,0.587928970097881,0.5925189029564414,0.0006334232146691464,0.0001954056919213,0.00046108104528823525,0.0001393140000347
FOLD-8-MANIFOLD-RSAMPLE-5-4-K100-reference-5-data-2000-1000-faiss_atlas_weighted-50-15-randomwalk-2-1.0-0.01-0.1-learndiff1.0-blend0.810,experiment_batch_long_cv,FOLD-8,manifold,False,173,1726060,0.3029542808671928,0.280030881537288,0.5638160424120102,0.5644898576285108,0.0006441372404313005,0.0001968582665783,0.0004744207467412659,0.0001523566922112
FOLD-8-SPECTRAL-5-4-K100-reference-5-1000-faiss-1-15-randomwalk-2-1.0-0.01-0.1-1.0-learndiff1.010,experiment_batch_long_cv,FOLD-8,spectral,False,173,1726060,0.2868992446730995,0.2736531368167595,0.5534228581121058,0.5498551742257273,0.0006517818152500474,0.0002058270414595,0.0004828403375973333,0.0001533063200875
FOLD-8-SPECTRAL-5-4-K100-reference-5-1000-faiss-1-15-randomwalk-2-1.0-0.01-0.1-1.010,experiment_batch_long_cv,FOLD-8,spectral,False,173,1726060,0.29728709935831077,0.2844126606188306,0.5594917588425735,0.5614349304643015,0.0006474052474899083,0.0002030175337206,0.0004793856758242475,0.0001524494280951
FOLD-8-SPECTRAL-5-4-K100-reference-5-1000-faiss_atlas_weighted-50-15-randomwalk-2-1.0-0.01-0.1-1.0-learndiff1.010,experiment_batch_long_cv,FOLD-8,spectral,False,173,1726060,0.28390633053277087,0.2676616206040885,0.5520116969245087,0.5518778206347493,0.000651447541430233,0.0002043240320415,0.00048067553350958326,0.0001534985150395
FOLD-8-SPECTRAL-5-4-K100-reference-5-1000-faiss_atlas_weighted-50-15-randomwalk-2-1.0-0.01-0.1-1.0-level_5annot-learndiff1.010,experiment_batch_long_cv,FOLD-8,spectral,False,173,1726060,0.2963825081221082,0.2764779853087452,0.5573859148753896,0.5582748921417078,0.0006436532313156154,0.0002019257698837,0.0004773422162819302,0.0001536163343034
FOLD-8-SPECTRAL-5-4-K100-reference-5-1000-faiss_atlas_weighted-50-15-randomwalk-2-1.0-0.01-0.1-1.0-level_5annot10,experiment_batch_long_cv,FOLD-8,spectral,False,173,1726060,0.2900468587351618,0.2749241741260599,0.553416268544564,0.5528773491099963,0.000648989472476593,0.0002009019560831,0.0004806815305310319,0.0001530419249308
FOLD-8-SPECTRAL-5-4-K100-reference-5-1000-faiss_atlas_weighted-50-15-randomwalk-2-1.0-0.01-0.1-1.010,experiment_batch_long_cv,FOLD-8,spectral,False,173,1726060,0.27638179448861316,0.2609937991490511,0.5484183682978319,0.5433491533423974,0.0006542306881645112,0.0002082866873204,0.00048349580838472024,0.0001522181835648
FOLD-8-SPECTRAL-5-4-K100-reference-5-1000-faiss_cluster_weighted-50-15-randomwalk-2-1.0-0.01-0.1-1.0-clk64-sw1.0-cs0-learndiff1.010,experiment_batch_long_cv,FOLD-8,spectral,False,173,1726060,0.2779581178841697,0.2594906967613055,0.5496230751616099,0.5479725642000146,0.0006539220391615772,0.0002052258238382,0.00048284417699809084,0.000154189098062
FOLD-8-SPECTRAL-5-4-K100-reference-5-1000-faiss_cluster_weighted-50-15-randomwalk-2-1.0-0.01-0.1-1.0-clk64-sw1.0-cs010,experiment_batch_long_cv,FOLD-8,spectral,False,173,1726060,0.28457913734999063,0.2661461159901928,0.5498486867920523,0.5463438254266086,0.0006512037404299216,0.0002029887368542,0.00048188019547381787,0.0001523348530916
FOLD-8-SPECTRAL-5-4-K2300-reference-5-1000-faiss_atlas_weighted-50-15-randomwalk-2-1.0-0.01-0.1-1.0-learndiff1.010,experiment_batch_long_cv,FOLD-8,spectral,False,173,1726060,0.27810161197733374,0.2593194570924383,0.5488335896942876,0.5479943107796216,0.0006541236089488015,0.0002051294484948,0.00048280530465069817,0.0001535369734421
FOLD-8-SPECTRAL-5-4-K300-reference-5-1000-faiss-1-15-randomwalk-2-1.0-0.01-0.1-1.0-learndiff1.010,experiment_batch_long_cv,FOLD-8,spectral,False,173,1726060,0.29945329153625644,0.2769576715884316,0.560561751616847,0.5650835524605702,0.0006487348554981313,0.0001982703795299,0.0004796421861219149,0.0001524704667288
FOLD-8-SPECTRAL-5-4-K300-reference-5-1000-faiss-1-15-randomwalk-2-1.0-0.01-0.1-1.010,experiment_batch_long_cv,FOLD-8,spectral,False,173,1726060,0.29839295609769023,0.2779989176108656,0.5569131718717192,0.5601127416043384,0.00064760689850752,0.000196470399557,0.00047935798665399383,0.000153338793732
FOLD-8-SPECTRAL-5-4-K300-reference-5-1000-faiss_atlas_weighted-50-15-randomwalk-2-1.0-0.01-0.1-1.0-level_5annot-learndiff1.010,experiment_batch_long_cv,FOLD-8,spectral,False,173,1726060,0.2823683193444292,0.2632352252567376,0.5509664889608011,0.5508982621979653,0.0006510396316635654,0.0002031210673176,0.00048106150572247244,0.0001539995941013
FOLD-8-SPECTRAL-5-4-K300-reference-5-1000-faiss_atlas_weighted-50-15-randomwalk-2-1.0-0.01-0.1-1.0-level_5annot10,experiment_batch_long_cv,FOLD-8,spectral,False,173,1726060,0.2693398089354195,0.2554189411910414,0.5426206859133056,0.5386442701369073,0.0006559969739969201,0.0002067381426552,0.000482183396832312,0.0001533029269497
FOLD-8-SPECTRAL-5-4-K300-reference-5-1000-faiss_cluster_weighted-50-15-randomwalk-2-1.0-0.01-0.1-1.0-clk64-sw1.0-cs0-learndiff1.010,experiment_batch_long_cv,FOLD-8,spectral,False,173,1726060,0.2962681557245858,0.2813620375036401,0.5583204397849105,0.5561854408235165,0.0006498376648749819,0.0001993946367649,0.0004800507331429837,0.0001521467603082
FOLD-8-SPECTRAL-5-4-K300-reference-5-1000-faiss_cluster_weighted-50-15-randomwalk-2-1.0-0.01-0.1-1.0-clk64-sw1.0-cs010,experiment_batch_long_cv,FOLD-8,spectral,False,173,1726060,0.3038497964328034,0.2798485297833024,0.5649376842520686,0.5646151694701383,0.0006429399409645781,0.0001964864666752,0.00047572291694681875,0.0001527797681299
FOLD-8-SPECTRAL-5-8-K6000-reference-5-1000-faiss_atlas_weighted-50-15-randomwalk-2-1.0-0.01-0.1-1.0-learndiff1.010,experiment_batch_long_cv,FOLD-8,spectral,False,173,1726060,0.26076382226285444,0.2510484340680562,0.5387022379497726,0.5374727739829099,0.0006564599087998494,0.0002136412804487,0.00048426771537443745,0.0001542584259731
FOLD-1-LGPALL-MEAN-5-data-2000-1000-learnind-ard10,lgb_experiment_cv,FOLD-1,lgp,False,173,620226,0.4214412050181381,0.4159636268705934,0.6471969122091362,0.6592735628276363,0.0005513553805986157,0.0001702292328574,0.00039728655955811794,0.0001174934156302
FOLD-1-LGPALL-MEAN-5-data-2000-1000-learnind-ard10_log,lgb_experiment_cv,FOLD-1,lgp,False,173,620226,0.35359800146865406,0.3512486532112775,0.6306395347871738,0.6390504410250943,0.0005840685186949919,0.0001850929659128,0.00041377086739852,0.0001216875935088
FOLD-1-LGPALL-MEAN-5-reference-2000-1000-learnind-ard10,lgb_experiment_cv,FOLD-1,lgp,False,173,620226,0.42910916826939166,0.4336802071779796,0.6507809849490995,0.6656759292838434,0.0005478311544834297,0.0001668609834309,0.00039683394232150015,0.0001165978693369
FOLD-1-LGPALL-MEAN-5-reference-2000-1000-learnind-ard10_log,lgb_experiment_cv,FOLD-1,lgp,False,173,620226,0.35260555572044355,0.3489562909697294,0.6282954184543209,0.6403218527788623,0.0005844677300002177,0.0001812699349506,0.000413617149485377,0.0001235534257998
FOLD-1-LGPALL-RSAMPLE-5-data-2000-1000-learnind-ard10,lgb_experiment_cv,FOLD-1,lgp,False,173,620226,0.37041522003869864,0.3704817451557619,0.6202658547674356,0.635070206863702,0.0005729273532779017,0.0001807492898673,0.0004098973258772491,0.0001232788788922
FOLD-1-LGPALL-RSAMPLE-5-data-2000-1000-learnind-ard10_log,lgb_experiment_cv,FOLD-1,lgp,False,173,620226,0.3149307936473842,0.3155619501609709,0.6105186303215339,0.6287667828749816,0.0005989076916929146,0.0001958294260477,0.0004209034095068301,0.0001260440502726
FOLD-1-LGPALL-RSAMPLE-5-reference-2000-1000-learnind-ard10,lgb_experiment_cv,FOLD-1,lgp,False,173,620226,0.37807213865052197,0.3871877911005172,0.6244790585867992,0.6421011748570157,0.0005709463515140433,0.0001829837703913,0.0004080768669027726,0.0001214286618148
FOLD-1-LGPALL-RSAMPLE-5-reference-2000-1000-learnind-ard10_log,lgb_experiment_cv,FOLD-1,lgp,False,173,620226,0.2945086955507483,0.295499156944683,0.6040634775298608,0.6125897614810837,0.0006066363632829695,0.0002004840923239,0.00042404460620393286,0.0001280389130904
FOLD-2-LGPALL-MEAN-5-data-2000-1000-learnind-ard10,lgb_experiment_cv,FOLD-2,lgp,False,173,732764,0.42197198442238,0.4150300047628825,0.643102728873689,0.6494700376749156,0.0005644449775340372,0.0001773028154712,0.0004112809405291194,0.0001220747166809
FOLD-2-LGPALL-MEAN-5-data-2000-1000-learnind-ard10_log,lgb_experiment_cv,FOLD-2,lgp,False,173,732764,0.3571077940765836,0.3571492207282927,0.623733659966864,0.6302297688325107,0.0005977198861197775,0.0001883898268633,0.0004274152361003397,0.0001293783639002
FOLD-2-LGPALL-MEAN-5-reference-2000-1000-learnind-ard10,lgb_experiment_cv,FOLD-2,lgp,False,173,732764,0.4196721363161363,0.4122141497210734,0.6424050695549172,0.6474008635118672,0.0005653200595041753,0.0001773123230164,0.00041173024224938273,0.0001227892283681
FOLD-2-LGPALL-MEAN-5-reference-2000-1000-learnind-ard10_log,lgb_experiment_cv,FOLD-2,lgp,False,173,732764,0.3548504865918955,0.3509756440293078,0.6276986630312351,0.6338924001892011,0.0005988868481947469,0.0001863301117153,0.00042920181403077544,0.0001297080349688
FOLD-2-LGPALL-RSAMPLE-5-data-2000-1000-learnind-ard10,lgb_experiment_cv,FOLD-2,lgp,False,173,732764,0.3658462541466718,0.3700879061320142,0.6116539600272478,0.6224730825307732,0.0005895553637643838,0.0001913687348867,0.0004239988835164373,0.0001281160171389
FOLD-2-LGPALL-RSAMPLE-5-data-2000-1000-learnind-ard10_log,lgb_experiment_cv,FOLD-2,lgp,False,173,732764,0.2991987558495376,0.3029846973123341,0.5952645404787279,0.597784748198692,0.0006215858457559927,0.000204198371748,0.0004420935595463816,0.0001339013686749
FOLD-2-LGPALL-RSAMPLE-5-reference-2000-1000-learnind-ard10,lgb_experiment_cv,FOLD-2,lgp,False,173,732764,0.37970263897626905,0.3794646936065101,0.6192431007426811,0.6294422105282848,0.0005825709476439283,0.0001871493370589,0.00042078277677092256,0.0001263178493536
FOLD-2-LGPALL-RSAMPLE-5-reference-2000-1000-learnind-ard10_log,lgb_experiment_cv,FOLD-2,lgp,False,173,732764,0.3113545344713266,0.3125485755723812,0.601925445599634,0.6101664073643708,0.0006163391084515462,0.0002000085392306,0.00043874028372544046,0.0001328247074532
FOLD-3-LGPALL-MEAN-5-data-2000-1000-learnind-ard10,lgb_experiment_cv,FOLD-3,lgp,False,173,695996,0.3917690546975831,0.3782364511219712,0.6334102446477888,0.6400695808425388,0.0005733019689570893,0.0001873525524534,0.00041467372069577325,0.0001288945063552
FOLD-3-LGPALL-MEAN-5-data-2000-1000-learnind-ard10_log,lgb_experiment_cv,FOLD-3,lgp,False,173,695996,0.3016248513617413,0.2937980827742883,0.6077592683865181,0.6142571929040509,0.0006174578618599421,0.0001943459049985,0.0004421670344552587,0.0001350794568919
FOLD-3-LGPALL-MEAN-5-reference-2000-1000-learnind-ard10,lgb_experiment_cv,FOLD-3,lgp,False,173,695996,0.3815284757915907,0.3667092998834228,0.6232869134214384,0.627512323173417,0.0005789078417175664,0.0001867456368262,0.0004191883867279085,0.000129418461104
FOLD-3-LGPALL-MEAN-5-reference-2000-1000-learnind-ard10_log,lgb_experiment_cv,FOLD-3,lgp,False,173,695996,0.29088026193510225,0.2871571929308846,0.6089474447018244,0.616582506735115,0.0006198279361371358,0.0002005952064967,0.00044261915358571115,0.000137341741736
FOLD-3-LGPALL-RSAMPLE-5-data-2000-1000-learnind-ard10,lgb_experiment_cv,FOLD-3,lgp,False,173,695996,0.3299332324578674,0.3257172868278248,0.5989027090217441,0.6041090878038253,0.0005996003417310712,0.0001959877189069,0.0004271950381206355,0.0001327299051048
FOLD-3-LGPALL-RSAMPLE-5-data-2000-1000-learnind-ard10_log,lgb_experiment_cv,FOLD-3,lgp,False,173,695996,0.24798011362949945,0.2554621506161109,0.5831538256600322,0.589799205176616,0.0006354583632877829,0.0002101177256574,0.00044622973820320665,0.0001403076533438
FOLD-3-LGPALL-RSAMPLE-5-reference-2000-1000-learnind-ard10,lgb_experiment_cv,FOLD-3,lgp,False,173,695996,0.32746265997491353,0.3169040528526321,0.5973825602184254,0.6008231851443275,0.0006000285918474413,0.0001969153189631,0.00042726127016103966,0.0001329860968687
FOLD-3-LGPALL-RSAMPLE-5-reference-2000-1000-learnind-ard10_log,lgb_experiment_cv,FOLD-3,lgp,False,173,695996,0.2474808330236097,0.2541805230316539,0.5820910555135199,0.5905196116961697,0.0006350260106931322,0.0002101713905913,0.0004466845772228498,0.0001398773650131
FOLD-4-LGPALL-MEAN-5-data-2000-1000-learnind-ard10,lgb_experiment_cv,FOLD-4,lgp,False,173,1932849,0.36581954375620246,0.3506102994155983,0.6022930952600851,0.6094347153251889,0.0006236043216189307,0.0001940422502618,0.00045275587199316805,0.0001371763984758
FOLD-4-LGPALL-MEAN-5-data-2000-1000-learnind-ard10_log,lgb_experiment_cv,FOLD-4,lgp,False,173,1932849,0.3278793994158813,0.3290882118442695,0.5904647875613251,0.5941237778005981,0.0006455061786711253,0.0001986651498598,0.0004619097760262594,0.0001388403731743
FOLD-4-LGPALL-MEAN-5-reference-2000-1000-learnind-ard10,lgb_experiment_cv,FOLD-4,lgp,False,173,1932849,0.36460169940925113,0.3563455885149817,0.6001658244118998,0.6064499853229751,0.0006235342903811437,0.0001942196559009,0.0004539198390363898,0.0001376389875823
FOLD-4-LGPALL-MEAN-5-reference-2000-1000-learnind-ard10_log,lgb_experiment_cv,FOLD-4,lgp,False,173,1932849,0.3315522750589765,0.332122425072944,0.5922082637742518,0.5955099841767059,0.0006435996907340555,0.0001988143348137,0.00045966530584489075,0.0001382183530786
FOLD-4-LGPALL-RSAMPLE-5-data-2000-1000-learnind-ard10,lgb_experiment_cv,FOLD-4,lgp,False,173,1932849,0.2896817896585654,0.2819670611280196,0.5602517958264999,0.5594327294371017,0.0006587808516245098,0.0002062518658678,0.0004725692729746012,0.0001440756216714
FOLD-4-LGPALL-RSAMPLE-5-data-2000-1000-learnind-ard10_log,lgb_experiment_cv,FOLD-4,lgp,False,173,1932849,0.2640992710294552,0.265108965978906,0.5569584063577261,0.5555165342219808,0.0006733778310128374,0.000212223596582,0.0004769554867304877,0.0001431468135719
FOLD-4-LGPALL-RSAMPLE-5-reference-2000-1000-learnind-ard10,lgb_experiment_cv,FOLD-4,lgp,False,173,1932849,0.3101579497561296,0.3049290332825587,0.5725951209342028,0.5740978486012911,0.0006489498228781906,0.0002034016044312,0.00046754614742052143,0.0001426622877648
FOLD-4-LGPALL-RSAMPLE-5-reference-2000-1000-learnind-ard10_log,lgb_experiment_cv,FOLD-4,lgp,False,173,1932849,0.259764523113639,0.2567115919073617,0.5528368001201641,0.5514887481136126,0.0006758289667761328,0.0002111167800989,0.00047915934556306666,0.0001439960759912
FOLD-5-LGPALL-MEAN-5-data-2000-1000-learnind-ard10,lgb_experiment_cv,FOLD-5,lgp,False,173,1726060,0.3137958248006099,0.2962588530978953,0.5699003453588191,0.5735705591143874,0.0006362269224383393,0.0001976040163095,0.00047049803467389783,0.0001516296074061
FOLD-5-LGPALL-MEAN-5-data-2000-1000-learnind-ard10_log,lgb_experiment_cv,FOLD-5,lgp,False,173,1726060,0.28959817144235805,0.2814219883229105,0.5532289196638607,0.5520139961340053,0.0006451172434958108,0.0002012546215744,0.0004663256740275562,0.000146635844399
FOLD-5-LGPALL-MEAN-5-reference-2000-1000-learnind-ard10,lgb_experiment_cv,FOLD-5,lgp,False,173,1726060,0.3190793436607808,0.2957572883107525,0.5732579843590994,0.5717063862079921,0.0006384822543554337,0.000195756039799,0.0004723382998799744,0.0001520686143694
FOLD-5-LGPALL-MEAN-5-reference-2000-1000-learnind-ard10_log,lgb_experiment_cv,FOLD-5,lgp,False,173,1726060,0.28528792932555025,0.2719089442906849,0.5514267338360527,0.5423903693217441,0.0006493504602661616,0.0002030258126167,0.0004674295532345481,0.0001459545588885
FOLD-5-LGPALL-RSAMPLE-5-data-2000-1000-learnind-ard10,lgb_experiment_cv,FOLD-5,lgp,False,173,1726060,0.2580803460429336,0.2439876751760015,0.5361728933102827,0.534446872992314,0.000664702354172021,0.0002041149405623,0.0004855471313995649,0.0001540144594326
FOLD-5-LGPALL-RSAMPLE-5-data-2000-1000-learnind-ard10_log,lgb_experiment_cv,FOLD-5,lgp,False,173,1726060,0.24166821013995202,0.2314785713226776,0.5301666259294577,0.5303596507621395,0.0006680340218889575,0.0002040361167054,0.00048076846081287474,0.0001484104087884
FOLD-5-LGPALL-RSAMPLE-5-reference-2000-1000-learnind-ard10,lgb_experiment_cv,FOLD-5,lgp,False,173,1726060,0.2471131942722469,0.2336861843035075,0.5305648202482875,0.5278570494310092,0.000665488401524184,0.0002104133416888,0.0004858823633030178,0.000155089277278
FOLD-5-LGPALL-RSAMPLE-5-reference-2000-1000-learnind-ard10_log,lgb_experiment_cv,FOLD-5,lgp,False,173,1726060,0.2278858243384073,0.2240477911981699,0.5205060761997011,0.5252455216902275,0.0006730119066577276,0.0002072276645615,0.0004844183768476617,0.0001497681087513
FOLD-6-LGPALL-MEAN-5-data-2000-1000-learnind-ard10,lgb_experiment_cv,FOLD-6,lgp,False,173,436178,0.4128926953283644,0.4100920109176869,0.6358042834569092,0.6477283002625949,0.000569884341184677,0.0001773175682352,0.00041609159560828,0.0001254264110178
FOLD-6-LGPALL-MEAN-5-data-2000-1000-learnind-ard10_log,lgb_experiment_cv,FOLD-6,lgp,False,173,436178,0.3762138659093154,0.3716925850715066,0.6273695695173556,0.6395968243937133,0.0005895102583485852,0.0001818133729309,0.00042610707460730645,0.000129204712258
FOLD-6-LGPALL-MEAN-5-reference-2000-1000-learnind-ard10,lgb_experiment_cv,FOLD-6,lgp,False,173,436178,0.41965684699136835,0.4204726339287652,0.6415586785848596,0.6541265457605694,0.000566882933836012,0.00017696868617,0.00041536316794697883,0.0001256758378451
FOLD-6-LGPALL-MEAN-5-reference-2000-1000-learnind-ard10_log,lgb_experiment_cv,FOLD-6,lgp,False,173,436178,0.3761305346062715,0.3701855517685232,0.6311979563216952,0.6502375205339774,0.0005889144243738143,0.0001830340131255,0.00042582493805771,0.0001291834991208
FOLD-6-LGPALL-RSAMPLE-5-data-2000-1000-learnind-ard10,lgb_experiment_cv,FOLD-6,lgp,False,173,436178,0.3645128834554658,0.3648113355243138,0.6117182351884007,0.620435971359651,0.0005903166487752318,0.000188981429659,0.0004279283227436122,0.0001289422060061
FOLD-6-LGPALL-RSAMPLE-5-data-2000-1000-learnind-ard10_log,lgb_experiment_cv,FOLD-6,lgp,False,173,436178,0.32406249748027877,0.32456141614304,0.6008223020096671,0.6097759414841363,0.0006108696292254539,0.0001974304952039,0.00043734566846665487,0.0001321358074349
FOLD-6-LGPALL-RSAMPLE-5-reference-2000-1000-learnind-ard10,lgb_experiment_cv,FOLD-6,lgp,False,173,436178,0.3677948051324813,0.3718948085206106,0.6102958350798916,0.6225345756824003,0.0005876035358656849,0.0001879227249863,0.00042693296389903186,0.0001286433415708
FOLD-6-LGPALL-RSAMPLE-5-reference-2000-1000-learnind-ard10_log,lgb_experiment_cv,FOLD-6,lgp,False,173,436178,0.32290604179088267,0.3113069610304497,0.6022344144677385,0.6152832698104145,0.0006114826508832873,0.0001982477810187,0.0004380199943660256,0.0001316533320978
FOLD-7-LGPALL-MEAN-5-data-2000-1000-learnind-ard10,lgb_experiment_cv,FOLD-7,lgp,False,173,1932849,0.3652222494873106,0.3500566546884207,0.6012343518736853,0.6079103537839635,0.0006247084300618221,0.0001935268965398,0.0004542873982370778,0.0001378091686034
FOLD-7-LGPALL-MEAN-5-data-2000-1000-learnind-ard10_log,lgb_experiment_cv,FOLD-7,lgp,False,173,1932849,0.3320683343595588,0.3289499122533434,0.5930547489579857,0.5981189847538587,0.0006446373738984702,0.0001969750479851,0.0004609802336285356,0.000139265839369
FOLD-7-LGPALL-MEAN-5-reference-2000-1000-learnind-ard10,lgb_experiment_cv,FOLD-7,lgp,False,173,1932849,0.3675190600709484,0.3530354474188502,0.6025698302409596,0.6079804176621546,0.0006232717928651238,0.0001924386348436,0.0004537681009867041,0.0001373578148042
FOLD-7-LGPALL-MEAN-5-reference-2000-1000-learnind-ard10_log,lgb_experiment_cv,FOLD-7,lgp,False,173,1932849,0.32922707843926535,0.3218169381460118,0.5900943745711081,0.5965107956975892,0.0006464842239044951,0.0001988576780812,0.00046221181596792997,0.0001394888664201
FOLD-7-LGPALL-RSAMPLE-5-data-2000-1000-learnind-ard10,lgb_experiment_cv,FOLD-7,lgp,False,173,1932849,0.2787671582589869,0.2720429677232958,0.5571557553559897,0.5588419907908293,0.0006629958683905582,0.0002101261049513,0.0004748362718768534,0.0001463413030218
FOLD-7-LGPALL-RSAMPLE-5-data-2000-1000-learnind-ard10_log,lgb_experiment_cv,FOLD-7,lgp,False,173,1932849,0.25881623517146474,0.263173921866749,0.5547093725668902,0.5582224840919422,0.0006764610327528482,0.0002112434474931,0.0004791944049372362,0.0001444217820922
FOLD-7-LGPALL-RSAMPLE-5-reference-2000-1000-learnind-ard10,lgb_experiment_cv,FOLD-7,lgp,False,173,1932849,0.2822528991950273,0.2725222731579828,0.5585174885501096,0.5545217685788417,0.0006621422576999357,0.0002065367900245,0.00047446799008014483,0.0001455306403214
FOLD-7-LGPALL-RSAMPLE-5-reference-2000-1000-learnind-ard10_log,lgb_experiment_cv,FOLD-7,lgp,False,173,1932849,0.273435967707136,0.27205750161538,0.5631963863101151,0.5648128462990576,0.0006685900065508108,0.0002090921457953,0.00047444283160903906,0.0001432364442951
FOLD-8-LGPALL-MEAN-5-data-2000-1000-learnind-ard10,lgb_experiment_cv,FOLD-8,lgp,False,173,1726060,0.3093647262630689,0.2888204094260721,0.5684553029191655,0.5672170564114939,0.0006377618742805821,0.000198462690486,0.00047131677333439056,0.0001512284978531
FOLD-8-LGPALL-MEAN-5-data-2000-1000-learnind-ard10_log,lgb_experiment_cv,FOLD-8,lgp,False,173,1726060,0.3073454302407363,0.2889882555574184,0.5643967788439898,0.5597526644345947,0.0006382962433242469,0.0001952896812712,0.00046424556873683645,0.0001459485203345
FOLD-8-LGPALL-MEAN-5-reference-2000-1000-learnind-ard10,lgb_experiment_cv,FOLD-8,lgp,False,173,1726060,0.3066124428642625,0.2853909249113546,0.5666105531520339,0.5663376524192351,0.0006382218773397341,0.0001993317076416,0.00047077478481482335,0.0001508769899971
FOLD-8-LGPALL-MEAN-5-reference-2000-1000-learnind-ard10_log,lgb_experiment_cv,FOLD-8,lgp,False,173,1726060,0.31387097280738124,0.2992639972072093,0.568882852256228,0.567524317685813,0.0006348658478769575,0.0001955489395019,0.0004615049736727555,0.0001451403896847
FOLD-8-LGPALL-RSAMPLE-5-data-2000-1000-learnind-ard10,lgb_experiment_cv,FOLD-8,lgp,False,173,1726060,0.23270796036696423,0.2266164426528886,0.5209805558351107,0.5235777362569014,0.0006744144421860017,0.000214622953258,0.0004922921958402954,0.0001564868481825
FOLD-8-LGPALL-RSAMPLE-5-data-2000-1000-learnind-ard10_log,lgb_experiment_cv,FOLD-8,lgp,False,173,1726060,0.24031774780800863,0.2317331766830339,0.526006607486546,0.5285233700439923,0.0006680086575388522,0.0002044245089874,0.00048124610837313556,0.0001487367666354
FOLD-8-LGPALL-RSAMPLE-5-reference-2000-1000-learnind-ard10,lgb_experiment_cv,FOLD-8,lgp,False,173,1726060,0.2553707445105845,0.2346621298601104,0.5354645916471574,0.5348776646174312,0.0006646065269724465,0.0002089301932238,0.00048690646227105526,0.0001536461842103
FOLD-8-LGPALL-RSAMPLE-5-reference-2000-1000-learnind-ard10_log,lgb_experiment_cv,FOLD-8,lgp,False,173,1726060,0.24152438183389502,0.2320997718236545,0.5271835879969831,0.5300713827734512,0.0006684854282824382,0.0002030273601784,0.00048166806244669623,0.0001488578682878
FOLD-1-CROSS-REG03-DEEPSPATIAL-TRANSPORT-256-6-100-CROSS-MOUSE10,sota_batch_cv,FOLD-1,sota-deepspatial,False,173,380675,-2.317107065043528,-0.8504246858965812,0.07512893294040277,0.0653450984786945,0.0009126210198438643,0.0003741482584288,0.0007016432673452161,0.0002926768667153
FOLD-1-CROSS-REG08-DEEPSPATIAL-TRANSPORT-256-6-100-CROSS-MOUSE10,sota_batch_cv,FOLD-1,sota-deepspatial,False,173,380675,-5.1754993313662006,-3.0457966036283564,0.04882041874770343,0.0479121401500753,0.001198989064663568,0.0005199659038925,0.0009268812287165706,0.0004052805724657
FOLD-1-EUCLIDEAN-GPLFR-euclidean-d810,sota_batch_cv,FOLD-1,gplfr,False,173,620226,0.32249331341973414,0.3202790021287709,0.5637199978513714,0.5784327877229983,0.0005940156621957723,0.0001891498196205,0.0004414341663032041,0.0001356207811397
FOLD-1-RES128-TV05-SOTA-NTF-1638410,sota_batch_cv,FOLD-1,sota,False,173,620226,0.19835902067160563,0.2000561521524347,0.5459706909050536,0.559662381010472,0.0006514724259589064,0.0002066716330848,0.0004653484510878362,0.0001405608623232
FOLD-1-RES256-TV00-SOTA-NTF-1638410,sota_batch_cv,FOLD-1,sota,False,173,620226,0.19820145591402916,0.1990530338558015,0.5445328109149928,0.5528442011301026,0.0006514492316720761,0.0002075249683218,0.0004662102314299758,0.0001408684148241
FOLD-1-RES256-TV05-SOTA-NTF-1638410,sota_batch_cv,FOLD-1,sota,False,173,620226,0.20318256176004426,0.2099102906060456,0.5453885421956458,0.5549297644556567,0.0006494240947461213,0.0002065436939049,0.0004649671186928513,0.0001405426338694
FOLD-1-RES256-TV20-SOTA-NTF-1638410,sota_batch_cv,FOLD-1,sota,False,173,620226,0.20343403665598092,0.2123929693803429,0.545011147272209,0.5533349769549418,0.0006493419660889829,0.0002065608615653,0.0004647780481870234,0.000140390810549
FOLD-1-RES512-TV05-SOTA-NTF-1638410,sota_batch_cv,FOLD-1,sota,False,173,620226,0.20593279037450735,0.2117415158738026,0.5477011408260484,0.5556700871356123,0.0006482096182499328,0.0002060941313744,0.00046405417747288213,0.0001406397827784
FOLD-1-RIEMANN-GPLFR-riemann-d810,sota_batch_cv,FOLD-1,gplfr,False,173,620226,0.3107108231892204,0.3087659854578141,0.5525805895748375,0.5665083954620721,0.0005992003546485941,0.0001898636214164,0.00044568141556132045,0.0001370955044723
FOLD-1-SPECTRAL-GPLFR-spectral-d810,sota_batch_cv,FOLD-1,gplfr,False,173,620226,0.31530664746689185,0.3116582100419336,0.5567936091072183,0.5687242956113169,0.0005967264655175222,0.0001898874627075,0.0004425276290304432,0.0001358026207457
FOLD-1-WITHIN-REG03-DEEPSPATIAL-TRANSPORT-256-6-100-WITHIN-MOUSE10,sota_batch_cv,FOLD-1,sota-deepspatial,False,173,380675,-88.33607286017238,-5.866853756098073,0.04547706140327623,0.055566208145155,0.0017048932617516692,0.0008538623464026,0.0012663442088670352,0.0006700369365289
FOLD-1-ZW01-NONE-SOTA-SPA3D-409610,sota_batch_cv,FOLD-1,sota,False,173,620226,0.36730733418537004,0.3620833858281637,0.6022513654141863,0.6121161181933267,0.0005744627970914389,0.0001817626810315,0.0004231825826621975,0.0001302988858108
FOLD-1-ZW03-ALFT-SOTA-SPA3D-409610,sota_batch_cv,FOLD-1,sota,False,173,620226,0.3637261164615897,0.3559218162317606,0.5996541278229275,0.6078794498282047,0.0005759876035466244,0.0001843463678749,0.00042754989426828225,0.000130487991129
FOLD-1-ZW03-HILBERT-SOTA-SPA3D-409610,sota_batch_cv,FOLD-1,sota,False,173,620226,-1.135903227810891,-1.0541361863048868,0.17277699727561255,0.1616180245325185,0.0010647469005207197,0.0003308011946175,0.0008711192943428836,0.0002867500558465
FOLD-1-ZW03-NONE-NODES150K-SOTA-SPA3D-409610,sota_batch_cv,FOLD-1,sota,False,173,620226,0.3994547337508811,0.3928380813939536,0.6295096922227973,0.6391629530066512,0.0005612101523598015,0.0001743027069983,0.00040914223238296783,0.0001226222761491
FOLD-1-ZW03-NONE-SOTA-SPA3D-409610,sota_batch_cv,FOLD-1,sota,False,173,620226,0.39570268445955503,0.390249568367349,0.6263833981036031,0.6362392923992695,0.0005625572365601762,0.0001749043625843,0.00041117538928363723,0.0001234133651479
FOLD-1-ZW05-NONE-SOTA-SPA3D-409610,sota_batch_cv,FOLD-1,sota,False,173,620226,0.3931734301870567,0.3844474379769028,0.6250788444485761,0.6349106306014388,0.0005640086641457278,0.0001750413891483,0.00041210832382047906,0.0001237298710476
FOLD-2-CROSS-REG03-DEEPSPATIAL-TRANSPORT-256-6-100-CROSS-MOUSE10,sota_batch_cv,FOLD-2,sota-deepspatial,False,173,491468,-15.629438931651423,-0.9588963533048628,0.07772397951497492,0.0701007820857938,0.0010173092431071688,0.0005167251894497,0.0007360510787368155,0.0003801010583362
FOLD-2-CROSS-REG08-DEEPSPATIAL-TRANSPORT-256-6-100-CROSS-MOUSE10,sota_batch_cv,FOLD-2,sota-deepspatial,False,173,491468,-7.1962955244379945,-1.2664284967290755,0.06457821675872057,0.0500031486114237,0.0009841687569230116,0.0004933798403058,0.0007508079473557143,0.0003623364306356
FOLD-2-EUCLIDEAN-GPLFR-euclidean-d810,sota_batch_cv,FOLD-2,gplfr,False,173,732764,0.3040098646594396,0.3002979074851228,0.5463700377815323,0.5591104577899002,0.0006175665723277956,0.0001978048712502,0.00046159031784061174,0.0001439581717144
FOLD-2-RES128-TV05-SOTA-NTF-1638410,sota_batch_cv,FOLD-2,sota,False,173,732764,0.21071085661887126,0.2116335774557138,0.5394006155070362,0.5435905372680977,0.0006596432996552707,0.0002150428971612,0.00047570765901026874,0.0001448302783716
FOLD-2-RES256-TV00-SOTA-NTF-1638410,sota_batch_cv,FOLD-2,sota,False,173,732764,0.20855298565223993,0.2133269548920745,0.5386338140144892,0.5439399634058175,0.0006611703410173532,0.0002148746275131,0.00047705708323168,0.0001454705782222
FOLD-2-RES256-TV05-SOTA-NTF-1638410,sota_batch_cv,FOLD-2,sota,False,173,732764,0.21196950591404384,0.2060242202559827,0.5388259635740661,0.5417472167777188,0.0006605056375911551,0.0002136144987453,0.0004764125859132095,0.0001461025794363
FOLD-2-RES256-TV20-SOTA-NTF-1638410,sota_batch_cv,FOLD-2,sota,False,173,732764,0.21288686016394934,0.2057965075165623,0.538627929654118,0.5468112172707349,0.0006596120381939351,0.0002131062062218,0.00047583165016319034,0.0001461963815327
FOLD-2-RES512-TV05-SOTA-NTF-1638410,sota_batch_cv,FOLD-2,sota,False,173,732764,0.2056809313244599,0.2039021056025286,0.5373212633179858,0.5463913049669328,0.000662001415701405,0.0002145812717139,0.00047715816148671353,0.0001463219054383
FOLD-2-RIEMANN-GPLFR-riemann-d810,sota_batch_cv,FOLD-2,gplfr,False,173,732764,0.29510248694692864,0.2928476386773765,0.5369828930814504,0.5488441769964947,0.0006211964727815584,0.0001984483925304,0.0004651692756798924,0.0001434832788666
FOLD-2-SPECTRAL-GPLFR-spectral-d810,sota_batch_cv,FOLD-2,gplfr,False,173,732764,0.2989942393924255,0.2960654034556749,0.5400359351246753,0.5523128454634305,0.0006196432058267038,0.0001982922922133,0.0004637336923094279,0.0001427625240339
FOLD-2-WITHIN-REG03-DEEPSPATIAL-TRANSPORT-256-6-100-WITHIN-MOUSE10,sota_batch_cv,FOLD-2,sota-deepspatial,False,173,491468,-12.512143036916193,-1.00375854781428,0.13932945000396094,0.1284930927353343,0.0009693947991841491,0.0005197437197955,0.0007274057378293152,0.0003940312319899
FOLD-2-ZW01-NONE-SOTA-SPA3D-409610,sota_batch_cv,FOLD-2,sota,False,173,732764,0.3427766237712519,0.3310099293489389,0.5805530073969902,0.5844806208542546,0.000600471150725375,0.0001871250769302,0.0004431934906921608,0.0001352324219308
FOLD-2-ZW03-ALFT-SOTA-SPA3D-409610,sota_batch_cv,FOLD-2,sota,False,173,732764,0.3435122652629461,0.3406158006202771,0.5835363746139335,0.5896589259299617,0.0006001181088821381,0.0001880612929791,0.0004474409963104201,0.0001400069742101
FOLD-2-ZW03-HILBERT-SOTA-SPA3D-409610,sota_batch_cv,FOLD-2,sota,False,173,732764,-1.1228087340850086,-1.0766536016055728,0.1557548904547113,0.1659336272842211,0.0010822625482128205,0.0003412771409524,0.0008816938715591889,0.000288055423485
FOLD-2-ZW03-NONE-NODES150K-SOTA-SPA3D-409610,sota_batch_cv,FOLD-2,sota,False,173,732764,0.37865090487480507,0.3693402508852808,0.6101220158645337,0.6211608460309288,0.000584491630695182,0.0001847061016179,0.00042918820075410626,0.0001284415865096
FOLD-2-ZW03-NONE-SOTA-SPA3D-409610,sota_batch_cv,FOLD-2,sota,False,173,732764,0.3701632291628124,0.3553989435644095,0.6037369674590146,0.6114486161438037,0.0005887390386206557,0.0001864124080458,0.0004327266024837157,0.0001300534814587
FOLD-2-ZW05-NONE-SOTA-SPA3D-409610,sota_batch_cv,FOLD-2,sota,False,173,732764,0.37920736419231654,0.3713864917724974,0.6117790240232048,0.6180650015345146,0.0005850794784179055,0.0001846041375856,0.00042863271608147143,0.0001276699777814
FOLD-3-CROSS-REG03-DEEPSPATIAL-TRANSPORT-256-6-100-CROSS-MOUSE10,sota_batch_cv,FOLD-3,sota-deepspatial,False,173,468757,-2.8024043561899665,-1.1735261249836508,0.05106621008433602,0.0439631044682202,0.0009775576962450204,0.0004114530721566,0.0007396342545356688,0.0003192567058181
FOLD-3-CROSS-REG08-DEEPSPATIAL-TRANSPORT-256-6-100-CROSS-MOUSE10,sota_batch_cv,FOLD-3,sota-deepspatial,False,173,468757,-3.5544493103001242,-0.7300007313730155,0.09376471388598286,0.082612342852178,0.000916110275586759,0.0004151617713926,0.0007108912823086081,0.0003180164933529
FOLD-3-EUCLIDEAN-GPLFR-euclidean-d810,sota_batch_cv,FOLD-3,gplfr,False,173,695996,0.28997695834109366,0.2845418591306572,0.5417192293712424,0.5553109197579786,0.0006167533451183724,0.0001952596609686,0.0004567387594715284,0.0001380872663284
FOLD-3-RES128-TV05-SOTA-NTF-1638410,sota_batch_cv,FOLD-3,sota,False,173,695996,0.18088110409278735,0.1773707451925232,0.5299416610626908,0.5334490093083021,0.0006657848647651603,0.0002099391674659,0.0004738108743540405,0.0001454959849272
FOLD-3-RES256-TV00-SOTA-NTF-1638410,sota_batch_cv,FOLD-3,sota,False,173,695996,0.17309440313356442,0.1585007752828598,0.5269141695092254,0.5324356050203468,0.0006693583614991096,0.0002107614284416,0.0004774729944590819,0.0001464518051588
FOLD-3-RES256-TV05-SOTA-NTF-1638410,sota_batch_cv,FOLD-3,sota,False,173,695996,0.17476358108106294,0.1631020931417255,0.5270995579737119,0.5342520944108781,0.0006678050419594277,0.0002093054120143,0.00047632788370923477,0.0001462396987826
FOLD-3-RES256-TV20-SOTA-NTF-1638410,sota_batch_cv,FOLD-3,sota,False,173,695996,0.170927447760191,0.1567702211349754,0.5258683661789293,0.5299731502290039,0.0006701074829263178,0.0002103168725359,0.00047806482029332496,0.00014553331151
FOLD-3-RES512-TV05-SOTA-NTF-1638410,sota_batch_cv,FOLD-3,sota,False,173,695996,0.17434579887139953,0.1668251643273727,0.527491182742331,0.5349208255599953,0.0006673637325870833,0.0002081832011536,0.0004755731395912681,0.0001454278056169
FOLD-3-RIEMANN-GPLFR-riemann-d810,sota_batch_cv,FOLD-3,gplfr,False,173,695996,0.27436855706583024,0.2686296347588061,0.5265081744786466,0.5425984713083098,0.0006233907414878191,0.0001954698012444,0.00046380717179803527,0.0001416873712634
FOLD-3-SPECTRAL-GPLFR-spectral-d810,sota_batch_cv,FOLD-3,gplfr,False,173,695996,0.2779061545364216,0.2690542497533118,0.5324162398853592,0.5474336229767623,0.0006223719810674315,0.000196959211292,0.00046309903863473963,0.0001408464274918
FOLD-3-WITHIN-REG03-DEEPSPATIAL-TRANSPORT-256-6-100-WITHIN-MOUSE10,sota_batch_cv,FOLD-3,sota-deepspatial,False,173,468757,-8.815108117758871,-0.9625564430885296,0.13003032088588848,0.14172132434135,0.000956953638453004,0.0004313514199487,0.0007214973470647853,0.0003604911548313
FOLD-3-ZW01-NONE-SOTA-SPA3D-409610,sota_batch_cv,FOLD-3,sota,False,173,695996,0.32471760824324675,0.3163519247910937,0.5741198850506583,0.5836333568242358,0.0006021425077120343,0.0001927418409411,0.0004417584725119023,0.0001346897918895
FOLD-3-ZW03-ALFT-SOTA-SPA3D-409610,sota_batch_cv,FOLD-3,sota,False,173,695996,0.32912371388984035,0.319847359533706,0.5795485924168418,0.5854899440049541,0.000601295498733088,0.0001907031207406,0.00044481798927008904,0.0001351891129357
FOLD-3-ZW03-HILBERT-SOTA-SPA3D-409610,sota_batch_cv,FOLD-3,sota,False,173,695996,-1.0864480640751417,-1.100472114735448,0.15087508267668437,0.1386219861037508,0.0010510128693921664,0.0003381827709756,0.0008511793533852345,0.0002884470653778
FOLD-3-ZW03-NONE-NODES150K-SOTA-SPA3D-409610,sota_batch_cv,FOLD-3,sota,False,173,695996,0.35634320087888327,0.3475742833243016,0.6047537379721726,0.610910421443152,0.0005886201247851489,0.0001885491356266,0.0004287560820600161,0.0001312581939735
FOLD-3-ZW03-NONE-SOTA-SPA3D-409610,sota_batch_cv,FOLD-3,sota,False,173,695996,0.35810978311083647,0.3483529057148703,0.604205291218886,0.6115767785713482,0.0005881639463372542,0.000187873232101,0.0004288941983966767,0.0001296607109142
FOLD-3-ZW05-NONE-SOTA-SPA3D-409610,sota_batch_cv,FOLD-3,sota,False,173,695996,0.3647336605099957,0.350899736659121,0.610066014304089,0.6143452931817568,0.0005851051246928932,0.0001882538618728,0.0004264432948635498,0.0001302014475699
FOLD-4-CROSS-REG03-DEEPSPATIAL-TRANSPORT-256-6-100-CROSS-MOUSE10,sota_batch_cv,FOLD-4,sota-deepspatial,False,173,346885,-57.64963719629815,-1.3170889002370454,0.19531553434890397,0.1617787184257847,0.000999228696879318,0.0005210338094283,0.00069769651625741,0.0003612428647582
FOLD-4-CROSS-REG08-DEEPSPATIAL-TRANSPORT-256-6-100-CROSS-MOUSE10,sota_batch_cv,FOLD-4,sota-deepspatial,False,173,346885,-1.7111117188987999,-0.2451056554832831,0.22499754590407184,0.22964516908861,0.0006844110553331091,0.0002905816067119,0.0005127386073588614,0.0002081549937029
FOLD-4-EUCLIDEAN-GPLFR-euclidean-d810,sota_batch_cv,FOLD-4,gplfr,False,173,1932849,0.2795150177152505,0.2749657251306736,0.5241471655102398,0.5314636471994963,0.0006607073031520661,0.0002089987241921,0.0004928591399815563,0.0001495763371546
FOLD-4-RES128-TV05-SOTA-NTF-1638410,sota_batch_cv,FOLD-4,sota,False,173,1932849,0.1881626456053779,0.1752305538751435,0.5083679591816742,0.5022606547935421,0.0007035035890205519,0.0002179886574554,0.0005066136448040657,0.0001515481852397
FOLD-4-RES256-TV00-SOTA-NTF-1638410,sota_batch_cv,FOLD-4,sota,False,173,1932849,0.187510155356324,0.1708401463823814,0.5090426205597552,0.5008833639262518,0.000704537007702525,0.0002178001036168,0.0005082878987047829,0.0001528372812126
FOLD-4-RES256-TV05-SOTA-NTF-1638410,sota_batch_cv,FOLD-4,sota,False,173,1932849,0.19090009555792115,0.1774831694571926,0.5088940422168847,0.5027412139884128,0.0007029688135316787,0.0002171572152046,0.0005070773607272045,0.0001521482168958
FOLD-4-RES256-TV20-SOTA-NTF-1638410,sota_batch_cv,FOLD-4,sota,False,173,1932849,0.19110295479645786,0.1791727283238436,0.5092565617427393,0.5016917158137287,0.000702875870796304,0.000217225111986,0.0005070041856119926,0.0001519250205305
FOLD-4-RES512-TV05-SOTA-NTF-1638410,sota_batch_cv,FOLD-4,sota,False,173,1932849,0.1875449770727889,0.1813076652518436,0.5073051063345898,0.500397462457203,0.0007039842945814642,0.0002179757024303,0.0005076891252525503,0.0001523952498946
FOLD-4-RIEMANN-GPLFR-riemann-d810,sota_batch_cv,FOLD-4,gplfr,False,173,1932849,0.26737602511412156,0.2637434630828621,0.513796550823894,0.5249367519279614,0.0006653591422264921,0.00021048208341,0.0004974073372029655,0.0001508229575665
FOLD-4-SPECTRAL-GPLFR-spectral-d810,sota_batch_cv,FOLD-4,gplfr,False,173,1932849,0.2736617015281779,0.2681465177111424,0.5173403083067449,0.5266720645309654,0.0006643504228124299,0.000209206352759,0.0004959710873056637,0.0001498587275183
FOLD-4-WITHIN-REG03-DEEPSPATIAL-TRANSPORT-256-6-100-WITHIN-MOUSE10,sota_batch_cv,FOLD-4,sota-deepspatial,False,173,346885,-0.6800147074395628,-0.0191021291276634,0.3306808890935698,0.3314087710970337,0.0006111477453764296,0.0002271029827774,0.00045479230450529314,0.0001705835608
FOLD-4-ZW01-NONE-SOTA-SPA3D-409610,sota_batch_cv,FOLD-4,sota,False,173,1932849,0.31111682654492806,0.3028266480422658,0.5550960820154063,0.5590818879277549,0.0006470328026048875,0.0002035752248822,0.0004783788414774483,0.0001473201550929
FOLD-4-ZW03-ALFT-SOTA-SPA3D-409610,sota_batch_cv,FOLD-4,sota,False,173,1932849,0.3145381996297392,0.2978122830941364,0.5553894542766612,0.5580187707764802,0.0006477964302331513,0.0002030449360857,0.00048152924435533974,0.0001468174769511
FOLD-4-ZW03-HILBERT-SOTA-SPA3D-409610,sota_batch_cv,FOLD-4,sota,False,173,1932849,-1.2369526685400971,-1.1541323124955545,0.14368206045560072,0.1301775122815712,0.0011295086121211864,0.0003569707068078,0.0009248959414019124,0.0003041632043216
FOLD-4-ZW03-NONE-NODES150K-SOTA-SPA3D-409610,sota_batch_cv,FOLD-4,sota,False,173,1932849,0.3407907840770506,0.3307875241784106,0.5809800581620437,0.5829149279871153,0.0006350225252798342,0.0001971279333627,0.0004661202222000466,0.0001394892555084
FOLD-4-ZW03-NONE-SOTA-SPA3D-409610,sota_batch_cv,FOLD-4,sota,False,173,1932849,0.3352151296380853,0.3217731898971087,0.5754855654029938,0.5765407470142638,0.0006377237335035729,0.0001989212162942,0.0004685429189736743,0.0001396403190725
FOLD-4-ZW05-NONE-SOTA-SPA3D-409610,sota_batch_cv,FOLD-4,sota,False,173,1932849,0.33707470409630647,0.322847083884645,0.5782734222387214,0.579220244555833,0.0006366334658819098,0.0001985502520063,0.00046706878879620187,0.0001395361055356
FOLD-5-CROSS-REG03-DEEPSPATIAL-TRANSPORT-256-6-100-CROSS-MOUSE10,sota_batch_cv,FOLD-5,sota-deepspatial,False,173,373380,-2.711784025076929,-0.8800576339886097,0.10572374928174215,0.1123345218710272,0.0007748528699593694,0.0003437851107624,0.0005867984338251108,0.0002772467420761
FOLD-5-CROSS-REG08-DEEPSPATIAL-TRANSPORT-256-6-100-CROSS-MOUSE10,sota_batch_cv,FOLD-5,sota-deepspatial,False,173,373380,-2.2591273812661847,-0.900416395830653,0.12101894016000413,0.1259144353238945,0.0007823472093627114,0.0003440226670715,0.0005868387395549567,0.000251860491501
FOLD-5-EUCLIDEAN-GPLFR-euclidean-d810,sota_batch_cv,FOLD-5,gplfr,False,173,1726060,0.22036675019026689,0.2110390316588782,0.48128209746610123,0.4898976071262383,0.0006790258504363874,0.0002235079604307,0.0005097784238348139,0.0001562492900695
FOLD-5-RES128-TV05-SOTA-NTF-1638410,sota_batch_cv,FOLD-5,sota,False,173,1726060,0.1327695978924462,0.109605657013828,0.4782523909737516,0.4728509214545892,0.000718623828644599,0.0002272175824286,0.0005260893838111806,0.0001634845381052
FOLD-5-RES256-TV00-SOTA-NTF-1638410,sota_batch_cv,FOLD-5,sota,False,173,1726060,0.13151905746394033,0.1110477288398512,0.47834362935749447,0.4659556852810722,0.0007198722763444859,0.0002270407538597,0.000527218101546958,0.0001646705252349
FOLD-5-RES256-TV05-SOTA-NTF-1638410,sota_batch_cv,FOLD-5,sota,False,173,1726060,0.13305861811545433,0.1110281474929053,0.4785526378465343,0.4677841636969285,0.0007192782670914092,0.0002264365689231,0.0005267078866284671,0.0001646363304931
FOLD-5-RES256-TV20-SOTA-NTF-1638410,sota_batch_cv,FOLD-5,sota,False,173,1726060,0.13413831172673255,0.1132354335291406,0.4785607252533166,0.4685184535067775,0.000718686480181008,0.0002261487394582,0.0005262297171405216,0.0001645769262731
FOLD-5-RES512-TV05-SOTA-NTF-1638410,sota_batch_cv,FOLD-5,sota,False,173,1726060,0.1339236851219207,0.1156785688217181,0.47767919249772417,0.4702416611862007,0.0007163104330782582,0.000225933578827,0.0005244699670611874,0.0001649537858512
FOLD-5-RIEMANN-GPLFR-riemann-d810,sota_batch_cv,FOLD-5,gplfr,False,173,1726060,0.22888960788580473,0.2232149377622116,0.48450248133082763,0.497056096976135,0.0006738540513574195,0.0002221449982439,0.0005092866005934683,0.0001566621665875
FOLD-5-SPECTRAL-GPLFR-spectral-d810,sota_batch_cv,FOLD-5,gplfr,False,173,1726060,0.21524213079237955,0.2153927953005912,0.4758862876508788,0.486285047469687,0.0006848623436179352,0.0002263455468962,0.0005139931444795426,0.0001571457182643
FOLD-5-WITHIN-REG03-DEEPSPATIAL-TRANSPORT-256-6-100-WITHIN-MOUSE10,sota_batch_cv,FOLD-5,sota-deepspatial,False,173,373380,-0.9012268059342392,-0.1109011356292333,0.2555973125244946,0.2570303577331136,0.0006490071769617546,0.0002597495236415,0.0004828901336093504,0.0001813737134364
FOLD-5-ZW01-NONE-SOTA-SPA3D-409610,sota_batch_cv,FOLD-5,sota,False,173,1726060,0.2668429900075701,0.2618371822863379,0.5244638837285605,0.5303883489296195,0.0006533055340787696,0.0002154446543765,0.0004906809442373802,0.0001538511702961
FOLD-5-ZW03-ALFT-SOTA-SPA3D-409610,sota_batch_cv,FOLD-5,sota,False,173,1726060,0.2845004570409381,0.2743033189377196,0.534806260005965,0.5383876371119628,0.0006476130921762375,0.0002067939192325,0.000491261530692975,0.0001544980263606
FOLD-5-ZW03-HILBERT-SOTA-SPA3D-409610,sota_batch_cv,FOLD-5,sota,False,173,1726060,-1.3575382300161556,-1.370679876209278,0.13415574761406315,0.1430389060914917,0.0011801964011537243,0.0003670082302094,0.0009820751038207606,0.0003218989263044
FOLD-5-ZW03-NONE-NODES150K-SOTA-SPA3D-409610,sota_batch_cv,FOLD-5,sota,False,173,1726060,0.29890642202027656,0.2889163328162588,0.5537483452206726,0.5580442548861974,0.0006419905825410114,0.0002028033215964,0.00047899402224115716,0.0001511356542431
FOLD-5-ZW03-NONE-SOTA-SPA3D-409610,sota_batch_cv,FOLD-5,sota,False,173,1726060,0.2980646460257292,0.2892509419465517,0.5512619157839015,0.5565879466129018,0.0006420915554643375,0.0002039415321147,0.0004793490084405066,0.0001510685766865
FOLD-5-ZW05-NONE-SOTA-SPA3D-409610,sota_batch_cv,FOLD-5,sota,False,173,1726060,0.3038555529463039,0.2888507377742563,0.5582902688956963,0.5623129437982932,0.0006404845470149567,0.0002024132089619,0.0004776157709517056,0.0001504441355009
FOLD-6-CROSS-REG03-DEEPSPATIAL-TRANSPORT-256-6-100-CROSS-MOUSE10,sota_batch_cv,FOLD-6,sota-deepspatial,False,173,314898,-765.9696176606882,-8.649585911275118,0.06712088435161398,0.0438180457544616,0.0027572799633547103,0.0011212548285486,0.002195911975869754,0.0009212597111763
FOLD-6-CROSS-REG08-DEEPSPATIAL-TRANSPORT-256-6-100-CROSS-MOUSE10,sota_batch_cv,FOLD-6,sota-deepspatial,False,173,314898,-5.587519113401379,-1.8671116961691252,0.05744216978384729,0.0368510084714473,0.001019098215346986,0.0004937479025719,0.0008040761887484575,0.0003754801852371
FOLD-6-EUCLIDEAN-GPLFR-euclidean-d810,sota_batch_cv,FOLD-6,gplfr,False,173,436178,0.3092099894791614,0.3150229761041143,0.5490241752104189,0.5702205371434064,0.0006178707571871282,0.0001941354903344,0.00046295672648068463,0.0001439318235059
FOLD-6-RES128-TV05-SOTA-NTF-1638410,sota_batch_cv,FOLD-6,sota,False,173,436178,0.21961834568024124,0.2259892747836855,0.5429205928413621,0.5492452106508245,0.0006556819412995423,0.000209151400642,0.00047532961172184866,0.0001437260959727
FOLD-6-RES256-TV00-SOTA-NTF-1638410,sota_batch_cv,FOLD-6,sota,False,173,436178,0.22291473092496447,0.2305803301270533,0.5447556563374837,0.552683465529561,0.0006543716025940416,0.0002091225668258,0.0004746724667383899,0.0001444941734153
FOLD-6-RES256-TV05-SOTA-NTF-1638410,sota_batch_cv,FOLD-6,sota,False,173,436178,0.22232481850740862,0.2244365775643502,0.5436328398287286,0.5521442505979286,0.0006552373411784359,0.0002085220872834,0.00047505317128438616,0.0001442522649066
FOLD-6-RES256-TV20-SOTA-NTF-1638410,sota_batch_cv,FOLD-6,sota,False,173,436178,0.2235554007172932,0.2266813037462784,0.5439010645569935,0.5533670023899084,0.0006544814306447731,0.000208451101532,0.0004744982170460709,0.0001442108971588
FOLD-6-RES512-TV05-SOTA-NTF-1638410,sota_batch_cv,FOLD-6,sota,False,173,436178,0.21601827416150196,0.2170876833132619,0.5412232433514429,0.5493786116383053,0.0006582426017557161,0.0002095893195266,0.00047834773955056343,0.0001442717186384
FOLD-6-RIEMANN-GPLFR-riemann-d810,sota_batch_cv,FOLD-6,gplfr,False,173,436178,0.3038119876118838,0.3146626575438088,0.5430124712922217,0.566969762771576,0.000619612218393555,0.0001954461155159,0.0004649517746204462,0.0001455149286949
FOLD-6-SPECTRAL-GPLFR-spectral-d810,sota_batch_cv,FOLD-6,gplfr,False,173,436178,0.30744538165035895,0.3205758651684121,0.546530339134709,0.5705979655367767,0.0006182569639663354,0.0001946555308551,0.00046406831309762735,0.0001452494497978
FOLD-6-WITHIN-REG03-DEEPSPATIAL-TRANSPORT-256-6-100-WITHIN-MOUSE10,sota_batch_cv,FOLD-6,sota-deepspatial,False,173,314898,-3.9316518997575076,-1.3803405182668675,0.15346428037186033,0.1361563059233628,0.0009071792200331687,0.0004317871444524,0.0007030145346201095,0.0003358563871402
FOLD-6-ZW01-NONE-SOTA-SPA3D-409610,sota_batch_cv,FOLD-6,sota,False,173,436178,0.34839018076927253,0.3482016827831428,0.5838453617341766,0.593558826233737,0.0006005984892792979,0.0001878752284538,0.00044653425214305834,0.0001358235941149
FOLD-6-ZW03-ALFT-SOTA-SPA3D-409610,sota_batch_cv,FOLD-6,sota,False,173,436178,0.3486291776156563,0.3453849901542696,0.5846200988428767,0.5932588504084356,0.000599371619527407,0.000189273336527,0.0004480097563636485,0.0001382579671247
FOLD-6-ZW03-HILBERT-SOTA-SPA3D-409610,sota_batch_cv,FOLD-6,sota,False,173,436178,-1.1799210166409857,-1.1099639226060938,0.1531073911823237,0.1350818988169312,0.0010881391388858853,0.0003505084913493,0.0008892147285850245,0.0002891526915147
FOLD-6-ZW03-NONE-NODES150K-SOTA-SPA3D-409610,sota_batch_cv,FOLD-6,sota,False,173,436178,0.37933691449834905,0.3773800034355939,0.6108090674398732,0.6165107332441184,0.0005856140092999813,0.000183756953617,0.00043078073271883034,0.0001307430643188
FOLD-6-ZW03-NONE-SOTA-SPA3D-409610,sota_batch_cv,FOLD-6,sota,False,173,436178,0.37685421343032033,0.3723220560368983,0.6084105443012529,0.6144699791722106,0.0005873012286914268,0.0001839028071714,0.0004329489720342275,0.0001313358260986
FOLD-6-ZW05-NONE-SOTA-SPA3D-409610,sota_batch_cv,FOLD-6,sota,False,173,436178,0.38548414171515166,0.3785297670022162,0.6145775926675195,0.6182348121895258,0.0005827761276874184,0.0001825893612027,0.0004282331274222663,0.0001296077796944
FOLD-7-CROSS-REG03-DEEPSPATIAL-TRANSPORT-256-6-100-CROSS-MOUSE10,sota_batch_cv,FOLD-7,sota-deepspatial,False,173,346885,-0.702897574562208,-0.1549837190639118,0.20135242092051572,0.2166899254295285,0.000665654268492768,0.0002502104940137,0.0005098424712350412,0.000196938540996
FOLD-7-CROSS-REG08-DEEPSPATIAL-TRANSPORT-256-6-100-CROSS-MOUSE10,sota_batch_cv,FOLD-7,sota-deepspatial,False,173,346885,-34.25925628864006,-5.366344633622451,0.10161629283877047,0.0968507667430412,0.0010771340592024457,0.0007744355942198,0.0007126495520644868,0.0004911683551931
FOLD-7-EUCLIDEAN-GPLFR-euclidean-d810,sota_batch_cv,FOLD-7,gplfr,False,173,1932849,0.2790217859805421,0.2730903887099548,0.5236198377413317,0.5328485202912863,0.0006611775430279486,0.0002091180720565,0.0004939028363344434,0.000149589087415
FOLD-7-RES128-TV05-SOTA-NTF-1638410,sota_batch_cv,FOLD-7,sota,False,173,1932849,0.18795868727024173,0.1747911560700999,0.5083094901151869,0.5016138159361123,0.0007037399824332529,0.0002180156433796,0.0005068005846042557,0.0001516262110353
FOLD-7-RES256-TV00-SOTA-NTF-1638410,sota_batch_cv,FOLD-7,sota,False,173,1932849,0.18760147923787943,0.1702632387209955,0.5087345862904769,0.501598599763833,0.0007045379377529472,0.0002178132939114,0.0005082523623343534,0.0001529107568297
FOLD-7-RES256-TV05-SOTA-NTF-1638410,sota_batch_cv,FOLD-7,sota,False,173,1932849,0.1907946911798234,0.1779894521775761,0.5088828955536394,0.5044389422767264,0.0007030724181876931,0.0002172116246142,0.0005071435527675079,0.0001520192793262
FOLD-7-RES256-TV20-SOTA-NTF-1638410,sota_batch_cv,FOLD-7,sota,False,173,1932849,0.19106339527698735,0.1791460487853456,0.5093665357917204,0.5021532385811808,0.0007030011009996301,0.000217120740575,0.0005070721588707706,0.0001521923645873
FOLD-7-RES512-TV05-SOTA-NTF-1638410,sota_batch_cv,FOLD-7,sota,False,173,1932849,0.18774879108783987,0.1819973457385395,0.5073828444293031,0.5006342365063162,0.0007038734776237752,0.0002179184375093,0.0005076257655763146,0.0001522999501523
FOLD-7-RIEMANN-GPLFR-riemann-d810,sota_batch_cv,FOLD-7,gplfr,False,173,1932849,0.26856893765145884,0.2604506812214923,0.5128560281245436,0.5251376754487385,0.000665302828859145,0.0002107889888976,0.0004982603884097743,0.0001509303419643
FOLD-7-SPECTRAL-GPLFR-spectral-d810,sota_batch_cv,FOLD-7,gplfr,False,173,1932849,0.27249059321490066,0.267713083518227,0.5175481816695117,0.5277069669011406,0.0006644272964976487,0.0002090682566914,0.000495759262144011,0.0001500560119881
FOLD-7-WITHIN-REG03-DEEPSPATIAL-TRANSPORT-256-6-100-WITHIN-MOUSE10,sota_batch_cv,FOLD-7,sota-deepspatial,False,173,346885,-0.6800147074395628,-0.0191021291276634,0.3306808890935698,0.3314087710970337,0.0006111477453764296,0.0002271029827774,0.00045479230450529314,0.0001705835608
FOLD-7-ZW01-NONE-SOTA-SPA3D-409610,sota_batch_cv,FOLD-7,sota,False,173,1932849,0.3111099211306524,0.3028152825653644,0.555094408898315,0.5590935738547742,0.0006470359140198775,0.000203580609822,0.0004783815945599043,0.0001473157265951
FOLD-7-ZW03-ALFT-SOTA-SPA3D-409610,sota_batch_cv,FOLD-7,sota,False,173,1932849,0.31487285727322223,0.2981486415830566,0.5555630839500273,0.5581750836331991,0.0006476815857079718,0.0002030763223664,0.00048144332249758546,0.000146854123488
FOLD-7-ZW03-HILBERT-SOTA-SPA3D-409610,sota_batch_cv,FOLD-7,sota,False,173,1932849,-1.2369738845406846,-1.15385492420135,0.14372751846101417,0.1303714323114541,0.0011294983509166688,0.0003569850411291,0.0009248969768665418,0.0003041736458134
FOLD-7-ZW03-NONE-NODES150K-SOTA-SPA3D-409610,sota_batch_cv,FOLD-7,sota,False,173,1932849,0.33999058120696196,0.3309665944050403,0.5806619222879476,0.5835654434458256,0.0006349164666474855,0.0001974848640271,0.0004659679330065903,0.0001395541315423
FOLD-7-ZW03-NONE-SOTA-SPA3D-409610,sota_batch_cv,FOLD-7,sota,False,173,1932849,0.3350547055697636,0.3203345209028265,0.5751278273174643,0.5780406299293153,0.000637077540974976,0.0001992979963969,0.0004682164532701027,0.0001395202231775
FOLD-7-ZW05-NONE-SOTA-SPA3D-409610,sota_batch_cv,FOLD-7,sota,False,173,1932849,0.3374132260899216,0.3243590509046108,0.5784429016857568,0.5798834165374177,0.0006369228372212527,0.0001983901930586,0.000467146960217116,0.0001396567067936
FOLD-8-CROSS-REG03-DEEPSPATIAL-TRANSPORT-256-6-100-CROSS-MOUSE10,sota_batch_cv,FOLD-8,sota-deepspatial,False,173,373380,-2.9816754602186255,-1.5044279080662104,0.11746309553434643,0.102436858077182,0.0008177712723220357,0.0003759203604689,0.0006154841442946725,0.0002854732828489
FOLD-8-CROSS-REG08-DEEPSPATIAL-TRANSPORT-256-6-100-CROSS-MOUSE10,sota_batch_cv,FOLD-8,sota-deepspatial,False,173,373380,-3.29713026130033,-1.099869483325826,0.13740965485043957,0.1288590419531765,0.0008182684941685885,0.0003720299244334,0.000620282066525144,0.0002936855934013
FOLD-8-EUCLIDEAN-GPLFR-euclidean-d810,sota_batch_cv,FOLD-8,gplfr,False,173,1726060,0.23516687597866523,0.2222939514138202,0.4900482542605524,0.4992701243010018,0.0006699507861040542,0.0002213787642353,0.000506635247398563,0.0001568518156321
FOLD-8-RES128-TV05-SOTA-NTF-1638410,sota_batch_cv,FOLD-8,sota,False,173,1726060,0.13596269116243523,0.1161618002696488,0.4783449814634281,0.4734842814475342,0.0007170750566022925,0.0002272518237964,0.0005249002087005918,0.0001635439346049
FOLD-8-RES256-TV00-SOTA-NTF-1638410,sota_batch_cv,FOLD-8,sota,False,173,1726060,0.13158372395763848,0.1106772747774517,0.4783649289185586,0.4674375344965504,0.0007198309672308074,0.0002272460520069,0.0005271470771203803,0.0001645378660664
FOLD-8-RES256-TV05-SOTA-NTF-1638410,sota_batch_cv,FOLD-8,sota,False,173,1726060,0.13300129396505073,0.1133666417797033,0.4784913675965204,0.4667208212537778,0.0007190943519899709,0.0002264299404962,0.0005266300950993072,0.000164169265262
FOLD-8-RES256-TV20-SOTA-NTF-1638410,sota_batch_cv,FOLD-8,sota,False,173,1726060,0.13390993245739133,0.1123699852360617,0.47847893080934756,0.4691573159668079,0.000718857984127226,0.0002263937953752,0.000526386303479513,0.0001644764066648
FOLD-8-RES512-TV05-SOTA-NTF-1638410,sota_batch_cv,FOLD-8,sota,False,173,1726060,0.1339496830802387,0.1157049932392878,0.4777998479208795,0.470736552785072,0.0007163066043455263,0.0002259916627376,0.0005245573337197938,0.00016499927027
FOLD-8-RIEMANN-GPLFR-riemann-d810,sota_batch_cv,FOLD-8,gplfr,False,173,1726060,0.22865837572565278,0.2241602151525231,0.48375548463943446,0.4946524633513395,0.0006732329098809595,0.0002225506862363,0.0005081561605861521,0.0001566229411736
FOLD-8-SPECTRAL-GPLFR-spectral-d810,sota_batch_cv,FOLD-8,gplfr,False,173,1726060,0.21672708606056582,0.2156274820924565,0.47661735211088824,0.4866159911410307,0.0006831405569802157,0.0002257760258982,0.0005122702067359518,0.0001570884819713
FOLD-8-WITHIN-REG03-DEEPSPATIAL-TRANSPORT-256-6-100-WITHIN-MOUSE10,sota_batch_cv,FOLD-8,sota-deepspatial,False,173,373380,-6.8350377733161505,-1.082603221578263,0.12736727727930178,0.1119626635338292,0.0009157059121928791,0.000436632346038,0.0006631900062263436,0.0002909510509165
FOLD-8-ZW01-NONE-SOTA-SPA3D-409610,sota_batch_cv,FOLD-8,sota,False,173,1726060,0.26683390275868185,0.2618278028438815,0.5244606712574021,0.530427902552994,0.0006533088855571326,0.000215442183703,0.0004906840134131765,0.000153850900338
FOLD-8-ZW03-ALFT-SOTA-SPA3D-409610,sota_batch_cv,FOLD-8,sota,False,173,1726060,0.2845038503403295,0.2743015132210336,0.5348348588317424,0.5384377185177792,0.000647613218121026,0.0002068022368936,0.0004912659262878478,0.0001544960051181
FOLD-8-ZW03-HILBERT-SOTA-SPA3D-409610,sota_batch_cv,FOLD-8,sota,False,173,1726060,-1.3575087754167634,-1.3702214411446367,0.13408274975643705,0.142929948610758,0.0011802088573755628,0.0003670298108893,0.0009820883016828873,0.0003218895767632
FOLD-8-ZW03-NONE-NODES150K-SOTA-SPA3D-409610,sota_batch_cv,FOLD-8,sota,False,173,1726060,0.29903102718740976,0.2890389702495171,0.5538923630880964,0.5582918059894865,0.0006419384635013897,0.0002028052812518,0.00047891922644820195,0.0001510754973133
FOLD-8-ZW03-NONE-SOTA-SPA3D-409610,sota_batch_cv,FOLD-8,sota,False,173,1726060,0.29808250510265255,0.289283503254311,0.5512584696879895,0.5566010235449261,0.0006420727063283838,0.0002039326198161,0.000479335932894394,0.000151070378092
FOLD-8-ZW05-NONE-SOTA-SPA3D-409610,sota_batch_cv,FOLD-8,sota,False,173,1726060,0.3036533270072374,0.2889117648307141,0.5580315068522839,0.5621757621899425,0.0006406664061537516,0.0002025396594942,0.00047773852118279415,0.0001504074091918
