run,fold,model,kernel_family,lipid_global_idx,lipid_name,slug,batch,test_rmse_z,test_corr,test_r2,mean_pred_std_z,fit_sec
FOLD-1-euclidean-ard-matern-nu1.5-ind1000-5-lr0.05-ep20-lbs1010,fold_1,euclidean-ard-matern-nu1.5-ind1000-5-lr0.05-ep20-lbs10,euclidean,97,PC 35:1 PE 38:1,PC_35-1_PE_38-1,0,0.7989358901977539,0.1505115662873342,-0.0254653928519854,0.9498398303985596,768.5328538417816
FOLD-1-euclidean-ard-matern-nu1.5-ind1000-5-lr0.05-ep20-lbs1010,fold_1,euclidean-ard-matern-nu1.5-ind1000-5-lr0.05-ep20-lbs10,euclidean,18,PA 36:1,PA_36-1,0,0.7300769686698914,0.4878341508584242,0.1764479432959361,0.822444498538971,768.5328538417816
FOLD-1-euclidean-ard-matern-nu1.5-ind1000-5-lr0.05-ep20-lbs1010,fold_1,euclidean-ard-matern-nu1.5-ind1000-5-lr0.05-ep20-lbs10,euclidean,57,LPC 22:6,LPC_22-6,0,0.7771355509757996,0.6151393310146024,0.364588614499716,0.7630611658096313,768.5328538417816
FOLD-1-euclidean-ard-matern-nu1.5-ind1000-5-lr0.05-ep20-lbs1010,fold_1,euclidean-ard-matern-nu1.5-ind1000-5-lr0.05-ep20-lbs10,euclidean,86,PE O-36:0 PE O-38:3,PE_O-36-0_PE_O-38-3,0,0.7261685132980347,0.6962221206307359,0.4845932327824882,0.7297484874725342,768.5328538417816
FOLD-1-euclidean-ard-matern-nu1.5-ind1000-5-lr0.05-ep20-lbs1010,fold_1,euclidean-ard-matern-nu1.5-ind1000-5-lr0.05-ep20-lbs10,euclidean,171,Hex2Cer 40:1;O2,Hex2Cer_40-1_O2,0,0.5874212384223938,0.8080881784382576,0.652172615731258,0.6092338562011719,768.5328538417816
FOLD-1-euclidean-no-ard-matern-nu1.5-ind1000-5-lr0.05-ep20-lbs1010,fold_1,euclidean-no-ard-matern-nu1.5-ind1000-5-lr0.05-ep20-lbs10,euclidean,97,PC 35:1 PE 38:1,PC_35-1_PE_38-1,0,0.7975947260856628,0.1542678138655134,-0.0220254165012663,0.9498658776283264,481.6797352790833
FOLD-1-euclidean-no-ard-matern-nu1.5-ind1000-5-lr0.05-ep20-lbs1010,fold_1,euclidean-no-ard-matern-nu1.5-ind1000-5-lr0.05-ep20-lbs10,euclidean,18,PA 36:1,PA_36-1,0,0.728076159954071,0.4923722476967223,0.1809557195681117,0.8230383992195129,481.6797352790833
FOLD-1-euclidean-no-ard-matern-nu1.5-ind1000-5-lr0.05-ep20-lbs1010,fold_1,euclidean-no-ard-matern-nu1.5-ind1000-5-lr0.05-ep20-lbs10,euclidean,57,LPC 22:6,LPC_22-6,0,0.7741346955299377,0.614810295251302,0.3694863032651683,0.7632697820663452,481.6797352790833
FOLD-1-euclidean-no-ard-matern-nu1.5-ind1000-5-lr0.05-ep20-lbs1010,fold_1,euclidean-no-ard-matern-nu1.5-ind1000-5-lr0.05-ep20-lbs10,euclidean,86,PE O-36:0 PE O-38:3,PE_O-36-0_PE_O-38-3,0,0.7256030440330505,0.6969029670380427,0.4853956059909745,0.72781902551651,481.6797352790833
FOLD-1-euclidean-no-ard-matern-nu1.5-ind1000-5-lr0.05-ep20-lbs1010,fold_1,euclidean-no-ard-matern-nu1.5-ind1000-5-lr0.05-ep20-lbs10,euclidean,171,Hex2Cer 40:1;O2,Hex2Cer_40-1_O2,0,0.5888155698776245,0.807294308778181,0.6505194281348805,0.6097513437271118,481.6797352790833
FOLD-1-learnls-manifold-nu2-K100-stride4-learnls-bs1.0-bd0.01-bw0.1-knn15-faiss_atlas_weighted-5-randomwalk-ind1000-lr0.05-ep20-lbs10-blend0.8-infl50-ptls-rootdissolve-dn3-prune0.910,fold_1,learnls-manifold-nu2-K100-stride4-learnls-bs1.0-bd0.01-bw0.1-knn15-faiss_atlas_weighted-5-randomwalk-ind1000-lr0.05-ep20-lbs10-blend0.8-infl50-ptls-rootdissolve-dn3-prune0.9,manifold,97,PC 35:1 PE 38:1,PC_35-1_PE_38-1,0,0.7976112365722656,0.1175690709336391,-0.0220676704875495,0.9711739420890808,1091.1212975025178
FOLD-1-learnls-manifold-nu2-K100-stride4-learnls-bs1.0-bd0.01-bw0.1-knn15-faiss_atlas_weighted-5-randomwalk-ind1000-lr0.05-ep20-lbs10-blend0.8-infl50-ptls-rootdissolve-dn3-prune0.910,fold_1,learnls-manifold-nu2-K100-stride4-learnls-bs1.0-bd0.01-bw0.1-knn15-faiss_atlas_weighted-5-randomwalk-ind1000-lr0.05-ep20-lbs10-blend0.8-infl50-ptls-rootdissolve-dn3-prune0.9,manifold,18,PA 36:1,PA_36-1,0,0.7473379969596863,0.404483897893112,0.1370455381625019,0.8765784502029419,1091.1212975025178
FOLD-1-learnls-manifold-nu2-K100-stride4-learnls-bs1.0-bd0.01-bw0.1-knn15-faiss_atlas_weighted-5-randomwalk-ind1000-lr0.05-ep20-lbs10-blend0.8-infl50-ptls-rootdissolve-dn3-prune0.910,fold_1,learnls-manifold-nu2-K100-stride4-learnls-bs1.0-bd0.01-bw0.1-knn15-faiss_atlas_weighted-5-randomwalk-ind1000-lr0.05-ep20-lbs10-blend0.8-infl50-ptls-rootdissolve-dn3-prune0.9,manifold,57,LPC 22:6,LPC_22-6,0,0.838779628276825,0.5149734263028583,0.2597862067225311,0.8464758992195129,1091.1212975025178
FOLD-1-learnls-manifold-nu2-K100-stride4-learnls-bs1.0-bd0.01-bw0.1-knn15-faiss_atlas_weighted-5-randomwalk-ind1000-lr0.05-ep20-lbs10-blend0.8-infl50-ptls-rootdissolve-dn3-prune0.910,fold_1,learnls-manifold-nu2-K100-stride4-learnls-bs1.0-bd0.01-bw0.1-knn15-faiss_atlas_weighted-5-randomwalk-ind1000-lr0.05-ep20-lbs10-blend0.8-infl50-ptls-rootdissolve-dn3-prune0.9,manifold,86,PE O-36:0 PE O-38:3,PE_O-36-0_PE_O-38-3,0,0.805209219455719,0.6091517892360824,0.3662867923056482,0.8133679032325745,1091.1212975025178
FOLD-1-learnls-manifold-nu2-K100-stride4-learnls-bs1.0-bd0.01-bw0.1-knn15-faiss_atlas_weighted-5-randomwalk-ind1000-lr0.05-ep20-lbs10-blend0.8-infl50-ptls-rootdissolve-dn3-prune0.910,fold_1,learnls-manifold-nu2-K100-stride4-learnls-bs1.0-bd0.01-bw0.1-knn15-faiss_atlas_weighted-5-randomwalk-ind1000-lr0.05-ep20-lbs10-blend0.8-infl50-ptls-rootdissolve-dn3-prune0.9,manifold,171,Hex2Cer 40:1;O2,Hex2Cer_40-1_O2,0,0.6817712187767029,0.7298429329730733,0.531465339613352,0.7270670533180237,1091.1212975025178
FOLD-1-learnls-manifold-nu2-K100-stride4-learnls-bs1.0-bd0.01-bw0.1-knn15-faiss_atlas_weighted-5-randomwalk-ind1000-lr0.05-ep20-lbs10-blend0.8-infl50-ptls-rootdissolve-dn3-prune0.9510,fold_1,learnls-manifold-nu2-K100-stride4-learnls-bs1.0-bd0.01-bw0.1-knn15-faiss_atlas_weighted-5-randomwalk-ind1000-lr0.05-ep20-lbs10-blend0.8-infl50-ptls-rootdissolve-dn3-prune0.95,manifold,97,PC 35:1 PE 38:1,PC_35-1_PE_38-1,0,0.7960413694381714,0.115084220271787,-0.0180482802789474,0.9719906449317932,1091.370619058609
FOLD-1-learnls-manifold-nu2-K100-stride4-learnls-bs1.0-bd0.01-bw0.1-knn15-faiss_atlas_weighted-5-randomwalk-ind1000-lr0.05-ep20-lbs10-blend0.8-infl50-ptls-rootdissolve-dn3-prune0.9510,fold_1,learnls-manifold-nu2-K100-stride4-learnls-bs1.0-bd0.01-bw0.1-knn15-faiss_atlas_weighted-5-randomwalk-ind1000-lr0.05-ep20-lbs10-blend0.8-infl50-ptls-rootdissolve-dn3-prune0.95,manifold,18,PA 36:1,PA_36-1,0,0.7464697360992432,0.4075597989346057,0.1390496084266393,0.8744639158248901,1091.370619058609
FOLD-1-learnls-manifold-nu2-K100-stride4-learnls-bs1.0-bd0.01-bw0.1-knn15-faiss_atlas_weighted-5-randomwalk-ind1000-lr0.05-ep20-lbs10-blend0.8-infl50-ptls-rootdissolve-dn3-prune0.9510,fold_1,learnls-manifold-nu2-K100-stride4-learnls-bs1.0-bd0.01-bw0.1-knn15-faiss_atlas_weighted-5-randomwalk-ind1000-lr0.05-ep20-lbs10-blend0.8-infl50-ptls-rootdissolve-dn3-prune0.95,manifold,57,LPC 22:6,LPC_22-6,0,0.8351151943206787,0.5199857938059778,0.2662396992738204,0.8418895602226257,1091.370619058609
FOLD-1-learnls-manifold-nu2-K100-stride4-learnls-bs1.0-bd0.01-bw0.1-knn15-faiss_atlas_weighted-5-randomwalk-ind1000-lr0.05-ep20-lbs10-blend0.8-infl50-ptls-rootdissolve-dn3-prune0.9510,fold_1,learnls-manifold-nu2-K100-stride4-learnls-bs1.0-bd0.01-bw0.1-knn15-faiss_atlas_weighted-5-randomwalk-ind1000-lr0.05-ep20-lbs10-blend0.8-infl50-ptls-rootdissolve-dn3-prune0.95,manifold,86,PE O-36:0 PE O-38:3,PE_O-36-0_PE_O-38-3,0,0.8067119717597961,0.6086712521031683,0.3639191683724012,0.8153711557388306,1091.370619058609
FOLD-1-learnls-manifold-nu2-K100-stride4-learnls-bs1.0-bd0.01-bw0.1-knn15-faiss_atlas_weighted-5-randomwalk-ind1000-lr0.05-ep20-lbs10-blend0.8-infl50-ptls-rootdissolve-dn3-prune0.9510,fold_1,learnls-manifold-nu2-K100-stride4-learnls-bs1.0-bd0.01-bw0.1-knn15-faiss_atlas_weighted-5-randomwalk-ind1000-lr0.05-ep20-lbs10-blend0.8-infl50-ptls-rootdissolve-dn3-prune0.95,manifold,171,Hex2Cer 40:1;O2,Hex2Cer_40-1_O2,0,0.6797142624855042,0.7321220792610696,0.534288209301813,0.7267370820045471,1091.370619058609
FOLD-1-learnls-manifold-nu2-K100-stride4-learnls-bs1.0-bd0.01-bw0.1-knn15-faiss_atlas_weighted-5-randomwalk-ind1000-lr0.05-ep20-lbs10-blend0.8-infl50-ptls-rootdissolve-dn3-prune0.9710,fold_1,learnls-manifold-nu2-K100-stride4-learnls-bs1.0-bd0.01-bw0.1-knn15-faiss_atlas_weighted-5-randomwalk-ind1000-lr0.05-ep20-lbs10-blend0.8-infl50-ptls-rootdissolve-dn3-prune0.97,manifold,97,PC 35:1 PE 38:1,PC_35-1_PE_38-1,0,0.7932010293006897,0.1197244677245011,-0.01079637917335,0.9719060063362122,1053.1377802371978
FOLD-1-learnls-manifold-nu2-K100-stride4-learnls-bs1.0-bd0.01-bw0.1-knn15-faiss_atlas_weighted-5-randomwalk-ind1000-lr0.05-ep20-lbs10-blend0.8-infl50-ptls-rootdissolve-dn3-prune0.9710,fold_1,learnls-manifold-nu2-K100-stride4-learnls-bs1.0-bd0.01-bw0.1-knn15-faiss_atlas_weighted-5-randomwalk-ind1000-lr0.05-ep20-lbs10-blend0.8-infl50-ptls-rootdissolve-dn3-prune0.97,manifold,18,PA 36:1,PA_36-1,0,0.7418832778930664,0.4137680756693807,0.149596764839096,0.8805421590805054,1053.1377802371978
FOLD-1-learnls-manifold-nu2-K100-stride4-learnls-bs1.0-bd0.01-bw0.1-knn15-faiss_atlas_weighted-5-randomwalk-ind1000-lr0.05-ep20-lbs10-blend0.8-infl50-ptls-rootdissolve-dn3-prune0.9710,fold_1,learnls-manifold-nu2-K100-stride4-learnls-bs1.0-bd0.01-bw0.1-knn15-faiss_atlas_weighted-5-randomwalk-ind1000-lr0.05-ep20-lbs10-blend0.8-infl50-ptls-rootdissolve-dn3-prune0.97,manifold,57,LPC 22:6,LPC_22-6,0,0.8343948721885681,0.521805979128553,0.2675048997561731,0.8462252020835876,1053.1377802371978
FOLD-1-learnls-manifold-nu2-K100-stride4-learnls-bs1.0-bd0.01-bw0.1-knn15-faiss_atlas_weighted-5-randomwalk-ind1000-lr0.05-ep20-lbs10-blend0.8-infl50-ptls-rootdissolve-dn3-prune0.9710,fold_1,learnls-manifold-nu2-K100-stride4-learnls-bs1.0-bd0.01-bw0.1-knn15-faiss_atlas_weighted-5-randomwalk-ind1000-lr0.05-ep20-lbs10-blend0.8-infl50-ptls-rootdissolve-dn3-prune0.97,manifold,86,PE O-36:0 PE O-38:3,PE_O-36-0_PE_O-38-3,0,0.8104344606399536,0.6029132787867022,0.3580353444093306,0.822599470615387,1053.1377802371978
FOLD-1-learnls-manifold-nu2-K100-stride4-learnls-bs1.0-bd0.01-bw0.1-knn15-faiss_atlas_weighted-5-randomwalk-ind1000-lr0.05-ep20-lbs10-blend0.8-infl50-ptls-rootdissolve-dn3-prune0.9710,fold_1,learnls-manifold-nu2-K100-stride4-learnls-bs1.0-bd0.01-bw0.1-knn15-faiss_atlas_weighted-5-randomwalk-ind1000-lr0.05-ep20-lbs10-blend0.8-infl50-ptls-rootdissolve-dn3-prune0.97,manifold,171,Hex2Cer 40:1;O2,Hex2Cer_40-1_O2,0,0.6821500062942505,0.7295011233830719,0.5309445046399768,0.7340468764305115,1053.1377802371978
FOLD-1-learnls-manifold-nu2-K100-stride4-learnls-bs1.0-bd0.01-bw0.1-knn15-faiss_atlas_weighted-5-randomwalk-ind1000-lr0.05-ep20-lbs10-blend0.8-infl50-ptls-rootdissolve-dn310,fold_1,learnls-manifold-nu2-K100-stride4-learnls-bs1.0-bd0.01-bw0.1-knn15-faiss_atlas_weighted-5-randomwalk-ind1000-lr0.05-ep20-lbs10-blend0.8-infl50-ptls-rootdissolve-dn3,manifold,97,PC 35:1 PE 38:1,PC_35-1_PE_38-1,0,0.7978120446205139,0.1213107824554375,-0.0225824082246655,0.96824848651886,1080.8458778381348
FOLD-1-learnls-manifold-nu2-K100-stride4-learnls-bs1.0-bd0.01-bw0.1-knn15-faiss_atlas_weighted-5-randomwalk-ind1000-lr0.05-ep20-lbs10-blend0.8-infl50-ptls-rootdissolve-dn310,fold_1,learnls-manifold-nu2-K100-stride4-learnls-bs1.0-bd0.01-bw0.1-knn15-faiss_atlas_weighted-5-randomwalk-ind1000-lr0.05-ep20-lbs10-blend0.8-infl50-ptls-rootdissolve-dn3,manifold,18,PA 36:1,PA_36-1,0,0.7494174242019653,0.3989324299374437,0.1322367192880105,0.8760256171226501,1080.8458778381348
FOLD-1-learnls-manifold-nu2-K100-stride4-learnls-bs1.0-bd0.01-bw0.1-knn15-faiss_atlas_weighted-5-randomwalk-ind1000-lr0.05-ep20-lbs10-blend0.8-infl50-ptls-rootdissolve-dn310,fold_1,learnls-manifold-nu2-K100-stride4-learnls-bs1.0-bd0.01-bw0.1-knn15-faiss_atlas_weighted-5-randomwalk-ind1000-lr0.05-ep20-lbs10-blend0.8-infl50-ptls-rootdissolve-dn3,manifold,57,LPC 22:6,LPC_22-6,0,0.85126131772995,0.4930145443591789,0.2375923203544661,0.8556113243103027,1080.8458778381348
FOLD-1-learnls-manifold-nu2-K100-stride4-learnls-bs1.0-bd0.01-bw0.1-knn15-faiss_atlas_weighted-5-randomwalk-ind1000-lr0.05-ep20-lbs10-blend0.8-infl50-ptls-rootdissolve-dn310,fold_1,learnls-manifold-nu2-K100-stride4-learnls-bs1.0-bd0.01-bw0.1-knn15-faiss_atlas_weighted-5-randomwalk-ind1000-lr0.05-ep20-lbs10-blend0.8-infl50-ptls-rootdissolve-dn3,manifold,86,PE O-36:0 PE O-38:3,PE_O-36-0_PE_O-38-3,0,0.8105025887489319,0.6004576016622863,0.357927445329984,0.8174241781234741,1080.8458778381348
FOLD-1-learnls-manifold-nu2-K100-stride4-learnls-bs1.0-bd0.01-bw0.1-knn15-faiss_atlas_weighted-5-randomwalk-ind1000-lr0.05-ep20-lbs10-blend0.8-infl50-ptls-rootdissolve-dn310,fold_1,learnls-manifold-nu2-K100-stride4-learnls-bs1.0-bd0.01-bw0.1-knn15-faiss_atlas_weighted-5-randomwalk-ind1000-lr0.05-ep20-lbs10-blend0.8-infl50-ptls-rootdissolve-dn3,manifold,171,Hex2Cer 40:1;O2,Hex2Cer_40-1_O2,0,0.699400007724762,0.7129824156346991,0.5069218993355761,0.7348806858062744,1080.8458778381348
FOLD-1-learnls-manifold-nu2-K100-stride4-learnls-bs1.0-bd0.01-bw0.1-knn15-faiss_atlas_weighted-5-randomwalk-ind1000-lr0.05-ep20-lbs10-blend0.8-infl50-rootdissolve-dn3-prune0.910,fold_1,learnls-manifold-nu2-K100-stride4-learnls-bs1.0-bd0.01-bw0.1-knn15-faiss_atlas_weighted-5-randomwalk-ind1000-lr0.05-ep20-lbs10-blend0.8-infl50-rootdissolve-dn3-prune0.9,manifold,97,PC 35:1 PE 38:1,PC_35-1_PE_38-1,0,0.7967336773872375,0.1171373078862557,-0.0198199526884867,0.9673991799354552,602.235601568222
FOLD-1-learnls-manifold-nu2-K100-stride4-learnls-bs1.0-bd0.01-bw0.1-knn15-faiss_atlas_weighted-5-randomwalk-ind1000-lr0.05-ep20-lbs10-blend0.8-infl50-rootdissolve-dn3-prune0.910,fold_1,learnls-manifold-nu2-K100-stride4-learnls-bs1.0-bd0.01-bw0.1-knn15-faiss_atlas_weighted-5-randomwalk-ind1000-lr0.05-ep20-lbs10-blend0.8-infl50-rootdissolve-dn3-prune0.9,manifold,18,PA 36:1,PA_36-1,0,0.748627781867981,0.4032616638871867,0.1340644612629714,0.8729368448257446,602.235601568222
FOLD-1-learnls-manifold-nu2-K100-stride4-learnls-bs1.0-bd0.01-bw0.1-knn15-faiss_atlas_weighted-5-randomwalk-ind1000-lr0.05-ep20-lbs10-blend0.8-infl50-rootdissolve-dn3-prune0.910,fold_1,learnls-manifold-nu2-K100-stride4-learnls-bs1.0-bd0.01-bw0.1-knn15-faiss_atlas_weighted-5-randomwalk-ind1000-lr0.05-ep20-lbs10-blend0.8-infl50-rootdissolve-dn3-prune0.9,manifold,57,LPC 22:6,LPC_22-6,0,0.8386482000350952,0.5150136058608464,0.2600180744440634,0.8461671471595764,602.235601568222
FOLD-1-learnls-manifold-nu2-K100-stride4-learnls-bs1.0-bd0.01-bw0.1-knn15-faiss_atlas_weighted-5-randomwalk-ind1000-lr0.05-ep20-lbs10-blend0.8-infl50-rootdissolve-dn3-prune0.910,fold_1,learnls-manifold-nu2-K100-stride4-learnls-bs1.0-bd0.01-bw0.1-knn15-faiss_atlas_weighted-5-randomwalk-ind1000-lr0.05-ep20-lbs10-blend0.8-infl50-rootdissolve-dn3-prune0.9,manifold,86,PE O-36:0 PE O-38:3,PE_O-36-0_PE_O-38-3,0,0.8056697249412537,0.6087636009449403,0.3655616868541198,0.8130797743797302,602.235601568222
FOLD-1-learnls-manifold-nu2-K100-stride4-learnls-bs1.0-bd0.01-bw0.1-knn15-faiss_atlas_weighted-5-randomwalk-ind1000-lr0.05-ep20-lbs10-blend0.8-infl50-rootdissolve-dn3-prune0.910,fold_1,learnls-manifold-nu2-K100-stride4-learnls-bs1.0-bd0.01-bw0.1-knn15-faiss_atlas_weighted-5-randomwalk-ind1000-lr0.05-ep20-lbs10-blend0.8-infl50-rootdissolve-dn3-prune0.9,manifold,171,Hex2Cer 40:1;O2,Hex2Cer_40-1_O2,0,0.6814971566200256,0.7299793013094166,0.531841935549732,0.7294716835021973,602.235601568222
FOLD-1-learnls-manifold-nu2-K100-stride4-learnls-bs1.0-bd0.01-bw0.1-knn15-faiss_atlas_weighted-5-randomwalk-ind1000-lr0.05-ep20-lbs10-blend0.8-infl50-rootdissolve-dn3-prune0.9510,fold_1,learnls-manifold-nu2-K100-stride4-learnls-bs1.0-bd0.01-bw0.1-knn15-faiss_atlas_weighted-5-randomwalk-ind1000-lr0.05-ep20-lbs10-blend0.8-infl50-rootdissolve-dn3-prune0.95,manifold,97,PC 35:1 PE 38:1,PC_35-1_PE_38-1,0,0.7955523133277893,0.1146376376540081,-0.0167979022595683,0.9698513150215148,604.068819475174
FOLD-1-learnls-manifold-nu2-K100-stride4-learnls-bs1.0-bd0.01-bw0.1-knn15-faiss_atlas_weighted-5-randomwalk-ind1000-lr0.05-ep20-lbs10-blend0.8-infl50-rootdissolve-dn3-prune0.9510,fold_1,learnls-manifold-nu2-K100-stride4-learnls-bs1.0-bd0.01-bw0.1-knn15-faiss_atlas_weighted-5-randomwalk-ind1000-lr0.05-ep20-lbs10-blend0.8-infl50-rootdissolve-dn3-prune0.95,manifold,18,PA 36:1,PA_36-1,0,0.7466578483581543,0.4072307401562176,0.1386156773520831,0.8739320635795593,604.068819475174
FOLD-1-learnls-manifold-nu2-K100-stride4-learnls-bs1.0-bd0.01-bw0.1-knn15-faiss_atlas_weighted-5-randomwalk-ind1000-lr0.05-ep20-lbs10-blend0.8-infl50-rootdissolve-dn3-prune0.9510,fold_1,learnls-manifold-nu2-K100-stride4-learnls-bs1.0-bd0.01-bw0.1-knn15-faiss_atlas_weighted-5-randomwalk-ind1000-lr0.05-ep20-lbs10-blend0.8-infl50-rootdissolve-dn3-prune0.95,manifold,57,LPC 22:6,LPC_22-6,0,0.8350656628608704,0.5200753069686855,0.2663267424376878,0.841655969619751,604.068819475174
FOLD-1-learnls-manifold-nu2-K100-stride4-learnls-bs1.0-bd0.01-bw0.1-knn15-faiss_atlas_weighted-5-randomwalk-ind1000-lr0.05-ep20-lbs10-blend0.8-infl50-rootdissolve-dn3-prune0.9510,fold_1,learnls-manifold-nu2-K100-stride4-learnls-bs1.0-bd0.01-bw0.1-knn15-faiss_atlas_weighted-5-randomwalk-ind1000-lr0.05-ep20-lbs10-blend0.8-infl50-rootdissolve-dn3-prune0.95,manifold,86,PE O-36:0 PE O-38:3,PE_O-36-0_PE_O-38-3,0,0.8071148991584778,0.6083829269365595,0.363283642302585,0.815401017665863,604.068819475174
FOLD-1-learnls-manifold-nu2-K100-stride4-learnls-bs1.0-bd0.01-bw0.1-knn15-faiss_atlas_weighted-5-randomwalk-ind1000-lr0.05-ep20-lbs10-blend0.8-infl50-rootdissolve-dn3-prune0.9510,fold_1,learnls-manifold-nu2-K100-stride4-learnls-bs1.0-bd0.01-bw0.1-knn15-faiss_atlas_weighted-5-randomwalk-ind1000-lr0.05-ep20-lbs10-blend0.8-infl50-rootdissolve-dn3-prune0.95,manifold,171,Hex2Cer 40:1;O2,Hex2Cer_40-1_O2,0,0.6795973181724548,0.7321972751115743,0.5344484466827002,0.727179765701294,604.068819475174
FOLD-1-learnls-manifold-nu2-K100-stride4-learnls-bs1.0-bd0.01-bw0.1-knn15-faiss_atlas_weighted-5-randomwalk-ind1000-lr0.05-ep20-lbs10-blend0.8-infl50-rootdissolve-dn3-prune0.9710,fold_1,learnls-manifold-nu2-K100-stride4-learnls-bs1.0-bd0.01-bw0.1-knn15-faiss_atlas_weighted-5-randomwalk-ind1000-lr0.05-ep20-lbs10-blend0.8-infl50-rootdissolve-dn3-prune0.97,manifold,97,PC 35:1 PE 38:1,PC_35-1_PE_38-1,0,0.7931498885154724,0.1192220789573182,-0.0106659746294761,0.9716805815696716,604.6523503303528
FOLD-1-learnls-manifold-nu2-K100-stride4-learnls-bs1.0-bd0.01-bw0.1-knn15-faiss_atlas_weighted-5-randomwalk-ind1000-lr0.05-ep20-lbs10-blend0.8-infl50-rootdissolve-dn3-prune0.9710,fold_1,learnls-manifold-nu2-K100-stride4-learnls-bs1.0-bd0.01-bw0.1-knn15-faiss_atlas_weighted-5-randomwalk-ind1000-lr0.05-ep20-lbs10-blend0.8-infl50-rootdissolve-dn3-prune0.97,manifold,18,PA 36:1,PA_36-1,0,0.7424909472465515,0.4126328968386875,0.1482030317878255,0.87998366355896,604.6523503303528
FOLD-1-learnls-manifold-nu2-K100-stride4-learnls-bs1.0-bd0.01-bw0.1-knn15-faiss_atlas_weighted-5-randomwalk-ind1000-lr0.05-ep20-lbs10-blend0.8-infl50-rootdissolve-dn3-prune0.9710,fold_1,learnls-manifold-nu2-K100-stride4-learnls-bs1.0-bd0.01-bw0.1-knn15-faiss_atlas_weighted-5-randomwalk-ind1000-lr0.05-ep20-lbs10-blend0.8-infl50-rootdissolve-dn3-prune0.97,manifold,57,LPC 22:6,LPC_22-6,0,0.8343809247016907,0.5218690132408512,0.2675293905854707,0.845823347568512,604.6523503303528
FOLD-1-learnls-manifold-nu2-K100-stride4-learnls-bs1.0-bd0.01-bw0.1-knn15-faiss_atlas_weighted-5-randomwalk-ind1000-lr0.05-ep20-lbs10-blend0.8-infl50-rootdissolve-dn3-prune0.9710,fold_1,learnls-manifold-nu2-K100-stride4-learnls-bs1.0-bd0.01-bw0.1-knn15-faiss_atlas_weighted-5-randomwalk-ind1000-lr0.05-ep20-lbs10-blend0.8-infl50-rootdissolve-dn3-prune0.97,manifold,86,PE O-36:0 PE O-38:3,PE_O-36-0_PE_O-38-3,0,0.8106339573860168,0.6028459698753635,0.3577192803786386,0.8215799331665039,604.6523503303528
FOLD-1-learnls-manifold-nu2-K100-stride4-learnls-bs1.0-bd0.01-bw0.1-knn15-faiss_atlas_weighted-5-randomwalk-ind1000-lr0.05-ep20-lbs10-blend0.8-infl50-rootdissolve-dn3-prune0.9710,fold_1,learnls-manifold-nu2-K100-stride4-learnls-bs1.0-bd0.01-bw0.1-knn15-faiss_atlas_weighted-5-randomwalk-ind1000-lr0.05-ep20-lbs10-blend0.8-infl50-rootdissolve-dn3-prune0.97,manifold,171,Hex2Cer 40:1;O2,Hex2Cer_40-1_O2,0,0.6820069551467896,0.7296491228476378,0.5311412588756527,0.7345022559165955,604.6523503303528
FOLD-1-learnls-manifold-nu2-K100-stride4-learnls-bs1.0-bd0.01-bw0.1-knn15-faiss_atlas_weighted-5-randomwalk-ind1000-lr0.05-ep20-lbs10-blend0.8-infl50-rootdissolve-dn310,fold_1,learnls-manifold-nu2-K100-stride4-learnls-bs1.0-bd0.01-bw0.1-knn15-faiss_atlas_weighted-5-randomwalk-ind1000-lr0.05-ep20-lbs10-blend0.8-infl50-rootdissolve-dn3,manifold,97,PC 35:1 PE 38:1,PC_35-1_PE_38-1,0,0.7975424528121948,0.1210267274186547,-0.0218913693723681,0.9690635204315186,600.1020098686218
FOLD-1-learnls-manifold-nu2-K100-stride4-learnls-bs1.0-bd0.01-bw0.1-knn15-faiss_atlas_weighted-5-randomwalk-ind1000-lr0.05-ep20-lbs10-blend0.8-infl50-rootdissolve-dn310,fold_1,learnls-manifold-nu2-K100-stride4-learnls-bs1.0-bd0.01-bw0.1-knn15-faiss_atlas_weighted-5-randomwalk-ind1000-lr0.05-ep20-lbs10-blend0.8-infl50-rootdissolve-dn3,manifold,18,PA 36:1,PA_36-1,0,0.7504019737243652,0.3984455338682426,0.1299550390109797,0.8751281499862671,600.1020098686218
FOLD-1-learnls-manifold-nu2-K100-stride4-learnls-bs1.0-bd0.01-bw0.1-knn15-faiss_atlas_weighted-5-randomwalk-ind1000-lr0.05-ep20-lbs10-blend0.8-infl50-rootdissolve-dn310,fold_1,learnls-manifold-nu2-K100-stride4-learnls-bs1.0-bd0.01-bw0.1-knn15-faiss_atlas_weighted-5-randomwalk-ind1000-lr0.05-ep20-lbs10-blend0.8-infl50-rootdissolve-dn3,manifold,57,LPC 22:6,LPC_22-6,0,0.8513479232788086,0.4927428333110298,0.2374372117689143,0.8550703525543213,600.1020098686218
FOLD-1-learnls-manifold-nu2-K100-stride4-learnls-bs1.0-bd0.01-bw0.1-knn15-faiss_atlas_weighted-5-randomwalk-ind1000-lr0.05-ep20-lbs10-blend0.8-infl50-rootdissolve-dn310,fold_1,learnls-manifold-nu2-K100-stride4-learnls-bs1.0-bd0.01-bw0.1-knn15-faiss_atlas_weighted-5-randomwalk-ind1000-lr0.05-ep20-lbs10-blend0.8-infl50-rootdissolve-dn3,manifold,86,PE O-36:0 PE O-38:3,PE_O-36-0_PE_O-38-3,0,0.8109501004219055,0.600077852339762,0.3572182464976382,0.8176332116127014,600.1020098686218
FOLD-1-learnls-manifold-nu2-K100-stride4-learnls-bs1.0-bd0.01-bw0.1-knn15-faiss_atlas_weighted-5-randomwalk-ind1000-lr0.05-ep20-lbs10-blend0.8-infl50-rootdissolve-dn310,fold_1,learnls-manifold-nu2-K100-stride4-learnls-bs1.0-bd0.01-bw0.1-knn15-faiss_atlas_weighted-5-randomwalk-ind1000-lr0.05-ep20-lbs10-blend0.8-infl50-rootdissolve-dn3,manifold,171,Hex2Cer 40:1;O2,Hex2Cer_40-1_O2,0,0.6993703246116638,0.7128217895779629,0.5069637489716621,0.735690712928772,600.1020098686218
FOLD-1-learnls-manifold-nu2-K1300-stride4-learnls-bs1.0-bd0.01-bw0.1-knn15-faiss_atlas_weighted-5-randomwalk-ind1000-lr0.05-ep20-lbs10-blend0.8-infl50-ptls-rootdissolve-dn3-prune0.910,fold_1,learnls-manifold-nu2-K1300-stride4-learnls-bs1.0-bd0.01-bw0.1-knn15-faiss_atlas_weighted-5-randomwalk-ind1000-lr0.05-ep20-lbs10-blend0.8-infl50-ptls-rootdissolve-dn3-prune0.9,manifold,97,PC 35:1 PE 38:1,PC_35-1_PE_38-1,0,0.8046708106994629,0.134020395486427,-0.0402402033889963,0.948452651500702,2633.15133934021
FOLD-1-learnls-manifold-nu2-K1300-stride4-learnls-bs1.0-bd0.01-bw0.1-knn15-faiss_atlas_weighted-5-randomwalk-ind1000-lr0.05-ep20-lbs10-blend0.8-infl50-ptls-rootdissolve-dn3-prune0.910,fold_1,learnls-manifold-nu2-K1300-stride4-learnls-bs1.0-bd0.01-bw0.1-knn15-faiss_atlas_weighted-5-randomwalk-ind1000-lr0.05-ep20-lbs10-blend0.8-infl50-ptls-rootdissolve-dn3-prune0.9,manifold,18,PA 36:1,PA_36-1,0,0.7215905785560608,0.4992379503237649,0.1954826015748256,0.8184943795204163,2633.15133934021
FOLD-1-learnls-manifold-nu2-K1300-stride4-learnls-bs1.0-bd0.01-bw0.1-knn15-faiss_atlas_weighted-5-randomwalk-ind1000-lr0.05-ep20-lbs10-blend0.8-infl50-ptls-rootdissolve-dn3-prune0.910,fold_1,learnls-manifold-nu2-K1300-stride4-learnls-bs1.0-bd0.01-bw0.1-knn15-faiss_atlas_weighted-5-randomwalk-ind1000-lr0.05-ep20-lbs10-blend0.8-infl50-ptls-rootdissolve-dn3-prune0.9,manifold,57,LPC 22:6,LPC_22-6,0,0.7717317342758179,0.6188240854059543,0.373394498914452,0.7523829936981201,2633.15133934021
FOLD-1-learnls-manifold-nu2-K1300-stride4-learnls-bs1.0-bd0.01-bw0.1-knn15-faiss_atlas_weighted-5-randomwalk-ind1000-lr0.05-ep20-lbs10-blend0.8-infl50-ptls-rootdissolve-dn3-prune0.910,fold_1,learnls-manifold-nu2-K1300-stride4-learnls-bs1.0-bd0.01-bw0.1-knn15-faiss_atlas_weighted-5-randomwalk-ind1000-lr0.05-ep20-lbs10-blend0.8-infl50-ptls-rootdissolve-dn3-prune0.9,manifold,86,PE O-36:0 PE O-38:3,PE_O-36-0_PE_O-38-3,0,0.7173494100570679,0.7052869651866365,0.4970360994566535,0.7198898792266846,2633.15133934021
FOLD-1-learnls-manifold-nu2-K1300-stride4-learnls-bs1.0-bd0.01-bw0.1-knn15-faiss_atlas_weighted-5-randomwalk-ind1000-lr0.05-ep20-lbs10-blend0.8-infl50-ptls-rootdissolve-dn3-prune0.910,fold_1,learnls-manifold-nu2-K1300-stride4-learnls-bs1.0-bd0.01-bw0.1-knn15-faiss_atlas_weighted-5-randomwalk-ind1000-lr0.05-ep20-lbs10-blend0.8-infl50-ptls-rootdissolve-dn3-prune0.9,manifold,171,Hex2Cer 40:1;O2,Hex2Cer_40-1_O2,0,0.578530490398407,0.8143888706006908,0.6626218451646757,0.6068823337554932,2633.15133934021
FOLD-1-learnls-manifold-nu2-K1300-stride4-learnls-bs1.0-bd0.01-bw0.1-knn15-faiss_atlas_weighted-5-randomwalk-ind1000-lr0.05-ep20-lbs10-blend0.8-infl50-ptls-rootdissolve-dn3-prune0.9510,fold_1,learnls-manifold-nu2-K1300-stride4-learnls-bs1.0-bd0.01-bw0.1-knn15-faiss_atlas_weighted-5-randomwalk-ind1000-lr0.05-ep20-lbs10-blend0.8-infl50-ptls-rootdissolve-dn3-prune0.95,manifold,97,PC 35:1 PE 38:1,PC_35-1_PE_38-1,0,0.8041729927062988,0.1339226529005471,-0.0389533995193731,0.949909210205078,1370.9434625148774
FOLD-1-learnls-manifold-nu2-K1300-stride4-learnls-bs1.0-bd0.01-bw0.1-knn15-faiss_atlas_weighted-5-randomwalk-ind1000-lr0.05-ep20-lbs10-blend0.8-infl50-ptls-rootdissolve-dn3-prune0.9510,fold_1,learnls-manifold-nu2-K1300-stride4-learnls-bs1.0-bd0.01-bw0.1-knn15-faiss_atlas_weighted-5-randomwalk-ind1000-lr0.05-ep20-lbs10-blend0.8-infl50-ptls-rootdissolve-dn3-prune0.95,manifold,18,PA 36:1,PA_36-1,0,0.7217530012130737,0.4990025360125749,0.1951203695529544,0.8230375647544861,1370.9434625148774
FOLD-1-learnls-manifold-nu2-K1300-stride4-learnls-bs1.0-bd0.01-bw0.1-knn15-faiss_atlas_weighted-5-randomwalk-ind1000-lr0.05-ep20-lbs10-blend0.8-infl50-ptls-rootdissolve-dn3-prune0.9510,fold_1,learnls-manifold-nu2-K1300-stride4-learnls-bs1.0-bd0.01-bw0.1-knn15-faiss_atlas_weighted-5-randomwalk-ind1000-lr0.05-ep20-lbs10-blend0.8-infl50-ptls-rootdissolve-dn3-prune0.95,manifold,57,LPC 22:6,LPC_22-6,0,0.7718877792358398,0.6177343623430573,0.3731411619594444,0.757278323173523,1370.9434625148774
FOLD-1-learnls-manifold-nu2-K1300-stride4-learnls-bs1.0-bd0.01-bw0.1-knn15-faiss_atlas_weighted-5-randomwalk-ind1000-lr0.05-ep20-lbs10-blend0.8-infl50-ptls-rootdissolve-dn3-prune0.9510,fold_1,learnls-manifold-nu2-K1300-stride4-learnls-bs1.0-bd0.01-bw0.1-knn15-faiss_atlas_weighted-5-randomwalk-ind1000-lr0.05-ep20-lbs10-blend0.8-infl50-ptls-rootdissolve-dn3-prune0.95,manifold,86,PE O-36:0 PE O-38:3,PE_O-36-0_PE_O-38-3,0,0.7173200845718384,0.7052992203844872,0.4970772202833328,0.7232294082641602,1370.9434625148774
FOLD-1-learnls-manifold-nu2-K1300-stride4-learnls-bs1.0-bd0.01-bw0.1-knn15-faiss_atlas_weighted-5-randomwalk-ind1000-lr0.05-ep20-lbs10-blend0.8-infl50-ptls-rootdissolve-dn3-prune0.9510,fold_1,learnls-manifold-nu2-K1300-stride4-learnls-bs1.0-bd0.01-bw0.1-knn15-faiss_atlas_weighted-5-randomwalk-ind1000-lr0.05-ep20-lbs10-blend0.8-infl50-ptls-rootdissolve-dn3-prune0.95,manifold,171,Hex2Cer 40:1;O2,Hex2Cer_40-1_O2,0,0.5814244151115417,0.8122804910624324,0.6592381700373061,0.6094834208488464,1370.9434625148774
FOLD-1-learnls-manifold-nu2-K1300-stride4-learnls-bs1.0-bd0.01-bw0.1-knn15-faiss_atlas_weighted-5-randomwalk-ind1000-lr0.05-ep20-lbs10-blend0.8-infl50-ptls-rootdissolve-dn3-prune0.9710,fold_1,learnls-manifold-nu2-K1300-stride4-learnls-bs1.0-bd0.01-bw0.1-knn15-faiss_atlas_weighted-5-randomwalk-ind1000-lr0.05-ep20-lbs10-blend0.8-infl50-ptls-rootdissolve-dn3-prune0.97,manifold,97,PC 35:1 PE 38:1,PC_35-1_PE_38-1,0,0.8032242059707642,0.1346651750932485,-0.0365033158856209,0.9508765935897828,2740.633572483063
FOLD-1-learnls-manifold-nu2-K1300-stride4-learnls-bs1.0-bd0.01-bw0.1-knn15-faiss_atlas_weighted-5-randomwalk-ind1000-lr0.05-ep20-lbs10-blend0.8-infl50-ptls-rootdissolve-dn3-prune0.9710,fold_1,learnls-manifold-nu2-K1300-stride4-learnls-bs1.0-bd0.01-bw0.1-knn15-faiss_atlas_weighted-5-randomwalk-ind1000-lr0.05-ep20-lbs10-blend0.8-infl50-ptls-rootdissolve-dn3-prune0.97,manifold,18,PA 36:1,PA_36-1,0,0.7220916152000427,0.4973134681272835,0.1943649994028971,0.8244465589523315,2740.633572483063
FOLD-1-learnls-manifold-nu2-K1300-stride4-learnls-bs1.0-bd0.01-bw0.1-knn15-faiss_atlas_weighted-5-randomwalk-ind1000-lr0.05-ep20-lbs10-blend0.8-infl50-ptls-rootdissolve-dn3-prune0.9710,fold_1,learnls-manifold-nu2-K1300-stride4-learnls-bs1.0-bd0.01-bw0.1-knn15-faiss_atlas_weighted-5-randomwalk-ind1000-lr0.05-ep20-lbs10-blend0.8-infl50-ptls-rootdissolve-dn3-prune0.97,manifold,57,LPC 22:6,LPC_22-6,0,0.7723551392555237,0.6171839912693359,0.3723817872198582,0.7583945989608765,2740.633572483063
FOLD-1-learnls-manifold-nu2-K1300-stride4-learnls-bs1.0-bd0.01-bw0.1-knn15-faiss_atlas_weighted-5-randomwalk-ind1000-lr0.05-ep20-lbs10-blend0.8-infl50-ptls-rootdissolve-dn3-prune0.9710,fold_1,learnls-manifold-nu2-K1300-stride4-learnls-bs1.0-bd0.01-bw0.1-knn15-faiss_atlas_weighted-5-randomwalk-ind1000-lr0.05-ep20-lbs10-blend0.8-infl50-ptls-rootdissolve-dn3-prune0.97,manifold,86,PE O-36:0 PE O-38:3,PE_O-36-0_PE_O-38-3,0,0.7171999216079712,0.705364390184398,0.4972457910494685,0.7242910861968994,2740.633572483063
FOLD-1-learnls-manifold-nu2-K1300-stride4-learnls-bs1.0-bd0.01-bw0.1-knn15-faiss_atlas_weighted-5-randomwalk-ind1000-lr0.05-ep20-lbs10-blend0.8-infl50-ptls-rootdissolve-dn3-prune0.9710,fold_1,learnls-manifold-nu2-K1300-stride4-learnls-bs1.0-bd0.01-bw0.1-knn15-faiss_atlas_weighted-5-randomwalk-ind1000-lr0.05-ep20-lbs10-blend0.8-infl50-ptls-rootdissolve-dn3-prune0.97,manifold,171,Hex2Cer 40:1;O2,Hex2Cer_40-1_O2,0,0.5834081768989563,0.8109003621323361,0.6569089381376039,0.6108824610710144,2740.633572483063
FOLD-1-learnls-manifold-nu2-K1300-stride4-learnls-bs1.0-bd0.01-bw0.1-knn15-faiss_atlas_weighted-5-randomwalk-ind1000-lr0.05-ep20-lbs10-blend0.8-infl50-ptls-rootdissolve-dn310,fold_1,learnls-manifold-nu2-K1300-stride4-learnls-bs1.0-bd0.01-bw0.1-knn15-faiss_atlas_weighted-5-randomwalk-ind1000-lr0.05-ep20-lbs10-blend0.8-infl50-ptls-rootdissolve-dn3,manifold,97,PC 35:1 PE 38:1,PC_35-1_PE_38-1,0,0.8067837953567505,0.1293669521490424,-0.0457105566323217,0.943727970123291,2626.617266702652
FOLD-1-learnls-manifold-nu2-K1300-stride4-learnls-bs1.0-bd0.01-bw0.1-knn15-faiss_atlas_weighted-5-randomwalk-ind1000-lr0.05-ep20-lbs10-blend0.8-infl50-ptls-rootdissolve-dn310,fold_1,learnls-manifold-nu2-K1300-stride4-learnls-bs1.0-bd0.01-bw0.1-knn15-faiss_atlas_weighted-5-randomwalk-ind1000-lr0.05-ep20-lbs10-blend0.8-infl50-ptls-rootdissolve-dn3,manifold,18,PA 36:1,PA_36-1,0,0.7250747084617615,0.4920627112168074,0.1876947298782953,0.8153834342956543,2626.617266702652
FOLD-1-learnls-manifold-nu2-K1300-stride4-learnls-bs1.0-bd0.01-bw0.1-knn15-faiss_atlas_weighted-5-randomwalk-ind1000-lr0.05-ep20-lbs10-blend0.8-infl50-ptls-rootdissolve-dn310,fold_1,learnls-manifold-nu2-K1300-stride4-learnls-bs1.0-bd0.01-bw0.1-knn15-faiss_atlas_weighted-5-randomwalk-ind1000-lr0.05-ep20-lbs10-blend0.8-infl50-ptls-rootdissolve-dn3,manifold,57,LPC 22:6,LPC_22-6,0,0.7756187319755554,0.6144955053814203,0.3670665351159264,0.750239908695221,2626.617266702652
FOLD-1-learnls-manifold-nu2-K1300-stride4-learnls-bs1.0-bd0.01-bw0.1-knn15-faiss_atlas_weighted-5-randomwalk-ind1000-lr0.05-ep20-lbs10-blend0.8-infl50-ptls-rootdissolve-dn310,fold_1,learnls-manifold-nu2-K1300-stride4-learnls-bs1.0-bd0.01-bw0.1-knn15-faiss_atlas_weighted-5-randomwalk-ind1000-lr0.05-ep20-lbs10-blend0.8-infl50-ptls-rootdissolve-dn3,manifold,86,PE O-36:0 PE O-38:3,PE_O-36-0_PE_O-38-3,0,0.7214722037315369,0.7010604219391192,0.4912381613878688,0.7198272347450256,2626.617266702652
FOLD-1-learnls-manifold-nu2-K1300-stride4-learnls-bs1.0-bd0.01-bw0.1-knn15-faiss_atlas_weighted-5-randomwalk-ind1000-lr0.05-ep20-lbs10-blend0.8-infl50-ptls-rootdissolve-dn310,fold_1,learnls-manifold-nu2-K1300-stride4-learnls-bs1.0-bd0.01-bw0.1-knn15-faiss_atlas_weighted-5-randomwalk-ind1000-lr0.05-ep20-lbs10-blend0.8-infl50-ptls-rootdissolve-dn3,manifold,171,Hex2Cer 40:1;O2,Hex2Cer_40-1_O2,0,0.5804706811904907,0.8132586782144124,0.6603552099597259,0.602973222732544,2626.617266702652
FOLD-1-learnls-manifold-nu2-K1300-stride4-learnls-bs1.0-bd0.01-bw0.1-knn15-faiss_atlas_weighted-5-randomwalk-ind1000-lr0.05-ep20-lbs10-blend0.8-infl50-rootdissolve-dn3-prune0.910,fold_1,learnls-manifold-nu2-K1300-stride4-learnls-bs1.0-bd0.01-bw0.1-knn15-faiss_atlas_weighted-5-randomwalk-ind1000-lr0.05-ep20-lbs10-blend0.8-infl50-rootdissolve-dn3-prune0.9,manifold,97,PC 35:1 PE 38:1,PC_35-1_PE_38-1,0,0.8051648139953613,0.1323745682903824,-0.0415178603228916,0.948411226272583,655.9634023666382
FOLD-1-learnls-manifold-nu2-K1300-stride4-learnls-bs1.0-bd0.01-bw0.1-knn15-faiss_atlas_weighted-5-randomwalk-ind1000-lr0.05-ep20-lbs10-blend0.8-infl50-rootdissolve-dn3-prune0.910,fold_1,learnls-manifold-nu2-K1300-stride4-learnls-bs1.0-bd0.01-bw0.1-knn15-faiss_atlas_weighted-5-randomwalk-ind1000-lr0.05-ep20-lbs10-blend0.8-infl50-rootdissolve-dn3-prune0.9,manifold,18,PA 36:1,PA_36-1,0,0.721996009349823,0.4990152733659843,0.1945782281817291,0.8181042075157166,655.9634023666382
FOLD-1-learnls-manifold-nu2-K1300-stride4-learnls-bs1.0-bd0.01-bw0.1-knn15-faiss_atlas_weighted-5-randomwalk-ind1000-lr0.05-ep20-lbs10-blend0.8-infl50-rootdissolve-dn3-prune0.910,fold_1,learnls-manifold-nu2-K1300-stride4-learnls-bs1.0-bd0.01-bw0.1-knn15-faiss_atlas_weighted-5-randomwalk-ind1000-lr0.05-ep20-lbs10-blend0.8-infl50-rootdissolve-dn3-prune0.9,manifold,57,LPC 22:6,LPC_22-6,0,0.7714514136314392,0.6196490307309118,0.3738496466641264,0.7517408728599548,655.9634023666382
FOLD-1-learnls-manifold-nu2-K1300-stride4-learnls-bs1.0-bd0.01-bw0.1-knn15-faiss_atlas_weighted-5-randomwalk-ind1000-lr0.05-ep20-lbs10-blend0.8-infl50-rootdissolve-dn3-prune0.910,fold_1,learnls-manifold-nu2-K1300-stride4-learnls-bs1.0-bd0.01-bw0.1-knn15-faiss_atlas_weighted-5-randomwalk-ind1000-lr0.05-ep20-lbs10-blend0.8-infl50-rootdissolve-dn3-prune0.9,manifold,86,PE O-36:0 PE O-38:3,PE_O-36-0_PE_O-38-3,0,0.7176498770713806,0.705047499141061,0.4966146479180648,0.7189761400222778,655.9634023666382
FOLD-1-learnls-manifold-nu2-K1300-stride4-learnls-bs1.0-bd0.01-bw0.1-knn15-faiss_atlas_weighted-5-randomwalk-ind1000-lr0.05-ep20-lbs10-blend0.8-infl50-rootdissolve-dn3-prune0.910,fold_1,learnls-manifold-nu2-K1300-stride4-learnls-bs1.0-bd0.01-bw0.1-knn15-faiss_atlas_weighted-5-randomwalk-ind1000-lr0.05-ep20-lbs10-blend0.8-infl50-rootdissolve-dn3-prune0.9,manifold,171,Hex2Cer 40:1;O2,Hex2Cer_40-1_O2,0,0.5786113142967224,0.8142653493704746,0.6625275819066958,0.6074556708335876,655.9634023666382
FOLD-1-learnls-manifold-nu2-K1300-stride4-learnls-bs1.0-bd0.01-bw0.1-knn15-faiss_atlas_weighted-5-randomwalk-ind1000-lr0.05-ep20-lbs10-blend0.8-infl50-rootdissolve-dn3-prune0.9510,fold_1,learnls-manifold-nu2-K1300-stride4-learnls-bs1.0-bd0.01-bw0.1-knn15-faiss_atlas_weighted-5-randomwalk-ind1000-lr0.05-ep20-lbs10-blend0.8-infl50-rootdissolve-dn3-prune0.95,manifold,97,PC 35:1 PE 38:1,PC_35-1_PE_38-1,0,0.8046157956123352,0.1329660903610731,-0.0400978997340426,0.9496117234230042,655.3411983966828
FOLD-1-learnls-manifold-nu2-K1300-stride4-learnls-bs1.0-bd0.01-bw0.1-knn15-faiss_atlas_weighted-5-randomwalk-ind1000-lr0.05-ep20-lbs10-blend0.8-infl50-rootdissolve-dn3-prune0.9510,fold_1,learnls-manifold-nu2-K1300-stride4-learnls-bs1.0-bd0.01-bw0.1-knn15-faiss_atlas_weighted-5-randomwalk-ind1000-lr0.05-ep20-lbs10-blend0.8-infl50-rootdissolve-dn3-prune0.95,manifold,18,PA 36:1,PA_36-1,0,0.7224826812744141,0.4985293422444477,0.1934920770600554,0.8229844570159912,655.3411983966828
FOLD-1-learnls-manifold-nu2-K1300-stride4-learnls-bs1.0-bd0.01-bw0.1-knn15-faiss_atlas_weighted-5-randomwalk-ind1000-lr0.05-ep20-lbs10-blend0.8-infl50-rootdissolve-dn3-prune0.9510,fold_1,learnls-manifold-nu2-K1300-stride4-learnls-bs1.0-bd0.01-bw0.1-knn15-faiss_atlas_weighted-5-randomwalk-ind1000-lr0.05-ep20-lbs10-blend0.8-infl50-rootdissolve-dn3-prune0.95,manifold,57,LPC 22:6,LPC_22-6,0,0.7715457081794739,0.6183634017673271,0.3736965524757896,0.757487952709198,655.3411983966828
FOLD-1-learnls-manifold-nu2-K1300-stride4-learnls-bs1.0-bd0.01-bw0.1-knn15-faiss_atlas_weighted-5-randomwalk-ind1000-lr0.05-ep20-lbs10-blend0.8-infl50-rootdissolve-dn3-prune0.9510,fold_1,learnls-manifold-nu2-K1300-stride4-learnls-bs1.0-bd0.01-bw0.1-knn15-faiss_atlas_weighted-5-randomwalk-ind1000-lr0.05-ep20-lbs10-blend0.8-infl50-rootdissolve-dn3-prune0.95,manifold,86,PE O-36:0 PE O-38:3,PE_O-36-0_PE_O-38-3,0,0.7176515460014343,0.7049629339145274,0.496612333332611,0.7231531739234924,655.3411983966828
FOLD-1-learnls-manifold-nu2-K1300-stride4-learnls-bs1.0-bd0.01-bw0.1-knn15-faiss_atlas_weighted-5-randomwalk-ind1000-lr0.05-ep20-lbs10-blend0.8-infl50-rootdissolve-dn3-prune0.9510,fold_1,learnls-manifold-nu2-K1300-stride4-learnls-bs1.0-bd0.01-bw0.1-knn15-faiss_atlas_weighted-5-randomwalk-ind1000-lr0.05-ep20-lbs10-blend0.8-infl50-rootdissolve-dn3-prune0.95,manifold,171,Hex2Cer 40:1;O2,Hex2Cer_40-1_O2,0,0.5813387632369995,0.8122812414040153,0.6593385532966797,0.6102705001831055,655.3411983966828
FOLD-1-learnls-manifold-nu2-K1300-stride4-learnls-bs1.0-bd0.01-bw0.1-knn15-faiss_atlas_weighted-5-randomwalk-ind1000-lr0.05-ep20-lbs10-blend0.8-infl50-rootdissolve-dn3-prune0.9710,fold_1,learnls-manifold-nu2-K1300-stride4-learnls-bs1.0-bd0.01-bw0.1-knn15-faiss_atlas_weighted-5-randomwalk-ind1000-lr0.05-ep20-lbs10-blend0.8-infl50-rootdissolve-dn3-prune0.97,manifold,97,PC 35:1 PE 38:1,PC_35-1_PE_38-1,0,0.803594172000885,0.1347628397361721,-0.037458482625355,0.9506765604019164,659.0712805271148
FOLD-1-learnls-manifold-nu2-K1300-stride4-learnls-bs1.0-bd0.01-bw0.1-knn15-faiss_atlas_weighted-5-randomwalk-ind1000-lr0.05-ep20-lbs10-blend0.8-infl50-rootdissolve-dn3-prune0.9710,fold_1,learnls-manifold-nu2-K1300-stride4-learnls-bs1.0-bd0.01-bw0.1-knn15-faiss_atlas_weighted-5-randomwalk-ind1000-lr0.05-ep20-lbs10-blend0.8-infl50-rootdissolve-dn3-prune0.97,manifold,18,PA 36:1,PA_36-1,0,0.722122311592102,0.4976138349921988,0.1942965700138524,0.8242329955101013,659.0712805271148
FOLD-1-learnls-manifold-nu2-K1300-stride4-learnls-bs1.0-bd0.01-bw0.1-knn15-faiss_atlas_weighted-5-randomwalk-ind1000-lr0.05-ep20-lbs10-blend0.8-infl50-rootdissolve-dn3-prune0.9710,fold_1,learnls-manifold-nu2-K1300-stride4-learnls-bs1.0-bd0.01-bw0.1-knn15-faiss_atlas_weighted-5-randomwalk-ind1000-lr0.05-ep20-lbs10-blend0.8-infl50-rootdissolve-dn3-prune0.97,manifold,57,LPC 22:6,LPC_22-6,0,0.7718051075935364,0.6179321581540387,0.3732753314160513,0.7585271596908569,659.0712805271148
FOLD-1-learnls-manifold-nu2-K1300-stride4-learnls-bs1.0-bd0.01-bw0.1-knn15-faiss_atlas_weighted-5-randomwalk-ind1000-lr0.05-ep20-lbs10-blend0.8-infl50-rootdissolve-dn3-prune0.9710,fold_1,learnls-manifold-nu2-K1300-stride4-learnls-bs1.0-bd0.01-bw0.1-knn15-faiss_atlas_weighted-5-randomwalk-ind1000-lr0.05-ep20-lbs10-blend0.8-infl50-rootdissolve-dn3-prune0.97,manifold,86,PE O-36:0 PE O-38:3,PE_O-36-0_PE_O-38-3,0,0.7174896001815796,0.7050658109279875,0.4968395566790761,0.7244109511375427,659.0712805271148
FOLD-1-learnls-manifold-nu2-K1300-stride4-learnls-bs1.0-bd0.01-bw0.1-knn15-faiss_atlas_weighted-5-randomwalk-ind1000-lr0.05-ep20-lbs10-blend0.8-infl50-rootdissolve-dn3-prune0.9710,fold_1,learnls-manifold-nu2-K1300-stride4-learnls-bs1.0-bd0.01-bw0.1-knn15-faiss_atlas_weighted-5-randomwalk-ind1000-lr0.05-ep20-lbs10-blend0.8-infl50-rootdissolve-dn3-prune0.97,manifold,171,Hex2Cer 40:1;O2,Hex2Cer_40-1_O2,0,0.5838528275489807,0.810544345160154,0.6563856907155465,0.6117122769355774,659.0712805271148
FOLD-1-learnls-manifold-nu2-K1300-stride4-learnls-bs1.0-bd0.01-bw0.1-knn15-faiss_atlas_weighted-5-randomwalk-ind1000-lr0.05-ep20-lbs10-blend0.8-infl50-rootdissolve-dn310,fold_1,learnls-manifold-nu2-K1300-stride4-learnls-bs1.0-bd0.01-bw0.1-knn15-faiss_atlas_weighted-5-randomwalk-ind1000-lr0.05-ep20-lbs10-blend0.8-infl50-rootdissolve-dn3,manifold,97,PC 35:1 PE 38:1,PC_35-1_PE_38-1,0,0.8076992034912109,0.1266982628975036,-0.0480848744975661,0.9437364339828492,642.1445356845855
FOLD-1-learnls-manifold-nu2-K1300-stride4-learnls-bs1.0-bd0.01-bw0.1-knn15-faiss_atlas_weighted-5-randomwalk-ind1000-lr0.05-ep20-lbs10-blend0.8-infl50-rootdissolve-dn310,fold_1,learnls-manifold-nu2-K1300-stride4-learnls-bs1.0-bd0.01-bw0.1-knn15-faiss_atlas_weighted-5-randomwalk-ind1000-lr0.05-ep20-lbs10-blend0.8-infl50-rootdissolve-dn3,manifold,18,PA 36:1,PA_36-1,0,0.7252793312072754,0.4919782729883083,0.1872361984773021,0.8149734139442444,642.1445356845855
FOLD-1-learnls-manifold-nu2-K1300-stride4-learnls-bs1.0-bd0.01-bw0.1-knn15-faiss_atlas_weighted-5-randomwalk-ind1000-lr0.05-ep20-lbs10-blend0.8-infl50-rootdissolve-dn310,fold_1,learnls-manifold-nu2-K1300-stride4-learnls-bs1.0-bd0.01-bw0.1-knn15-faiss_atlas_weighted-5-randomwalk-ind1000-lr0.05-ep20-lbs10-blend0.8-infl50-rootdissolve-dn3,manifold,57,LPC 22:6,LPC_22-6,0,0.7753543853759766,0.6149233916962646,0.3674979341826456,0.7495273947715759,642.1445356845855
FOLD-1-learnls-manifold-nu2-K1300-stride4-learnls-bs1.0-bd0.01-bw0.1-knn15-faiss_atlas_weighted-5-randomwalk-ind1000-lr0.05-ep20-lbs10-blend0.8-infl50-rootdissolve-dn310,fold_1,learnls-manifold-nu2-K1300-stride4-learnls-bs1.0-bd0.01-bw0.1-knn15-faiss_atlas_weighted-5-randomwalk-ind1000-lr0.05-ep20-lbs10-blend0.8-infl50-rootdissolve-dn3,manifold,86,PE O-36:0 PE O-38:3,PE_O-36-0_PE_O-38-3,0,0.7217686772346497,0.7007518744084217,0.4908199601182152,0.7187479734420776,642.1445356845855
FOLD-1-learnls-manifold-nu2-K1300-stride4-learnls-bs1.0-bd0.01-bw0.1-knn15-faiss_atlas_weighted-5-randomwalk-ind1000-lr0.05-ep20-lbs10-blend0.8-infl50-rootdissolve-dn310,fold_1,learnls-manifold-nu2-K1300-stride4-learnls-bs1.0-bd0.01-bw0.1-knn15-faiss_atlas_weighted-5-randomwalk-ind1000-lr0.05-ep20-lbs10-blend0.8-infl50-rootdissolve-dn3,manifold,171,Hex2Cer 40:1;O2,Hex2Cer_40-1_O2,0,0.5806615352630615,0.8130934893930385,0.6601318172117598,0.603509783744812,642.1445356845855
FOLD-1-learnls-manifold-nu2-K300-stride4-learnls-bs1.0-bd0.01-bw0.1-knn15-faiss_atlas_weighted-5-randomwalk-ind1000-lr0.05-ep20-lbs10-blend0.8-infl50-ptls-rootdissolve-dn3-prune0.910,fold_1,learnls-manifold-nu2-K300-stride4-learnls-bs1.0-bd0.01-bw0.1-knn15-faiss_atlas_weighted-5-randomwalk-ind1000-lr0.05-ep20-lbs10-blend0.8-infl50-ptls-rootdissolve-dn3-prune0.9,manifold,97,PC 35:1 PE 38:1,PC_35-1_PE_38-1,0,0.8000926375389099,0.1327603593850706,-0.0284369327685654,0.9622383713722228,1103.6213639259338
FOLD-1-learnls-manifold-nu2-K300-stride4-learnls-bs1.0-bd0.01-bw0.1-knn15-faiss_atlas_weighted-5-randomwalk-ind1000-lr0.05-ep20-lbs10-blend0.8-infl50-ptls-rootdissolve-dn3-prune0.910,fold_1,learnls-manifold-nu2-K300-stride4-learnls-bs1.0-bd0.01-bw0.1-knn15-faiss_atlas_weighted-5-randomwalk-ind1000-lr0.05-ep20-lbs10-blend0.8-infl50-ptls-rootdissolve-dn3-prune0.9,manifold,18,PA 36:1,PA_36-1,0,0.7293423414230347,0.460669831221588,0.178104495024584,0.8498351573944092,1103.6213639259338
FOLD-1-learnls-manifold-nu2-K300-stride4-learnls-bs1.0-bd0.01-bw0.1-knn15-faiss_atlas_weighted-5-randomwalk-ind1000-lr0.05-ep20-lbs10-blend0.8-infl50-ptls-rootdissolve-dn3-prune0.910,fold_1,learnls-manifold-nu2-K300-stride4-learnls-bs1.0-bd0.01-bw0.1-knn15-faiss_atlas_weighted-5-randomwalk-ind1000-lr0.05-ep20-lbs10-blend0.8-infl50-ptls-rootdissolve-dn3-prune0.9,manifold,57,LPC 22:6,LPC_22-6,0,0.8008796572685242,0.5787289601875939,0.3251674971284237,0.8027237057685852,1103.6213639259338
FOLD-1-learnls-manifold-nu2-K300-stride4-learnls-bs1.0-bd0.01-bw0.1-knn15-faiss_atlas_weighted-5-randomwalk-ind1000-lr0.05-ep20-lbs10-blend0.8-infl50-ptls-rootdissolve-dn3-prune0.910,fold_1,learnls-manifold-nu2-K300-stride4-learnls-bs1.0-bd0.01-bw0.1-knn15-faiss_atlas_weighted-5-randomwalk-ind1000-lr0.05-ep20-lbs10-blend0.8-infl50-ptls-rootdissolve-dn3-prune0.9,manifold,86,PE O-36:0 PE O-38:3,PE_O-36-0_PE_O-38-3,0,0.7545512914657593,0.6664238640580797,0.4435158415153108,0.7644463777542114,1103.6213639259338
FOLD-1-learnls-manifold-nu2-K300-stride4-learnls-bs1.0-bd0.01-bw0.1-knn15-faiss_atlas_weighted-5-randomwalk-ind1000-lr0.05-ep20-lbs10-blend0.8-infl50-ptls-rootdissolve-dn3-prune0.910,fold_1,learnls-manifold-nu2-K300-stride4-learnls-bs1.0-bd0.01-bw0.1-knn15-faiss_atlas_weighted-5-randomwalk-ind1000-lr0.05-ep20-lbs10-blend0.8-infl50-ptls-rootdissolve-dn3-prune0.9,manifold,171,Hex2Cer 40:1;O2,Hex2Cer_40-1_O2,0,0.6224197745323181,0.781262878015979,0.6094909133977648,0.6574282050132751,1103.6213639259338
FOLD-1-learnls-manifold-nu2-K300-stride4-learnls-bs1.0-bd0.01-bw0.1-knn15-faiss_atlas_weighted-5-randomwalk-ind1000-lr0.05-ep20-lbs10-blend0.8-infl50-ptls-rootdissolve-dn3-prune0.9510,fold_1,learnls-manifold-nu2-K300-stride4-learnls-bs1.0-bd0.01-bw0.1-knn15-faiss_atlas_weighted-5-randomwalk-ind1000-lr0.05-ep20-lbs10-blend0.8-infl50-ptls-rootdissolve-dn3-prune0.95,manifold,97,PC 35:1 PE 38:1,PC_35-1_PE_38-1,0,0.7993693947792053,0.1360358035009222,-0.0265785668354452,0.9626966714859008,1140.8625473022462
FOLD-1-learnls-manifold-nu2-K300-stride4-learnls-bs1.0-bd0.01-bw0.1-knn15-faiss_atlas_weighted-5-randomwalk-ind1000-lr0.05-ep20-lbs10-blend0.8-infl50-ptls-rootdissolve-dn3-prune0.9510,fold_1,learnls-manifold-nu2-K300-stride4-learnls-bs1.0-bd0.01-bw0.1-knn15-faiss_atlas_weighted-5-randomwalk-ind1000-lr0.05-ep20-lbs10-blend0.8-infl50-ptls-rootdissolve-dn3-prune0.95,manifold,18,PA 36:1,PA_36-1,0,0.7265828847885132,0.4642718178774836,0.1843120292949406,0.8578344583511353,1140.8625473022462
FOLD-1-learnls-manifold-nu2-K300-stride4-learnls-bs1.0-bd0.01-bw0.1-knn15-faiss_atlas_weighted-5-randomwalk-ind1000-lr0.05-ep20-lbs10-blend0.8-infl50-ptls-rootdissolve-dn3-prune0.9510,fold_1,learnls-manifold-nu2-K300-stride4-learnls-bs1.0-bd0.01-bw0.1-knn15-faiss_atlas_weighted-5-randomwalk-ind1000-lr0.05-ep20-lbs10-blend0.8-infl50-ptls-rootdissolve-dn3-prune0.95,manifold,57,LPC 22:6,LPC_22-6,0,0.8040807843208313,0.5759474876402355,0.319762127254349,0.8106962442398071,1140.8625473022462
FOLD-1-learnls-manifold-nu2-K300-stride4-learnls-bs1.0-bd0.01-bw0.1-knn15-faiss_atlas_weighted-5-randomwalk-ind1000-lr0.05-ep20-lbs10-blend0.8-infl50-ptls-rootdissolve-dn3-prune0.9510,fold_1,learnls-manifold-nu2-K300-stride4-learnls-bs1.0-bd0.01-bw0.1-knn15-faiss_atlas_weighted-5-randomwalk-ind1000-lr0.05-ep20-lbs10-blend0.8-infl50-ptls-rootdissolve-dn3-prune0.95,manifold,86,PE O-36:0 PE O-38:3,PE_O-36-0_PE_O-38-3,0,0.7632309198379517,0.6568220741373486,0.4306396548962937,0.7774658203125,1140.8625473022462
FOLD-1-learnls-manifold-nu2-K300-stride4-learnls-bs1.0-bd0.01-bw0.1-knn15-faiss_atlas_weighted-5-randomwalk-ind1000-lr0.05-ep20-lbs10-blend0.8-infl50-ptls-rootdissolve-dn3-prune0.9510,fold_1,learnls-manifold-nu2-K300-stride4-learnls-bs1.0-bd0.01-bw0.1-knn15-faiss_atlas_weighted-5-randomwalk-ind1000-lr0.05-ep20-lbs10-blend0.8-infl50-ptls-rootdissolve-dn3-prune0.95,manifold,171,Hex2Cer 40:1;O2,Hex2Cer_40-1_O2,0,0.6332272291183472,0.7727935945741106,0.5958118722745044,0.6724633574485779,1140.8625473022462
FOLD-1-learnls-manifold-nu2-K300-stride4-learnls-bs1.0-bd0.01-bw0.1-knn15-faiss_atlas_weighted-5-randomwalk-ind1000-lr0.05-ep20-lbs10-blend0.8-infl50-ptls-rootdissolve-dn3-prune0.9710,fold_1,learnls-manifold-nu2-K300-stride4-learnls-bs1.0-bd0.01-bw0.1-knn15-faiss_atlas_weighted-5-randomwalk-ind1000-lr0.05-ep20-lbs10-blend0.8-infl50-ptls-rootdissolve-dn3-prune0.97,manifold,97,PC 35:1 PE 38:1,PC_35-1_PE_38-1,0,0.7986711859703064,0.1330154974744252,-0.024785929325432,0.96222323179245,1122.222706747055
FOLD-1-learnls-manifold-nu2-K300-stride4-learnls-bs1.0-bd0.01-bw0.1-knn15-faiss_atlas_weighted-5-randomwalk-ind1000-lr0.05-ep20-lbs10-blend0.8-infl50-ptls-rootdissolve-dn3-prune0.9710,fold_1,learnls-manifold-nu2-K300-stride4-learnls-bs1.0-bd0.01-bw0.1-knn15-faiss_atlas_weighted-5-randomwalk-ind1000-lr0.05-ep20-lbs10-blend0.8-infl50-ptls-rootdissolve-dn3-prune0.97,manifold,18,PA 36:1,PA_36-1,0,0.7267695665359497,0.461917605401684,0.1838928117067659,0.860813319683075,1122.222706747055
FOLD-1-learnls-manifold-nu2-K300-stride4-learnls-bs1.0-bd0.01-bw0.1-knn15-faiss_atlas_weighted-5-randomwalk-ind1000-lr0.05-ep20-lbs10-blend0.8-infl50-ptls-rootdissolve-dn3-prune0.9710,fold_1,learnls-manifold-nu2-K300-stride4-learnls-bs1.0-bd0.01-bw0.1-knn15-faiss_atlas_weighted-5-randomwalk-ind1000-lr0.05-ep20-lbs10-blend0.8-infl50-ptls-rootdissolve-dn3-prune0.97,manifold,57,LPC 22:6,LPC_22-6,0,0.8065690398216248,0.5712061490242131,0.3155455697998177,0.8177390098571777,1122.222706747055
FOLD-1-learnls-manifold-nu2-K300-stride4-learnls-bs1.0-bd0.01-bw0.1-knn15-faiss_atlas_weighted-5-randomwalk-ind1000-lr0.05-ep20-lbs10-blend0.8-infl50-ptls-rootdissolve-dn3-prune0.9710,fold_1,learnls-manifold-nu2-K300-stride4-learnls-bs1.0-bd0.01-bw0.1-knn15-faiss_atlas_weighted-5-randomwalk-ind1000-lr0.05-ep20-lbs10-blend0.8-infl50-ptls-rootdissolve-dn3-prune0.97,manifold,86,PE O-36:0 PE O-38:3,PE_O-36-0_PE_O-38-3,0,0.7683526873588562,0.6515555021117132,0.4229724674643155,0.7841655611991882,1122.222706747055
FOLD-1-learnls-manifold-nu2-K300-stride4-learnls-bs1.0-bd0.01-bw0.1-knn15-faiss_atlas_weighted-5-randomwalk-ind1000-lr0.05-ep20-lbs10-blend0.8-infl50-ptls-rootdissolve-dn3-prune0.9710,fold_1,learnls-manifold-nu2-K300-stride4-learnls-bs1.0-bd0.01-bw0.1-knn15-faiss_atlas_weighted-5-randomwalk-ind1000-lr0.05-ep20-lbs10-blend0.8-infl50-ptls-rootdissolve-dn3-prune0.97,manifold,171,Hex2Cer 40:1;O2,Hex2Cer_40-1_O2,0,0.6366901993751526,0.7694146713116987,0.5913789343355846,0.6829712986946106,1122.222706747055
FOLD-1-learnls-manifold-nu2-K300-stride4-learnls-bs1.0-bd0.01-bw0.1-knn15-faiss_atlas_weighted-5-randomwalk-ind1000-lr0.05-ep20-lbs10-blend0.8-infl50-ptls-rootdissolve-dn310,fold_1,learnls-manifold-nu2-K300-stride4-learnls-bs1.0-bd0.01-bw0.1-knn15-faiss_atlas_weighted-5-randomwalk-ind1000-lr0.05-ep20-lbs10-blend0.8-infl50-ptls-rootdissolve-dn3,manifold,97,PC 35:1 PE 38:1,PC_35-1_PE_38-1,0,0.800403356552124,0.1302957658731762,-0.0292358730839192,0.961950957775116,1103.0296531677243
FOLD-1-learnls-manifold-nu2-K300-stride4-learnls-bs1.0-bd0.01-bw0.1-knn15-faiss_atlas_weighted-5-randomwalk-ind1000-lr0.05-ep20-lbs10-blend0.8-infl50-ptls-rootdissolve-dn310,fold_1,learnls-manifold-nu2-K300-stride4-learnls-bs1.0-bd0.01-bw0.1-knn15-faiss_atlas_weighted-5-randomwalk-ind1000-lr0.05-ep20-lbs10-blend0.8-infl50-ptls-rootdissolve-dn3,manifold,18,PA 36:1,PA_36-1,0,0.7349082827568054,0.4475287333139465,0.1655122418542168,0.8523135185241699,1103.0296531677243
FOLD-1-learnls-manifold-nu2-K300-stride4-learnls-bs1.0-bd0.01-bw0.1-knn15-faiss_atlas_weighted-5-randomwalk-ind1000-lr0.05-ep20-lbs10-blend0.8-infl50-ptls-rootdissolve-dn310,fold_1,learnls-manifold-nu2-K300-stride4-learnls-bs1.0-bd0.01-bw0.1-knn15-faiss_atlas_weighted-5-randomwalk-ind1000-lr0.05-ep20-lbs10-blend0.8-infl50-ptls-rootdissolve-dn3,manifold,57,LPC 22:6,LPC_22-6,0,0.8112528324127197,0.5635651381054254,0.3075731157275441,0.8122497797012329,1103.0296531677243
FOLD-1-learnls-manifold-nu2-K300-stride4-learnls-bs1.0-bd0.01-bw0.1-knn15-faiss_atlas_weighted-5-randomwalk-ind1000-lr0.05-ep20-lbs10-blend0.8-infl50-ptls-rootdissolve-dn310,fold_1,learnls-manifold-nu2-K300-stride4-learnls-bs1.0-bd0.01-bw0.1-knn15-faiss_atlas_weighted-5-randomwalk-ind1000-lr0.05-ep20-lbs10-blend0.8-infl50-ptls-rootdissolve-dn3,manifold,86,PE O-36:0 PE O-38:3,PE_O-36-0_PE_O-38-3,0,0.7603486776351929,0.6602682496672112,0.4349318320111305,0.7664846181869507,1103.0296531677243
FOLD-1-learnls-manifold-nu2-K300-stride4-learnls-bs1.0-bd0.01-bw0.1-knn15-faiss_atlas_weighted-5-randomwalk-ind1000-lr0.05-ep20-lbs10-blend0.8-infl50-ptls-rootdissolve-dn310,fold_1,learnls-manifold-nu2-K300-stride4-learnls-bs1.0-bd0.01-bw0.1-knn15-faiss_atlas_weighted-5-randomwalk-ind1000-lr0.05-ep20-lbs10-blend0.8-infl50-ptls-rootdissolve-dn3,manifold,171,Hex2Cer 40:1;O2,Hex2Cer_40-1_O2,0,0.6298156380653381,0.7749354465317968,0.6001553718528083,0.6649912595748901,1103.0296531677243
FOLD-1-learnls-manifold-nu2-K300-stride4-learnls-bs1.0-bd0.01-bw0.1-knn15-faiss_atlas_weighted-5-randomwalk-ind1000-lr0.05-ep20-lbs10-blend0.8-infl50-rootdissolve-dn3-prune0.910,fold_1,learnls-manifold-nu2-K300-stride4-learnls-bs1.0-bd0.01-bw0.1-knn15-faiss_atlas_weighted-5-randomwalk-ind1000-lr0.05-ep20-lbs10-blend0.8-infl50-rootdissolve-dn3-prune0.9,manifold,97,PC 35:1 PE 38:1,PC_35-1_PE_38-1,0,0.7995184063911438,0.130830442316369,-0.0269612811020099,0.9624937176704408,632.168389415741
FOLD-1-learnls-manifold-nu2-K300-stride4-learnls-bs1.0-bd0.01-bw0.1-knn15-faiss_atlas_weighted-5-randomwalk-ind1000-lr0.05-ep20-lbs10-blend0.8-infl50-rootdissolve-dn3-prune0.910,fold_1,learnls-manifold-nu2-K300-stride4-learnls-bs1.0-bd0.01-bw0.1-knn15-faiss_atlas_weighted-5-randomwalk-ind1000-lr0.05-ep20-lbs10-blend0.8-infl50-rootdissolve-dn3-prune0.9,manifold,18,PA 36:1,PA_36-1,0,0.7296958565711975,0.4601493014350081,0.1773076312859478,0.8495151400566101,632.168389415741
FOLD-1-learnls-manifold-nu2-K300-stride4-learnls-bs1.0-bd0.01-bw0.1-knn15-faiss_atlas_weighted-5-randomwalk-ind1000-lr0.05-ep20-lbs10-blend0.8-infl50-rootdissolve-dn3-prune0.910,fold_1,learnls-manifold-nu2-K300-stride4-learnls-bs1.0-bd0.01-bw0.1-knn15-faiss_atlas_weighted-5-randomwalk-ind1000-lr0.05-ep20-lbs10-blend0.8-infl50-rootdissolve-dn3-prune0.9,manifold,57,LPC 22:6,LPC_22-6,0,0.8008325099945068,0.5791140136576369,0.3252469067870555,0.8021947741508484,632.168389415741
FOLD-1-learnls-manifold-nu2-K300-stride4-learnls-bs1.0-bd0.01-bw0.1-knn15-faiss_atlas_weighted-5-randomwalk-ind1000-lr0.05-ep20-lbs10-blend0.8-infl50-rootdissolve-dn3-prune0.910,fold_1,learnls-manifold-nu2-K300-stride4-learnls-bs1.0-bd0.01-bw0.1-knn15-faiss_atlas_weighted-5-randomwalk-ind1000-lr0.05-ep20-lbs10-blend0.8-infl50-rootdissolve-dn3-prune0.9,manifold,86,PE O-36:0 PE O-38:3,PE_O-36-0_PE_O-38-3,0,0.7549706101417542,0.666121072793931,0.4428971085016595,0.763532280921936,632.168389415741
FOLD-1-learnls-manifold-nu2-K300-stride4-learnls-bs1.0-bd0.01-bw0.1-knn15-faiss_atlas_weighted-5-randomwalk-ind1000-lr0.05-ep20-lbs10-blend0.8-infl50-rootdissolve-dn3-prune0.910,fold_1,learnls-manifold-nu2-K300-stride4-learnls-bs1.0-bd0.01-bw0.1-knn15-faiss_atlas_weighted-5-randomwalk-ind1000-lr0.05-ep20-lbs10-blend0.8-infl50-rootdissolve-dn3-prune0.9,manifold,171,Hex2Cer 40:1;O2,Hex2Cer_40-1_O2,0,0.6224386692047119,0.7812170786230438,0.6094671698238933,0.6571998596191406,632.168389415741
FOLD-1-learnls-manifold-nu2-K300-stride4-learnls-bs1.0-bd0.01-bw0.1-knn15-faiss_atlas_weighted-5-randomwalk-ind1000-lr0.05-ep20-lbs10-blend0.8-infl50-rootdissolve-dn3-prune0.9510,fold_1,learnls-manifold-nu2-K300-stride4-learnls-bs1.0-bd0.01-bw0.1-knn15-faiss_atlas_weighted-5-randomwalk-ind1000-lr0.05-ep20-lbs10-blend0.8-infl50-rootdissolve-dn3-prune0.95,manifold,97,PC 35:1 PE 38:1,PC_35-1_PE_38-1,0,0.7993987798690796,0.1351952595699747,-0.0266540088186173,0.9622738361358644,613.747520494461
FOLD-1-learnls-manifold-nu2-K300-stride4-learnls-bs1.0-bd0.01-bw0.1-knn15-faiss_atlas_weighted-5-randomwalk-ind1000-lr0.05-ep20-lbs10-blend0.8-infl50-rootdissolve-dn3-prune0.9510,fold_1,learnls-manifold-nu2-K300-stride4-learnls-bs1.0-bd0.01-bw0.1-knn15-faiss_atlas_weighted-5-randomwalk-ind1000-lr0.05-ep20-lbs10-blend0.8-infl50-rootdissolve-dn3-prune0.95,manifold,18,PA 36:1,PA_36-1,0,0.7269840240478516,0.4639145465279659,0.1834111591128873,0.8575839400291443,613.747520494461
FOLD-1-learnls-manifold-nu2-K300-stride4-learnls-bs1.0-bd0.01-bw0.1-knn15-faiss_atlas_weighted-5-randomwalk-ind1000-lr0.05-ep20-lbs10-blend0.8-infl50-rootdissolve-dn3-prune0.9510,fold_1,learnls-manifold-nu2-K300-stride4-learnls-bs1.0-bd0.01-bw0.1-knn15-faiss_atlas_weighted-5-randomwalk-ind1000-lr0.05-ep20-lbs10-blend0.8-infl50-rootdissolve-dn3-prune0.95,manifold,57,LPC 22:6,LPC_22-6,0,0.8038144111633301,0.576207047864272,0.3202127161050633,0.8108347058296204,613.747520494461
FOLD-1-learnls-manifold-nu2-K300-stride4-learnls-bs1.0-bd0.01-bw0.1-knn15-faiss_atlas_weighted-5-randomwalk-ind1000-lr0.05-ep20-lbs10-blend0.8-infl50-rootdissolve-dn3-prune0.9510,fold_1,learnls-manifold-nu2-K300-stride4-learnls-bs1.0-bd0.01-bw0.1-knn15-faiss_atlas_weighted-5-randomwalk-ind1000-lr0.05-ep20-lbs10-blend0.8-infl50-rootdissolve-dn3-prune0.95,manifold,86,PE O-36:0 PE O-38:3,PE_O-36-0_PE_O-38-3,0,0.7633881568908691,0.6567186517132804,0.4304050445749761,0.7771365642547607,613.747520494461
FOLD-1-learnls-manifold-nu2-K300-stride4-learnls-bs1.0-bd0.01-bw0.1-knn15-faiss_atlas_weighted-5-randomwalk-ind1000-lr0.05-ep20-lbs10-blend0.8-infl50-rootdissolve-dn3-prune0.9510,fold_1,learnls-manifold-nu2-K300-stride4-learnls-bs1.0-bd0.01-bw0.1-knn15-faiss_atlas_weighted-5-randomwalk-ind1000-lr0.05-ep20-lbs10-blend0.8-infl50-rootdissolve-dn3-prune0.95,manifold,171,Hex2Cer 40:1;O2,Hex2Cer_40-1_O2,0,0.6328369975090027,0.7729177976608065,0.5963098778650875,0.6726967096328735,613.747520494461
FOLD-1-learnls-manifold-nu2-K300-stride4-learnls-bs1.0-bd0.01-bw0.1-knn15-faiss_atlas_weighted-5-randomwalk-ind1000-lr0.05-ep20-lbs10-blend0.8-infl50-rootdissolve-dn3-prune0.9710,fold_1,learnls-manifold-nu2-K300-stride4-learnls-bs1.0-bd0.01-bw0.1-knn15-faiss_atlas_weighted-5-randomwalk-ind1000-lr0.05-ep20-lbs10-blend0.8-infl50-rootdissolve-dn3-prune0.97,manifold,97,PC 35:1 PE 38:1,PC_35-1_PE_38-1,0,0.798623263835907,0.1322240675241211,-0.0246628908979409,0.9619499444961548,628.2252401828766
FOLD-1-learnls-manifold-nu2-K300-stride4-learnls-bs1.0-bd0.01-bw0.1-knn15-faiss_atlas_weighted-5-randomwalk-ind1000-lr0.05-ep20-lbs10-blend0.8-infl50-rootdissolve-dn3-prune0.9710,fold_1,learnls-manifold-nu2-K300-stride4-learnls-bs1.0-bd0.01-bw0.1-knn15-faiss_atlas_weighted-5-randomwalk-ind1000-lr0.05-ep20-lbs10-blend0.8-infl50-rootdissolve-dn3-prune0.97,manifold,18,PA 36:1,PA_36-1,0,0.7269869446754456,0.4616368088722323,0.1834045419364722,0.8610047698020935,628.2252401828766
FOLD-1-learnls-manifold-nu2-K300-stride4-learnls-bs1.0-bd0.01-bw0.1-knn15-faiss_atlas_weighted-5-randomwalk-ind1000-lr0.05-ep20-lbs10-blend0.8-infl50-rootdissolve-dn3-prune0.9710,fold_1,learnls-manifold-nu2-K300-stride4-learnls-bs1.0-bd0.01-bw0.1-knn15-faiss_atlas_weighted-5-randomwalk-ind1000-lr0.05-ep20-lbs10-blend0.8-infl50-rootdissolve-dn3-prune0.97,manifold,57,LPC 22:6,LPC_22-6,0,0.806427538394928,0.5713753199844597,0.3157856541415689,0.8176724910736084,628.2252401828766
FOLD-1-learnls-manifold-nu2-K300-stride4-learnls-bs1.0-bd0.01-bw0.1-knn15-faiss_atlas_weighted-5-randomwalk-ind1000-lr0.05-ep20-lbs10-blend0.8-infl50-rootdissolve-dn3-prune0.9710,fold_1,learnls-manifold-nu2-K300-stride4-learnls-bs1.0-bd0.01-bw0.1-knn15-faiss_atlas_weighted-5-randomwalk-ind1000-lr0.05-ep20-lbs10-blend0.8-infl50-rootdissolve-dn3-prune0.97,manifold,86,PE O-36:0 PE O-38:3,PE_O-36-0_PE_O-38-3,0,0.768317699432373,0.6515807815303644,0.4230249642322677,0.7837060689926147,628.2252401828766
FOLD-1-learnls-manifold-nu2-K300-stride4-learnls-bs1.0-bd0.01-bw0.1-knn15-faiss_atlas_weighted-5-randomwalk-ind1000-lr0.05-ep20-lbs10-blend0.8-infl50-rootdissolve-dn3-prune0.9710,fold_1,learnls-manifold-nu2-K300-stride4-learnls-bs1.0-bd0.01-bw0.1-knn15-faiss_atlas_weighted-5-randomwalk-ind1000-lr0.05-ep20-lbs10-blend0.8-infl50-rootdissolve-dn3-prune0.97,manifold,171,Hex2Cer 40:1;O2,Hex2Cer_40-1_O2,0,0.6365087628364563,0.7694833743286114,0.5916118245130992,0.68312007188797,628.2252401828766
FOLD-1-learnls-manifold-nu2-K300-stride4-learnls-bs1.0-bd0.01-bw0.1-knn15-faiss_atlas_weighted-5-randomwalk-ind1000-lr0.05-ep20-lbs10-blend0.8-infl50-rootdissolve-dn310,fold_1,learnls-manifold-nu2-K300-stride4-learnls-bs1.0-bd0.01-bw0.1-knn15-faiss_atlas_weighted-5-randomwalk-ind1000-lr0.05-ep20-lbs10-blend0.8-infl50-rootdissolve-dn3,manifold,97,PC 35:1 PE 38:1,PC_35-1_PE_38-1,0,0.8002294898033142,0.1277647848909003,-0.0287888064819232,0.9625641703605652,631.6896303176879
FOLD-1-learnls-manifold-nu2-K300-stride4-learnls-bs1.0-bd0.01-bw0.1-knn15-faiss_atlas_weighted-5-randomwalk-ind1000-lr0.05-ep20-lbs10-blend0.8-infl50-rootdissolve-dn310,fold_1,learnls-manifold-nu2-K300-stride4-learnls-bs1.0-bd0.01-bw0.1-knn15-faiss_atlas_weighted-5-randomwalk-ind1000-lr0.05-ep20-lbs10-blend0.8-infl50-rootdissolve-dn3,manifold,18,PA 36:1,PA_36-1,0,0.7352316975593567,0.4470522538467855,0.1647775795738818,0.851601779460907,631.6896303176879
FOLD-1-learnls-manifold-nu2-K300-stride4-learnls-bs1.0-bd0.01-bw0.1-knn15-faiss_atlas_weighted-5-randomwalk-ind1000-lr0.05-ep20-lbs10-blend0.8-infl50-rootdissolve-dn310,fold_1,learnls-manifold-nu2-K300-stride4-learnls-bs1.0-bd0.01-bw0.1-knn15-faiss_atlas_weighted-5-randomwalk-ind1000-lr0.05-ep20-lbs10-blend0.8-infl50-rootdissolve-dn3,manifold,57,LPC 22:6,LPC_22-6,0,0.8112013936042786,0.5640057793282367,0.3076609010377538,0.8113579750061035,631.6896303176879
FOLD-1-learnls-manifold-nu2-K300-stride4-learnls-bs1.0-bd0.01-bw0.1-knn15-faiss_atlas_weighted-5-randomwalk-ind1000-lr0.05-ep20-lbs10-blend0.8-infl50-rootdissolve-dn310,fold_1,learnls-manifold-nu2-K300-stride4-learnls-bs1.0-bd0.01-bw0.1-knn15-faiss_atlas_weighted-5-randomwalk-ind1000-lr0.05-ep20-lbs10-blend0.8-infl50-rootdissolve-dn3,manifold,86,PE O-36:0 PE O-38:3,PE_O-36-0_PE_O-38-3,0,0.7606717348098755,0.660017562196894,0.4344514816597173,0.7655275464057922,631.6896303176879
FOLD-1-learnls-manifold-nu2-K300-stride4-learnls-bs1.0-bd0.01-bw0.1-knn15-faiss_atlas_weighted-5-randomwalk-ind1000-lr0.05-ep20-lbs10-blend0.8-infl50-rootdissolve-dn310,fold_1,learnls-manifold-nu2-K300-stride4-learnls-bs1.0-bd0.01-bw0.1-knn15-faiss_atlas_weighted-5-randomwalk-ind1000-lr0.05-ep20-lbs10-blend0.8-infl50-rootdissolve-dn3,manifold,171,Hex2Cer 40:1;O2,Hex2Cer_40-1_O2,0,0.6298322677612305,0.7749954128128461,0.6001342438811921,0.6644145846366882,631.6896303176879
FOLD-1-spectral-nu2-K100-stride4-bw0.1-knn15-faiss_atlas_weighted-5-randomwalk-lr0.05-ep20-lbs10-rootdissolve-dn310,fold_1,spectral-nu2-K100-stride4-bw0.1-knn15-faiss_atlas_weighted-5-randomwalk-lr0.05-ep20-lbs10-rootdissolve-dn3,spectral,97,PC 35:1 PE 38:1,PC_35-1_PE_38-1,0,0.7947103977203369,0.1200950677651565,-0.0146468343831533,0.971631109714508,146.95943441390992
FOLD-1-spectral-nu2-K100-stride4-bw0.1-knn15-faiss_atlas_weighted-5-randomwalk-lr0.05-ep20-lbs10-rootdissolve-dn310,fold_1,spectral-nu2-K100-stride4-bw0.1-knn15-faiss_atlas_weighted-5-randomwalk-lr0.05-ep20-lbs10-rootdissolve-dn3,spectral,18,PA 36:1,PA_36-1,0,0.7530845999717712,0.4017511474517236,0.1237232936598575,0.8807607889175415,146.95943441390992
FOLD-1-spectral-nu2-K100-stride4-bw0.1-knn15-faiss_atlas_weighted-5-randomwalk-lr0.05-ep20-lbs10-rootdissolve-dn310,fold_1,spectral-nu2-K100-stride4-bw0.1-knn15-faiss_atlas_weighted-5-randomwalk-lr0.05-ep20-lbs10-rootdissolve-dn3,spectral,57,LPC 22:6,LPC_22-6,0,0.8558201193809509,0.4903666352434402,0.2294045378220041,0.8706610798835754,146.95943441390992
FOLD-1-spectral-nu2-K100-stride4-bw0.1-knn15-faiss_atlas_weighted-5-randomwalk-lr0.05-ep20-lbs10-rootdissolve-dn310,fold_1,spectral-nu2-K100-stride4-bw0.1-knn15-faiss_atlas_weighted-5-randomwalk-lr0.05-ep20-lbs10-rootdissolve-dn3,spectral,86,PE O-36:0 PE O-38:3,PE_O-36-0_PE_O-38-3,0,0.8104302287101746,0.5992346030785293,0.358042091179696,0.8257724642753601,146.95943441390992
FOLD-1-spectral-nu2-K100-stride4-bw0.1-knn15-faiss_atlas_weighted-5-randomwalk-lr0.05-ep20-lbs10-rootdissolve-dn310,fold_1,spectral-nu2-K100-stride4-bw0.1-knn15-faiss_atlas_weighted-5-randomwalk-lr0.05-ep20-lbs10-rootdissolve-dn3,spectral,171,Hex2Cer 40:1;O2,Hex2Cer_40-1_O2,0,0.7014980316162109,0.7110120657575035,0.503959259988731,0.7209035754203796,146.95943441390992
FOLD-1-spectral-nu2-K1300-stride4-bw0.1-knn15-faiss_atlas_weighted-5-randomwalk-lr0.05-ep20-lbs10-rootdissolve-dn310,fold_1,spectral-nu2-K1300-stride4-bw0.1-knn15-faiss_atlas_weighted-5-randomwalk-lr0.05-ep20-lbs10-rootdissolve-dn3,spectral,97,PC 35:1 PE 38:1,PC_35-1_PE_38-1,0,0.8064163327217102,0.1344239977393898,-0.0447581420679392,0.9744083285331726,157.20486464500428
FOLD-1-spectral-nu2-K1300-stride4-bw0.1-knn15-faiss_atlas_weighted-5-randomwalk-lr0.05-ep20-lbs10-rootdissolve-dn310,fold_1,spectral-nu2-K1300-stride4-bw0.1-knn15-faiss_atlas_weighted-5-randomwalk-lr0.05-ep20-lbs10-rootdissolve-dn3,spectral,18,PA 36:1,PA_36-1,0,0.7432411313056946,0.4956528201207412,0.146480931088102,0.8295867443084717,157.20486464500428
FOLD-1-spectral-nu2-K1300-stride4-bw0.1-knn15-faiss_atlas_weighted-5-randomwalk-lr0.05-ep20-lbs10-rootdissolve-dn310,fold_1,spectral-nu2-K1300-stride4-bw0.1-knn15-faiss_atlas_weighted-5-randomwalk-lr0.05-ep20-lbs10-rootdissolve-dn3,spectral,57,LPC 22:6,LPC_22-6,0,0.7702741026878357,0.6194457481248299,0.3757592952239066,0.7657970786094666,157.20486464500428
FOLD-1-spectral-nu2-K1300-stride4-bw0.1-knn15-faiss_atlas_weighted-5-randomwalk-lr0.05-ep20-lbs10-rootdissolve-dn310,fold_1,spectral-nu2-K1300-stride4-bw0.1-knn15-faiss_atlas_weighted-5-randomwalk-lr0.05-ep20-lbs10-rootdissolve-dn3,spectral,86,PE O-36:0 PE O-38:3,PE_O-36-0_PE_O-38-3,0,0.7211688756942749,0.7016528299739954,0.4916658672318326,0.7286025285720825,157.20486464500428
FOLD-1-spectral-nu2-K1300-stride4-bw0.1-knn15-faiss_atlas_weighted-5-randomwalk-lr0.05-ep20-lbs10-rootdissolve-dn310,fold_1,spectral-nu2-K1300-stride4-bw0.1-knn15-faiss_atlas_weighted-5-randomwalk-lr0.05-ep20-lbs10-rootdissolve-dn3,spectral,171,Hex2Cer 40:1;O2,Hex2Cer_40-1_O2,0,0.5777158141136169,0.8150534561477657,0.6635713849659652,0.5816512107849121,157.20486464500428
FOLD-2-euclidean-ard-matern-nu1.5-ind1000-5-lr0.05-ep20-lbs1010,fold_2,euclidean-ard-matern-nu1.5-ind1000-5-lr0.05-ep20-lbs10,euclidean,97,PC 35:1 PE 38:1,PC_35-1_PE_38-1,0,0.8830668926239014,0.2084446169334221,0.0196461427487958,0.9593461155891418,504.9693596363068
FOLD-2-euclidean-ard-matern-nu1.5-ind1000-5-lr0.05-ep20-lbs1010,fold_2,euclidean-ard-matern-nu1.5-ind1000-5-lr0.05-ep20-lbs10,euclidean,18,PA 36:1,PA_36-1,0,0.768578827381134,0.4623909607001082,0.1910804657954056,0.8261758089065552,504.9693596363068
FOLD-2-euclidean-ard-matern-nu1.5-ind1000-5-lr0.05-ep20-lbs1010,fold_2,euclidean-ard-matern-nu1.5-ind1000-5-lr0.05-ep20-lbs10,euclidean,57,LPC 22:6,LPC_22-6,0,0.7687786817550659,0.6173735507597425,0.3798999518632777,0.7719030380249023,504.9693596363068
FOLD-2-euclidean-ard-matern-nu1.5-ind1000-5-lr0.05-ep20-lbs1010,fold_2,euclidean-ard-matern-nu1.5-ind1000-5-lr0.05-ep20-lbs10,euclidean,86,PE O-36:0 PE O-38:3,PE_O-36-0_PE_O-38-3,0,0.7393645644187927,0.6843662756097432,0.4673384341430568,0.7329143285751343,504.9693596363068
FOLD-2-euclidean-ard-matern-nu1.5-ind1000-5-lr0.05-ep20-lbs1010,fold_2,euclidean-ard-matern-nu1.5-ind1000-5-lr0.05-ep20-lbs10,euclidean,171,Hex2Cer 40:1;O2,Hex2Cer_40-1_O2,0,0.5944077968597412,0.8008474232686854,0.6407340423926511,0.5993776917457581,504.9693596363068
FOLD-2-euclidean-no-ard-matern-nu1.5-ind1000-5-lr0.05-ep20-lbs1010,fold_2,euclidean-no-ard-matern-nu1.5-ind1000-5-lr0.05-ep20-lbs10,euclidean,97,PC 35:1 PE 38:1,PC_35-1_PE_38-1,0,0.8813167810440063,0.2139881960058375,0.0235281477261432,0.9594420790672302,484.2958947181702
FOLD-2-euclidean-no-ard-matern-nu1.5-ind1000-5-lr0.05-ep20-lbs1010,fold_2,euclidean-no-ard-matern-nu1.5-ind1000-5-lr0.05-ep20-lbs10,euclidean,18,PA 36:1,PA_36-1,0,0.7682942748069763,0.4630342574817137,0.1916793599523828,0.8252556324005127,484.2958947181702
FOLD-2-euclidean-no-ard-matern-nu1.5-ind1000-5-lr0.05-ep20-lbs1010,fold_2,euclidean-no-ard-matern-nu1.5-ind1000-5-lr0.05-ep20-lbs10,euclidean,57,LPC 22:6,LPC_22-6,0,0.7695201635360718,0.6168871357669401,0.3787032008190849,0.7713031768798828,484.2958947181702
FOLD-2-euclidean-no-ard-matern-nu1.5-ind1000-5-lr0.05-ep20-lbs1010,fold_2,euclidean-no-ard-matern-nu1.5-ind1000-5-lr0.05-ep20-lbs10,euclidean,86,PE O-36:0 PE O-38:3,PE_O-36-0_PE_O-38-3,0,0.7388622164726257,0.6847915132593075,0.4680620258506701,0.732345700263977,484.2958947181702
FOLD-2-euclidean-no-ard-matern-nu1.5-ind1000-5-lr0.05-ep20-lbs1010,fold_2,euclidean-no-ard-matern-nu1.5-ind1000-5-lr0.05-ep20-lbs10,euclidean,171,Hex2Cer 40:1;O2,Hex2Cer_40-1_O2,0,0.5943179130554199,0.8007036488035334,0.6408426917957928,0.5966438055038452,484.2958947181702
FOLD-2-learnls-manifold-nu2-K100-stride4-learnls-bs1.0-bd0.01-bw0.1-knn15-faiss_atlas_weighted-5-randomwalk-ind1000-lr0.05-ep20-lbs10-blend0.8-infl50-ptls-rootdissolve-dn3-prune0.910,fold_2,learnls-manifold-nu2-K100-stride4-learnls-bs1.0-bd0.01-bw0.1-knn15-faiss_atlas_weighted-5-randomwalk-ind1000-lr0.05-ep20-lbs10-blend0.8-infl50-ptls-rootdissolve-dn3-prune0.9,manifold,97,PC 35:1 PE 38:1,PC_35-1_PE_38-1,0,0.888970673084259,0.1753466307127713,0.0064939918083615,0.9838889241218568,1032.0952684402466
FOLD-2-learnls-manifold-nu2-K100-stride4-learnls-bs1.0-bd0.01-bw0.1-knn15-faiss_atlas_weighted-5-randomwalk-ind1000-lr0.05-ep20-lbs10-blend0.8-infl50-ptls-rootdissolve-dn3-prune0.910,fold_2,learnls-manifold-nu2-K100-stride4-learnls-bs1.0-bd0.01-bw0.1-knn15-faiss_atlas_weighted-5-randomwalk-ind1000-lr0.05-ep20-lbs10-blend0.8-infl50-ptls-rootdissolve-dn3-prune0.9,manifold,18,PA 36:1,PA_36-1,0,0.7947157025337219,0.3844919694662594,0.1351275162752626,0.8873022198677063,1032.0952684402466
FOLD-2-learnls-manifold-nu2-K100-stride4-learnls-bs1.0-bd0.01-bw0.1-knn15-faiss_atlas_weighted-5-randomwalk-ind1000-lr0.05-ep20-lbs10-blend0.8-infl50-ptls-rootdissolve-dn3-prune0.910,fold_2,learnls-manifold-nu2-K100-stride4-learnls-bs1.0-bd0.01-bw0.1-knn15-faiss_atlas_weighted-5-randomwalk-ind1000-lr0.05-ep20-lbs10-blend0.8-infl50-ptls-rootdissolve-dn3-prune0.9,manifold,57,LPC 22:6,LPC_22-6,0,0.8424955010414124,0.508761551839036,0.2552778349768636,0.8612841367721558,1032.0952684402466
FOLD-2-learnls-manifold-nu2-K100-stride4-learnls-bs1.0-bd0.01-bw0.1-knn15-faiss_atlas_weighted-5-randomwalk-ind1000-lr0.05-ep20-lbs10-blend0.8-infl50-ptls-rootdissolve-dn3-prune0.910,fold_2,learnls-manifold-nu2-K100-stride4-learnls-bs1.0-bd0.01-bw0.1-knn15-faiss_atlas_weighted-5-randomwalk-ind1000-lr0.05-ep20-lbs10-blend0.8-infl50-ptls-rootdissolve-dn3-prune0.9,manifold,86,PE O-36:0 PE O-38:3,PE_O-36-0_PE_O-38-3,0,0.8289136290550232,0.5774701675434288,0.3304968244741795,0.8225792050361633,1032.0952684402466
FOLD-2-learnls-manifold-nu2-K100-stride4-learnls-bs1.0-bd0.01-bw0.1-knn15-faiss_atlas_weighted-5-randomwalk-ind1000-lr0.05-ep20-lbs10-blend0.8-infl50-ptls-rootdissolve-dn3-prune0.910,fold_2,learnls-manifold-nu2-K100-stride4-learnls-bs1.0-bd0.01-bw0.1-knn15-faiss_atlas_weighted-5-randomwalk-ind1000-lr0.05-ep20-lbs10-blend0.8-infl50-ptls-rootdissolve-dn3-prune0.9,manifold,171,Hex2Cer 40:1;O2,Hex2Cer_40-1_O2,0,0.6972796320915222,0.7122612621086258,0.5056198475551954,0.708220362663269,1032.0952684402466
FOLD-2-learnls-manifold-nu2-K100-stride4-learnls-bs1.0-bd0.01-bw0.1-knn15-faiss_atlas_weighted-5-randomwalk-ind1000-lr0.05-ep20-lbs10-blend0.8-infl50-ptls-rootdissolve-dn3-prune0.9510,fold_2,learnls-manifold-nu2-K100-stride4-learnls-bs1.0-bd0.01-bw0.1-knn15-faiss_atlas_weighted-5-randomwalk-ind1000-lr0.05-ep20-lbs10-blend0.8-infl50-ptls-rootdissolve-dn3-prune0.95,manifold,97,PC 35:1 PE 38:1,PC_35-1_PE_38-1,0,0.8873663544654846,0.1768602852983715,0.0100766139197376,0.984310746192932,1037.39503698349
FOLD-2-learnls-manifold-nu2-K100-stride4-learnls-bs1.0-bd0.01-bw0.1-knn15-faiss_atlas_weighted-5-randomwalk-ind1000-lr0.05-ep20-lbs10-blend0.8-infl50-ptls-rootdissolve-dn3-prune0.9510,fold_2,learnls-manifold-nu2-K100-stride4-learnls-bs1.0-bd0.01-bw0.1-knn15-faiss_atlas_weighted-5-randomwalk-ind1000-lr0.05-ep20-lbs10-blend0.8-infl50-ptls-rootdissolve-dn3-prune0.95,manifold,18,PA 36:1,PA_36-1,0,0.7951896786689758,0.3831198712603844,0.1340954677582366,0.8864040970802307,1037.39503698349
FOLD-2-learnls-manifold-nu2-K100-stride4-learnls-bs1.0-bd0.01-bw0.1-knn15-faiss_atlas_weighted-5-randomwalk-ind1000-lr0.05-ep20-lbs10-blend0.8-infl50-ptls-rootdissolve-dn3-prune0.9510,fold_2,learnls-manifold-nu2-K100-stride4-learnls-bs1.0-bd0.01-bw0.1-knn15-faiss_atlas_weighted-5-randomwalk-ind1000-lr0.05-ep20-lbs10-blend0.8-infl50-ptls-rootdissolve-dn3-prune0.95,manifold,57,LPC 22:6,LPC_22-6,0,0.839438796043396,0.5127871557520963,0.2606720294501164,0.8567872643470764,1037.39503698349
FOLD-2-learnls-manifold-nu2-K100-stride4-learnls-bs1.0-bd0.01-bw0.1-knn15-faiss_atlas_weighted-5-randomwalk-ind1000-lr0.05-ep20-lbs10-blend0.8-infl50-ptls-rootdissolve-dn3-prune0.9510,fold_2,learnls-manifold-nu2-K100-stride4-learnls-bs1.0-bd0.01-bw0.1-knn15-faiss_atlas_weighted-5-randomwalk-ind1000-lr0.05-ep20-lbs10-blend0.8-infl50-ptls-rootdissolve-dn3-prune0.95,manifold,86,PE O-36:0 PE O-38:3,PE_O-36-0_PE_O-38-3,0,0.8305399417877197,0.5764254492249997,0.327867119424338,0.8228803873062134,1037.39503698349
FOLD-2-learnls-manifold-nu2-K100-stride4-learnls-bs1.0-bd0.01-bw0.1-knn15-faiss_atlas_weighted-5-randomwalk-ind1000-lr0.05-ep20-lbs10-blend0.8-infl50-ptls-rootdissolve-dn3-prune0.9510,fold_2,learnls-manifold-nu2-K100-stride4-learnls-bs1.0-bd0.01-bw0.1-knn15-faiss_atlas_weighted-5-randomwalk-ind1000-lr0.05-ep20-lbs10-blend0.8-infl50-ptls-rootdissolve-dn3-prune0.95,manifold,171,Hex2Cer 40:1;O2,Hex2Cer_40-1_O2,0,0.6989898681640625,0.7111350560424508,0.5031917036000918,0.7088626027107239,1037.39503698349
FOLD-2-learnls-manifold-nu2-K100-stride4-learnls-bs1.0-bd0.01-bw0.1-knn15-faiss_atlas_weighted-5-randomwalk-ind1000-lr0.05-ep20-lbs10-blend0.8-infl50-ptls-rootdissolve-dn3-prune0.9710,fold_2,learnls-manifold-nu2-K100-stride4-learnls-bs1.0-bd0.01-bw0.1-knn15-faiss_atlas_weighted-5-randomwalk-ind1000-lr0.05-ep20-lbs10-blend0.8-infl50-ptls-rootdissolve-dn3-prune0.97,manifold,97,PC 35:1 PE 38:1,PC_35-1_PE_38-1,0,0.886394739151001,0.1755543781197452,0.0122432794605017,0.9845371246337892,995.6778800010682
FOLD-2-learnls-manifold-nu2-K100-stride4-learnls-bs1.0-bd0.01-bw0.1-knn15-faiss_atlas_weighted-5-randomwalk-ind1000-lr0.05-ep20-lbs10-blend0.8-infl50-ptls-rootdissolve-dn3-prune0.9710,fold_2,learnls-manifold-nu2-K100-stride4-learnls-bs1.0-bd0.01-bw0.1-knn15-faiss_atlas_weighted-5-randomwalk-ind1000-lr0.05-ep20-lbs10-blend0.8-infl50-ptls-rootdissolve-dn3-prune0.97,manifold,18,PA 36:1,PA_36-1,0,0.7967522740364075,0.3763835000308278,0.1306891586900739,0.8892020583152771,995.6778800010682
FOLD-2-learnls-manifold-nu2-K100-stride4-learnls-bs1.0-bd0.01-bw0.1-knn15-faiss_atlas_weighted-5-randomwalk-ind1000-lr0.05-ep20-lbs10-blend0.8-infl50-ptls-rootdissolve-dn3-prune0.9710,fold_2,learnls-manifold-nu2-K100-stride4-learnls-bs1.0-bd0.01-bw0.1-knn15-faiss_atlas_weighted-5-randomwalk-ind1000-lr0.05-ep20-lbs10-blend0.8-infl50-ptls-rootdissolve-dn3-prune0.97,manifold,57,LPC 22:6,LPC_22-6,0,0.840803325176239,0.5107680004646705,0.2582664909439156,0.8557490706443787,995.6778800010682
FOLD-2-learnls-manifold-nu2-K100-stride4-learnls-bs1.0-bd0.01-bw0.1-knn15-faiss_atlas_weighted-5-randomwalk-ind1000-lr0.05-ep20-lbs10-blend0.8-infl50-ptls-rootdissolve-dn3-prune0.9710,fold_2,learnls-manifold-nu2-K100-stride4-learnls-bs1.0-bd0.01-bw0.1-knn15-faiss_atlas_weighted-5-randomwalk-ind1000-lr0.05-ep20-lbs10-blend0.8-infl50-ptls-rootdissolve-dn3-prune0.97,manifold,86,PE O-36:0 PE O-38:3,PE_O-36-0_PE_O-38-3,0,0.8358677625656128,0.567389913959115,0.3192161822581779,0.8273709416389465,995.6778800010682
FOLD-2-learnls-manifold-nu2-K100-stride4-learnls-bs1.0-bd0.01-bw0.1-knn15-faiss_atlas_weighted-5-randomwalk-ind1000-lr0.05-ep20-lbs10-blend0.8-infl50-ptls-rootdissolve-dn3-prune0.9710,fold_2,learnls-manifold-nu2-K100-stride4-learnls-bs1.0-bd0.01-bw0.1-knn15-faiss_atlas_weighted-5-randomwalk-ind1000-lr0.05-ep20-lbs10-blend0.8-infl50-ptls-rootdissolve-dn3-prune0.97,manifold,171,Hex2Cer 40:1;O2,Hex2Cer_40-1_O2,0,0.7036454677581787,0.7053845006941385,0.4965517528481278,0.7142613530158997,995.6778800010682
FOLD-2-learnls-manifold-nu2-K100-stride4-learnls-bs1.0-bd0.01-bw0.1-knn15-faiss_atlas_weighted-5-randomwalk-ind1000-lr0.05-ep20-lbs10-blend0.8-infl50-ptls-rootdissolve-dn310,fold_2,learnls-manifold-nu2-K100-stride4-learnls-bs1.0-bd0.01-bw0.1-knn15-faiss_atlas_weighted-5-randomwalk-ind1000-lr0.05-ep20-lbs10-blend0.8-infl50-ptls-rootdissolve-dn3,manifold,97,PC 35:1 PE 38:1,PC_35-1_PE_38-1,0,0.8898339867591858,0.1732012467773546,0.0045633369008362,0.9829666614532472,1016.311024093628
FOLD-2-learnls-manifold-nu2-K100-stride4-learnls-bs1.0-bd0.01-bw0.1-knn15-faiss_atlas_weighted-5-randomwalk-ind1000-lr0.05-ep20-lbs10-blend0.8-infl50-ptls-rootdissolve-dn310,fold_2,learnls-manifold-nu2-K100-stride4-learnls-bs1.0-bd0.01-bw0.1-knn15-faiss_atlas_weighted-5-randomwalk-ind1000-lr0.05-ep20-lbs10-blend0.8-infl50-ptls-rootdissolve-dn3,manifold,18,PA 36:1,PA_36-1,0,0.7981080412864685,0.3751679136952545,0.1277281512257094,0.8896620273590088,1016.311024093628
FOLD-2-learnls-manifold-nu2-K100-stride4-learnls-bs1.0-bd0.01-bw0.1-knn15-faiss_atlas_weighted-5-randomwalk-ind1000-lr0.05-ep20-lbs10-blend0.8-infl50-ptls-rootdissolve-dn310,fold_2,learnls-manifold-nu2-K100-stride4-learnls-bs1.0-bd0.01-bw0.1-knn15-faiss_atlas_weighted-5-randomwalk-ind1000-lr0.05-ep20-lbs10-blend0.8-infl50-ptls-rootdissolve-dn3,manifold,57,LPC 22:6,LPC_22-6,0,0.8541198968887329,0.4890128660706057,0.2345853982054193,0.8695070743560791,1016.311024093628
FOLD-2-learnls-manifold-nu2-K100-stride4-learnls-bs1.0-bd0.01-bw0.1-knn15-faiss_atlas_weighted-5-randomwalk-ind1000-lr0.05-ep20-lbs10-blend0.8-infl50-ptls-rootdissolve-dn310,fold_2,learnls-manifold-nu2-K100-stride4-learnls-bs1.0-bd0.01-bw0.1-knn15-faiss_atlas_weighted-5-randomwalk-ind1000-lr0.05-ep20-lbs10-blend0.8-infl50-ptls-rootdissolve-dn3,manifold,86,PE O-36:0 PE O-38:3,PE_O-36-0_PE_O-38-3,0,0.8362495303153992,0.5674096712578768,0.3185941501975758,0.828353226184845,1016.311024093628
FOLD-2-learnls-manifold-nu2-K100-stride4-learnls-bs1.0-bd0.01-bw0.1-knn15-faiss_atlas_weighted-5-randomwalk-ind1000-lr0.05-ep20-lbs10-blend0.8-infl50-ptls-rootdissolve-dn310,fold_2,learnls-manifold-nu2-K100-stride4-learnls-bs1.0-bd0.01-bw0.1-knn15-faiss_atlas_weighted-5-randomwalk-ind1000-lr0.05-ep20-lbs10-blend0.8-infl50-ptls-rootdissolve-dn3,manifold,171,Hex2Cer 40:1;O2,Hex2Cer_40-1_O2,0,0.7108675837516785,0.6992313560327036,0.4861640806764423,0.7197191119194031,1016.311024093628
FOLD-2-learnls-manifold-nu2-K100-stride4-learnls-bs1.0-bd0.01-bw0.1-knn15-faiss_atlas_weighted-5-randomwalk-ind1000-lr0.05-ep20-lbs10-blend0.8-infl50-rootdissolve-dn3-prune0.910,fold_2,learnls-manifold-nu2-K100-stride4-learnls-bs1.0-bd0.01-bw0.1-knn15-faiss_atlas_weighted-5-randomwalk-ind1000-lr0.05-ep20-lbs10-blend0.8-infl50-rootdissolve-dn3-prune0.9,manifold,97,PC 35:1 PE 38:1,PC_35-1_PE_38-1,0,0.8884260058403015,0.1753614156710373,0.0077110389175207,0.9834967255592346,845.5162546157837
FOLD-2-learnls-manifold-nu2-K100-stride4-learnls-bs1.0-bd0.01-bw0.1-knn15-faiss_atlas_weighted-5-randomwalk-ind1000-lr0.05-ep20-lbs10-blend0.8-infl50-rootdissolve-dn3-prune0.910,fold_2,learnls-manifold-nu2-K100-stride4-learnls-bs1.0-bd0.01-bw0.1-knn15-faiss_atlas_weighted-5-randomwalk-ind1000-lr0.05-ep20-lbs10-blend0.8-infl50-rootdissolve-dn3-prune0.9,manifold,18,PA 36:1,PA_36-1,0,0.7945786714553833,0.3844386452500339,0.1354256493490186,0.8872024416923523,845.5162546157837
FOLD-2-learnls-manifold-nu2-K100-stride4-learnls-bs1.0-bd0.01-bw0.1-knn15-faiss_atlas_weighted-5-randomwalk-ind1000-lr0.05-ep20-lbs10-blend0.8-infl50-rootdissolve-dn3-prune0.910,fold_2,learnls-manifold-nu2-K100-stride4-learnls-bs1.0-bd0.01-bw0.1-knn15-faiss_atlas_weighted-5-randomwalk-ind1000-lr0.05-ep20-lbs10-blend0.8-infl50-rootdissolve-dn3-prune0.9,manifold,57,LPC 22:6,LPC_22-6,0,0.8421860337257385,0.5088328818701051,0.255824932674364,0.8609256148338318,845.5162546157837
FOLD-2-learnls-manifold-nu2-K100-stride4-learnls-bs1.0-bd0.01-bw0.1-knn15-faiss_atlas_weighted-5-randomwalk-ind1000-lr0.05-ep20-lbs10-blend0.8-infl50-rootdissolve-dn3-prune0.910,fold_2,learnls-manifold-nu2-K100-stride4-learnls-bs1.0-bd0.01-bw0.1-knn15-faiss_atlas_weighted-5-randomwalk-ind1000-lr0.05-ep20-lbs10-blend0.8-infl50-rootdissolve-dn3-prune0.9,manifold,86,PE O-36:0 PE O-38:3,PE_O-36-0_PE_O-38-3,0,0.8288283944129944,0.5774154611970922,0.3306344951413432,0.8222038149833679,845.5162546157837
FOLD-2-learnls-manifold-nu2-K100-stride4-learnls-bs1.0-bd0.01-bw0.1-knn15-faiss_atlas_weighted-5-randomwalk-ind1000-lr0.05-ep20-lbs10-blend0.8-infl50-rootdissolve-dn3-prune0.910,fold_2,learnls-manifold-nu2-K100-stride4-learnls-bs1.0-bd0.01-bw0.1-knn15-faiss_atlas_weighted-5-randomwalk-ind1000-lr0.05-ep20-lbs10-blend0.8-infl50-rootdissolve-dn3-prune0.9,manifold,171,Hex2Cer 40:1;O2,Hex2Cer_40-1_O2,0,0.6970456838607788,0.7124828139378108,0.505951541542276,0.7083290219306946,845.5162546157837
FOLD-2-learnls-manifold-nu2-K100-stride4-learnls-bs1.0-bd0.01-bw0.1-knn15-faiss_atlas_weighted-5-randomwalk-ind1000-lr0.05-ep20-lbs10-blend0.8-infl50-rootdissolve-dn3-prune0.9510,fold_2,learnls-manifold-nu2-K100-stride4-learnls-bs1.0-bd0.01-bw0.1-knn15-faiss_atlas_weighted-5-randomwalk-ind1000-lr0.05-ep20-lbs10-blend0.8-infl50-rootdissolve-dn3-prune0.95,manifold,97,PC 35:1 PE 38:1,PC_35-1_PE_38-1,0,0.8869699239730835,0.1768252761809972,0.0109610372286668,0.984028458595276,589.5367587566376
FOLD-2-learnls-manifold-nu2-K100-stride4-learnls-bs1.0-bd0.01-bw0.1-knn15-faiss_atlas_weighted-5-randomwalk-ind1000-lr0.05-ep20-lbs10-blend0.8-infl50-rootdissolve-dn3-prune0.9510,fold_2,learnls-manifold-nu2-K100-stride4-learnls-bs1.0-bd0.01-bw0.1-knn15-faiss_atlas_weighted-5-randomwalk-ind1000-lr0.05-ep20-lbs10-blend0.8-infl50-rootdissolve-dn3-prune0.95,manifold,18,PA 36:1,PA_36-1,0,0.7950336337089539,0.3832253496607842,0.1344353569823817,0.8862043023109436,589.5367587566376
FOLD-2-learnls-manifold-nu2-K100-stride4-learnls-bs1.0-bd0.01-bw0.1-knn15-faiss_atlas_weighted-5-randomwalk-ind1000-lr0.05-ep20-lbs10-blend0.8-infl50-rootdissolve-dn3-prune0.9510,fold_2,learnls-manifold-nu2-K100-stride4-learnls-bs1.0-bd0.01-bw0.1-knn15-faiss_atlas_weighted-5-randomwalk-ind1000-lr0.05-ep20-lbs10-blend0.8-infl50-rootdissolve-dn3-prune0.95,manifold,57,LPC 22:6,LPC_22-6,0,0.8392863273620605,0.5127629668063666,0.2609405444810071,0.8567067384719849,589.5367587566376
FOLD-2-learnls-manifold-nu2-K100-stride4-learnls-bs1.0-bd0.01-bw0.1-knn15-faiss_atlas_weighted-5-randomwalk-ind1000-lr0.05-ep20-lbs10-blend0.8-infl50-rootdissolve-dn3-prune0.9510,fold_2,learnls-manifold-nu2-K100-stride4-learnls-bs1.0-bd0.01-bw0.1-knn15-faiss_atlas_weighted-5-randomwalk-ind1000-lr0.05-ep20-lbs10-blend0.8-infl50-rootdissolve-dn3-prune0.95,manifold,86,PE O-36:0 PE O-38:3,PE_O-36-0_PE_O-38-3,0,0.8305028676986694,0.5762803536872825,0.3279271243876294,0.8229674696922302,589.5367587566376
FOLD-2-learnls-manifold-nu2-K100-stride4-learnls-bs1.0-bd0.01-bw0.1-knn15-faiss_atlas_weighted-5-randomwalk-ind1000-lr0.05-ep20-lbs10-blend0.8-infl50-rootdissolve-dn3-prune0.9510,fold_2,learnls-manifold-nu2-K100-stride4-learnls-bs1.0-bd0.01-bw0.1-knn15-faiss_atlas_weighted-5-randomwalk-ind1000-lr0.05-ep20-lbs10-blend0.8-infl50-rootdissolve-dn3-prune0.95,manifold,171,Hex2Cer 40:1;O2,Hex2Cer_40-1_O2,0,0.6989243030548096,0.7111273311620413,0.5032849369733724,0.7090329527854919,589.5367587566376
FOLD-2-learnls-manifold-nu2-K100-stride4-learnls-bs1.0-bd0.01-bw0.1-knn15-faiss_atlas_weighted-5-randomwalk-ind1000-lr0.05-ep20-lbs10-blend0.8-infl50-rootdissolve-dn3-prune0.9710,fold_2,learnls-manifold-nu2-K100-stride4-learnls-bs1.0-bd0.01-bw0.1-knn15-faiss_atlas_weighted-5-randomwalk-ind1000-lr0.05-ep20-lbs10-blend0.8-infl50-rootdissolve-dn3-prune0.97,manifold,97,PC 35:1 PE 38:1,PC_35-1_PE_38-1,0,0.8862220048904419,0.1756000295695768,0.0126282309249847,0.9843387603759766,574.9230408191681
FOLD-2-learnls-manifold-nu2-K100-stride4-learnls-bs1.0-bd0.01-bw0.1-knn15-faiss_atlas_weighted-5-randomwalk-ind1000-lr0.05-ep20-lbs10-blend0.8-infl50-rootdissolve-dn3-prune0.9710,fold_2,learnls-manifold-nu2-K100-stride4-learnls-bs1.0-bd0.01-bw0.1-knn15-faiss_atlas_weighted-5-randomwalk-ind1000-lr0.05-ep20-lbs10-blend0.8-infl50-rootdissolve-dn3-prune0.97,manifold,18,PA 36:1,PA_36-1,0,0.7967997789382935,0.3761883756999643,0.1305854983167307,0.8889982104301453,574.9230408191681
FOLD-2-learnls-manifold-nu2-K100-stride4-learnls-bs1.0-bd0.01-bw0.1-knn15-faiss_atlas_weighted-5-randomwalk-ind1000-lr0.05-ep20-lbs10-blend0.8-infl50-rootdissolve-dn3-prune0.9710,fold_2,learnls-manifold-nu2-K100-stride4-learnls-bs1.0-bd0.01-bw0.1-knn15-faiss_atlas_weighted-5-randomwalk-ind1000-lr0.05-ep20-lbs10-blend0.8-infl50-rootdissolve-dn3-prune0.97,manifold,57,LPC 22:6,LPC_22-6,0,0.8408389091491699,0.5106788740217263,0.2582036241519807,0.8557847142219543,574.9230408191681
FOLD-2-learnls-manifold-nu2-K100-stride4-learnls-bs1.0-bd0.01-bw0.1-knn15-faiss_atlas_weighted-5-randomwalk-ind1000-lr0.05-ep20-lbs10-blend0.8-infl50-rootdissolve-dn3-prune0.9710,fold_2,learnls-manifold-nu2-K100-stride4-learnls-bs1.0-bd0.01-bw0.1-knn15-faiss_atlas_weighted-5-randomwalk-ind1000-lr0.05-ep20-lbs10-blend0.8-infl50-rootdissolve-dn3-prune0.97,manifold,86,PE O-36:0 PE O-38:3,PE_O-36-0_PE_O-38-3,0,0.8358935117721558,0.5673236851470147,0.3191742120276208,0.8275884389877319,574.9230408191681
FOLD-2-learnls-manifold-nu2-K100-stride4-learnls-bs1.0-bd0.01-bw0.1-knn15-faiss_atlas_weighted-5-randomwalk-ind1000-lr0.05-ep20-lbs10-blend0.8-infl50-rootdissolve-dn3-prune0.9710,fold_2,learnls-manifold-nu2-K100-stride4-learnls-bs1.0-bd0.01-bw0.1-knn15-faiss_atlas_weighted-5-randomwalk-ind1000-lr0.05-ep20-lbs10-blend0.8-infl50-rootdissolve-dn3-prune0.97,manifold,171,Hex2Cer 40:1;O2,Hex2Cer_40-1_O2,0,0.7036649584770203,0.7053948929321848,0.4965239129292226,0.7142512202262878,574.9230408191681
FOLD-2-learnls-manifold-nu2-K100-stride4-learnls-bs1.0-bd0.01-bw0.1-knn15-faiss_atlas_weighted-5-randomwalk-ind1000-lr0.05-ep20-lbs10-blend0.8-infl50-rootdissolve-dn310,fold_2,learnls-manifold-nu2-K100-stride4-learnls-bs1.0-bd0.01-bw0.1-knn15-faiss_atlas_weighted-5-randomwalk-ind1000-lr0.05-ep20-lbs10-blend0.8-infl50-rootdissolve-dn3,manifold,97,PC 35:1 PE 38:1,PC_35-1_PE_38-1,0,0.8894038796424866,0.1734093747975715,0.005525393875583,0.9828853607177734,615.4338811397553
FOLD-2-learnls-manifold-nu2-K100-stride4-learnls-bs1.0-bd0.01-bw0.1-knn15-faiss_atlas_weighted-5-randomwalk-ind1000-lr0.05-ep20-lbs10-blend0.8-infl50-rootdissolve-dn310,fold_2,learnls-manifold-nu2-K100-stride4-learnls-bs1.0-bd0.01-bw0.1-knn15-faiss_atlas_weighted-5-randomwalk-ind1000-lr0.05-ep20-lbs10-blend0.8-infl50-rootdissolve-dn3,manifold,18,PA 36:1,PA_36-1,0,0.7975609302520752,0.3753137300931226,0.1289236035312504,0.8897498250007629,615.4338811397553
FOLD-2-learnls-manifold-nu2-K100-stride4-learnls-bs1.0-bd0.01-bw0.1-knn15-faiss_atlas_weighted-5-randomwalk-ind1000-lr0.05-ep20-lbs10-blend0.8-infl50-rootdissolve-dn310,fold_2,learnls-manifold-nu2-K100-stride4-learnls-bs1.0-bd0.01-bw0.1-knn15-faiss_atlas_weighted-5-randomwalk-ind1000-lr0.05-ep20-lbs10-blend0.8-infl50-rootdissolve-dn3,manifold,57,LPC 22:6,LPC_22-6,0,0.8540859818458557,0.4886777948962025,0.2346461619801151,0.8698399066925049,615.4338811397553
FOLD-2-learnls-manifold-nu2-K100-stride4-learnls-bs1.0-bd0.01-bw0.1-knn15-faiss_atlas_weighted-5-randomwalk-ind1000-lr0.05-ep20-lbs10-blend0.8-infl50-rootdissolve-dn310,fold_2,learnls-manifold-nu2-K100-stride4-learnls-bs1.0-bd0.01-bw0.1-knn15-faiss_atlas_weighted-5-randomwalk-ind1000-lr0.05-ep20-lbs10-blend0.8-infl50-rootdissolve-dn3,manifold,86,PE O-36:0 PE O-38:3,PE_O-36-0_PE_O-38-3,0,0.836186408996582,0.567637783558556,0.3186970811491498,0.8286336660385132,615.4338811397553
FOLD-2-learnls-manifold-nu2-K100-stride4-learnls-bs1.0-bd0.01-bw0.1-knn15-faiss_atlas_weighted-5-randomwalk-ind1000-lr0.05-ep20-lbs10-blend0.8-infl50-rootdissolve-dn310,fold_2,learnls-manifold-nu2-K100-stride4-learnls-bs1.0-bd0.01-bw0.1-knn15-faiss_atlas_weighted-5-randomwalk-ind1000-lr0.05-ep20-lbs10-blend0.8-infl50-rootdissolve-dn3,manifold,171,Hex2Cer 40:1;O2,Hex2Cer_40-1_O2,0,0.7106283903121948,0.6996519299911053,0.4865097813516948,0.7198438048362732,615.4338811397553
FOLD-2-learnls-manifold-nu2-K1300-stride4-learnls-bs1.0-bd0.01-bw0.1-knn15-faiss_atlas_weighted-5-randomwalk-ind1000-lr0.05-ep20-lbs10-blend0.8-infl50-ptls-rootdissolve-dn3-prune0.910,fold_2,learnls-manifold-nu2-K1300-stride4-learnls-bs1.0-bd0.01-bw0.1-knn15-faiss_atlas_weighted-5-randomwalk-ind1000-lr0.05-ep20-lbs10-blend0.8-infl50-ptls-rootdissolve-dn3-prune0.9,manifold,97,PC 35:1 PE 38:1,PC_35-1_PE_38-1,0,0.8916345238685608,0.199998787796934,0.0005308898887619,0.9598902463912964,2611.620316171646
FOLD-2-learnls-manifold-nu2-K1300-stride4-learnls-bs1.0-bd0.01-bw0.1-knn15-faiss_atlas_weighted-5-randomwalk-ind1000-lr0.05-ep20-lbs10-blend0.8-infl50-ptls-rootdissolve-dn3-prune0.910,fold_2,learnls-manifold-nu2-K1300-stride4-learnls-bs1.0-bd0.01-bw0.1-knn15-faiss_atlas_weighted-5-randomwalk-ind1000-lr0.05-ep20-lbs10-blend0.8-infl50-ptls-rootdissolve-dn3-prune0.9,manifold,18,PA 36:1,PA_36-1,0,0.771795392036438,0.4709664646762709,0.1842954125583579,0.8184192180633545,2611.620316171646
FOLD-2-learnls-manifold-nu2-K1300-stride4-learnls-bs1.0-bd0.01-bw0.1-knn15-faiss_atlas_weighted-5-randomwalk-ind1000-lr0.05-ep20-lbs10-blend0.8-infl50-ptls-rootdissolve-dn3-prune0.910,fold_2,learnls-manifold-nu2-K1300-stride4-learnls-bs1.0-bd0.01-bw0.1-knn15-faiss_atlas_weighted-5-randomwalk-ind1000-lr0.05-ep20-lbs10-blend0.8-infl50-ptls-rootdissolve-dn3-prune0.9,manifold,57,LPC 22:6,LPC_22-6,0,0.7629526853561401,0.6297863481552021,0.3892629873171952,0.7638559341430664,2611.620316171646
FOLD-2-learnls-manifold-nu2-K1300-stride4-learnls-bs1.0-bd0.01-bw0.1-knn15-faiss_atlas_weighted-5-randomwalk-ind1000-lr0.05-ep20-lbs10-blend0.8-infl50-ptls-rootdissolve-dn3-prune0.910,fold_2,learnls-manifold-nu2-K1300-stride4-learnls-bs1.0-bd0.01-bw0.1-knn15-faiss_atlas_weighted-5-randomwalk-ind1000-lr0.05-ep20-lbs10-blend0.8-infl50-ptls-rootdissolve-dn3-prune0.9,manifold,86,PE O-36:0 PE O-38:3,PE_O-36-0_PE_O-38-3,0,0.7307045459747314,0.6941503548874832,0.479743213663047,0.7310169339179993,2611.620316171646
FOLD-2-learnls-manifold-nu2-K1300-stride4-learnls-bs1.0-bd0.01-bw0.1-knn15-faiss_atlas_weighted-5-randomwalk-ind1000-lr0.05-ep20-lbs10-blend0.8-infl50-ptls-rootdissolve-dn3-prune0.910,fold_2,learnls-manifold-nu2-K1300-stride4-learnls-bs1.0-bd0.01-bw0.1-knn15-faiss_atlas_weighted-5-randomwalk-ind1000-lr0.05-ep20-lbs10-blend0.8-infl50-ptls-rootdissolve-dn3-prune0.9,manifold,171,Hex2Cer 40:1;O2,Hex2Cer_40-1_O2,0,0.5828113555908203,0.8097254703694804,0.6546153642007784,0.587848961353302,2611.620316171646
FOLD-2-learnls-manifold-nu2-K1300-stride4-learnls-bs1.0-bd0.01-bw0.1-knn15-faiss_atlas_weighted-5-randomwalk-ind1000-lr0.05-ep20-lbs10-blend0.8-infl50-ptls-rootdissolve-dn3-prune0.9510,fold_2,learnls-manifold-nu2-K1300-stride4-learnls-bs1.0-bd0.01-bw0.1-knn15-faiss_atlas_weighted-5-randomwalk-ind1000-lr0.05-ep20-lbs10-blend0.8-infl50-ptls-rootdissolve-dn3-prune0.95,manifold,97,PC 35:1 PE 38:1,PC_35-1_PE_38-1,0,0.8918958306312561,0.2000321367633292,-5.511561357773864e-05,0.960776150226593,1309.1448238372802
FOLD-2-learnls-manifold-nu2-K1300-stride4-learnls-bs1.0-bd0.01-bw0.1-knn15-faiss_atlas_weighted-5-randomwalk-ind1000-lr0.05-ep20-lbs10-blend0.8-infl50-ptls-rootdissolve-dn3-prune0.9510,fold_2,learnls-manifold-nu2-K1300-stride4-learnls-bs1.0-bd0.01-bw0.1-knn15-faiss_atlas_weighted-5-randomwalk-ind1000-lr0.05-ep20-lbs10-blend0.8-infl50-ptls-rootdissolve-dn3-prune0.95,manifold,18,PA 36:1,PA_36-1,0,0.7708921432495117,0.470879932141456,0.1862036394310278,0.8221402764320374,1309.1448238372802
FOLD-2-learnls-manifold-nu2-K1300-stride4-learnls-bs1.0-bd0.01-bw0.1-knn15-faiss_atlas_weighted-5-randomwalk-ind1000-lr0.05-ep20-lbs10-blend0.8-infl50-ptls-rootdissolve-dn3-prune0.9510,fold_2,learnls-manifold-nu2-K1300-stride4-learnls-bs1.0-bd0.01-bw0.1-knn15-faiss_atlas_weighted-5-randomwalk-ind1000-lr0.05-ep20-lbs10-blend0.8-infl50-ptls-rootdissolve-dn3-prune0.95,manifold,57,LPC 22:6,LPC_22-6,0,0.7633295655250549,0.6302292034743282,0.3886594213695725,0.7680819034576416,1309.1448238372802
FOLD-2-learnls-manifold-nu2-K1300-stride4-learnls-bs1.0-bd0.01-bw0.1-knn15-faiss_atlas_weighted-5-randomwalk-ind1000-lr0.05-ep20-lbs10-blend0.8-infl50-ptls-rootdissolve-dn3-prune0.9510,fold_2,learnls-manifold-nu2-K1300-stride4-learnls-bs1.0-bd0.01-bw0.1-knn15-faiss_atlas_weighted-5-randomwalk-ind1000-lr0.05-ep20-lbs10-blend0.8-infl50-ptls-rootdissolve-dn3-prune0.95,manifold,86,PE O-36:0 PE O-38:3,PE_O-36-0_PE_O-38-3,0,0.7327738404273987,0.6918466150869492,0.4767924571267862,0.7356699109077454,1309.1448238372802
FOLD-2-learnls-manifold-nu2-K1300-stride4-learnls-bs1.0-bd0.01-bw0.1-knn15-faiss_atlas_weighted-5-randomwalk-ind1000-lr0.05-ep20-lbs10-blend0.8-infl50-ptls-rootdissolve-dn3-prune0.9510,fold_2,learnls-manifold-nu2-K1300-stride4-learnls-bs1.0-bd0.01-bw0.1-knn15-faiss_atlas_weighted-5-randomwalk-ind1000-lr0.05-ep20-lbs10-blend0.8-infl50-ptls-rootdissolve-dn3-prune0.95,manifold,171,Hex2Cer 40:1;O2,Hex2Cer_40-1_O2,0,0.5846905708312988,0.8080344197283966,0.6523844630356127,0.5924622416496277,1309.1448238372802
FOLD-2-learnls-manifold-nu2-K1300-stride4-learnls-bs1.0-bd0.01-bw0.1-knn15-faiss_atlas_weighted-5-randomwalk-ind1000-lr0.05-ep20-lbs10-blend0.8-infl50-ptls-rootdissolve-dn3-prune0.9710,fold_2,learnls-manifold-nu2-K1300-stride4-learnls-bs1.0-bd0.01-bw0.1-knn15-faiss_atlas_weighted-5-randomwalk-ind1000-lr0.05-ep20-lbs10-blend0.8-infl50-ptls-rootdissolve-dn3-prune0.97,manifold,97,PC 35:1 PE 38:1,PC_35-1_PE_38-1,0,0.8913556933403015,0.2015936475683172,0.0011559266816508,0.9615665078163148,1356.6869432926178
FOLD-2-learnls-manifold-nu2-K1300-stride4-learnls-bs1.0-bd0.01-bw0.1-knn15-faiss_atlas_weighted-5-randomwalk-ind1000-lr0.05-ep20-lbs10-blend0.8-infl50-ptls-rootdissolve-dn3-prune0.9710,fold_2,learnls-manifold-nu2-K1300-stride4-learnls-bs1.0-bd0.01-bw0.1-knn15-faiss_atlas_weighted-5-randomwalk-ind1000-lr0.05-ep20-lbs10-blend0.8-infl50-ptls-rootdissolve-dn3-prune0.97,manifold,18,PA 36:1,PA_36-1,0,0.7705832123756409,0.4714227618937699,0.186855677779409,0.8230466842651367,1356.6869432926178
FOLD-2-learnls-manifold-nu2-K1300-stride4-learnls-bs1.0-bd0.01-bw0.1-knn15-faiss_atlas_weighted-5-randomwalk-ind1000-lr0.05-ep20-lbs10-blend0.8-infl50-ptls-rootdissolve-dn3-prune0.9710,fold_2,learnls-manifold-nu2-K1300-stride4-learnls-bs1.0-bd0.01-bw0.1-knn15-faiss_atlas_weighted-5-randomwalk-ind1000-lr0.05-ep20-lbs10-blend0.8-infl50-ptls-rootdissolve-dn3-prune0.97,manifold,57,LPC 22:6,LPC_22-6,0,0.7627882957458496,0.6306128516168904,0.389526132942369,0.7695135474205017,1356.6869432926178
FOLD-2-learnls-manifold-nu2-K1300-stride4-learnls-bs1.0-bd0.01-bw0.1-knn15-faiss_atlas_weighted-5-randomwalk-ind1000-lr0.05-ep20-lbs10-blend0.8-infl50-ptls-rootdissolve-dn3-prune0.9710,fold_2,learnls-manifold-nu2-K1300-stride4-learnls-bs1.0-bd0.01-bw0.1-knn15-faiss_atlas_weighted-5-randomwalk-ind1000-lr0.05-ep20-lbs10-blend0.8-infl50-ptls-rootdissolve-dn3-prune0.97,manifold,86,PE O-36:0 PE O-38:3,PE_O-36-0_PE_O-38-3,0,0.7329568266868591,0.6917727270747565,0.4765310781661884,0.7366007566452026,1356.6869432926178
FOLD-2-learnls-manifold-nu2-K1300-stride4-learnls-bs1.0-bd0.01-bw0.1-knn15-faiss_atlas_weighted-5-randomwalk-ind1000-lr0.05-ep20-lbs10-blend0.8-infl50-ptls-rootdissolve-dn3-prune0.9710,fold_2,learnls-manifold-nu2-K1300-stride4-learnls-bs1.0-bd0.01-bw0.1-knn15-faiss_atlas_weighted-5-randomwalk-ind1000-lr0.05-ep20-lbs10-blend0.8-infl50-ptls-rootdissolve-dn3-prune0.97,manifold,171,Hex2Cer 40:1;O2,Hex2Cer_40-1_O2,0,0.5846673250198364,0.8081289960879726,0.6524120861327196,0.5940737128257751,1356.6869432926178
FOLD-2-learnls-manifold-nu2-K1300-stride4-learnls-bs1.0-bd0.01-bw0.1-knn15-faiss_atlas_weighted-5-randomwalk-ind1000-lr0.05-ep20-lbs10-blend0.8-infl50-ptls-rootdissolve-dn310,fold_2,learnls-manifold-nu2-K1300-stride4-learnls-bs1.0-bd0.01-bw0.1-knn15-faiss_atlas_weighted-5-randomwalk-ind1000-lr0.05-ep20-lbs10-blend0.8-infl50-ptls-rootdissolve-dn3,manifold,97,PC 35:1 PE 38:1,PC_35-1_PE_38-1,0,0.8875612020492554,0.2055436507660428,0.0096419082826865,0.961313247680664,1333.760110616684
FOLD-2-learnls-manifold-nu2-K1300-stride4-learnls-bs1.0-bd0.01-bw0.1-knn15-faiss_atlas_weighted-5-randomwalk-ind1000-lr0.05-ep20-lbs10-blend0.8-infl50-ptls-rootdissolve-dn310,fold_2,learnls-manifold-nu2-K1300-stride4-learnls-bs1.0-bd0.01-bw0.1-knn15-faiss_atlas_weighted-5-randomwalk-ind1000-lr0.05-ep20-lbs10-blend0.8-infl50-ptls-rootdissolve-dn3,manifold,18,PA 36:1,PA_36-1,0,0.7752173542976379,0.4613849563218498,0.1770461944495739,0.8255096673965454,1333.760110616684
FOLD-2-learnls-manifold-nu2-K1300-stride4-learnls-bs1.0-bd0.01-bw0.1-knn15-faiss_atlas_weighted-5-randomwalk-ind1000-lr0.05-ep20-lbs10-blend0.8-infl50-ptls-rootdissolve-dn310,fold_2,learnls-manifold-nu2-K1300-stride4-learnls-bs1.0-bd0.01-bw0.1-knn15-faiss_atlas_weighted-5-randomwalk-ind1000-lr0.05-ep20-lbs10-blend0.8-infl50-ptls-rootdissolve-dn3,manifold,57,LPC 22:6,LPC_22-6,0,0.773836076259613,0.6155935156638876,0.3717145165731629,0.7726253867149353,1333.760110616684
FOLD-2-learnls-manifold-nu2-K1300-stride4-learnls-bs1.0-bd0.01-bw0.1-knn15-faiss_atlas_weighted-5-randomwalk-ind1000-lr0.05-ep20-lbs10-blend0.8-infl50-ptls-rootdissolve-dn310,fold_2,learnls-manifold-nu2-K1300-stride4-learnls-bs1.0-bd0.01-bw0.1-knn15-faiss_atlas_weighted-5-randomwalk-ind1000-lr0.05-ep20-lbs10-blend0.8-infl50-ptls-rootdissolve-dn3,manifold,86,PE O-36:0 PE O-38:3,PE_O-36-0_PE_O-38-3,0,0.739352822303772,0.6848547841019946,0.4673553884540145,0.7335221767425537,1333.760110616684
FOLD-2-learnls-manifold-nu2-K1300-stride4-learnls-bs1.0-bd0.01-bw0.1-knn15-faiss_atlas_weighted-5-randomwalk-ind1000-lr0.05-ep20-lbs10-blend0.8-infl50-ptls-rootdissolve-dn310,fold_2,learnls-manifold-nu2-K1300-stride4-learnls-bs1.0-bd0.01-bw0.1-knn15-faiss_atlas_weighted-5-randomwalk-ind1000-lr0.05-ep20-lbs10-blend0.8-infl50-ptls-rootdissolve-dn3,manifold,171,Hex2Cer 40:1;O2,Hex2Cer_40-1_O2,0,0.5905728936195374,0.8037984484379204,0.6453547967833358,0.5935054421424866,1333.760110616684
FOLD-2-learnls-manifold-nu2-K1300-stride4-learnls-bs1.0-bd0.01-bw0.1-knn15-faiss_atlas_weighted-5-randomwalk-ind1000-lr0.05-ep20-lbs10-blend0.8-infl50-rootdissolve-dn3-prune0.910,fold_2,learnls-manifold-nu2-K1300-stride4-learnls-bs1.0-bd0.01-bw0.1-knn15-faiss_atlas_weighted-5-randomwalk-ind1000-lr0.05-ep20-lbs10-blend0.8-infl50-rootdissolve-dn3-prune0.9,manifold,97,PC 35:1 PE 38:1,PC_35-1_PE_38-1,0,0.8907644748687744,0.2001637569903425,0.0024805242974609,0.9600246548652648,637.4219576835633
FOLD-2-learnls-manifold-nu2-K1300-stride4-learnls-bs1.0-bd0.01-bw0.1-knn15-faiss_atlas_weighted-5-randomwalk-ind1000-lr0.05-ep20-lbs10-blend0.8-infl50-rootdissolve-dn3-prune0.910,fold_2,learnls-manifold-nu2-K1300-stride4-learnls-bs1.0-bd0.01-bw0.1-knn15-faiss_atlas_weighted-5-randomwalk-ind1000-lr0.05-ep20-lbs10-blend0.8-infl50-rootdissolve-dn3-prune0.9,manifold,18,PA 36:1,PA_36-1,0,0.7711568474769592,0.4704615550982483,0.1856446910179191,0.8196333646774292,637.4219576835633
FOLD-2-learnls-manifold-nu2-K1300-stride4-learnls-bs1.0-bd0.01-bw0.1-knn15-faiss_atlas_weighted-5-randomwalk-ind1000-lr0.05-ep20-lbs10-blend0.8-infl50-rootdissolve-dn3-prune0.910,fold_2,learnls-manifold-nu2-K1300-stride4-learnls-bs1.0-bd0.01-bw0.1-knn15-faiss_atlas_weighted-5-randomwalk-ind1000-lr0.05-ep20-lbs10-blend0.8-infl50-rootdissolve-dn3-prune0.9,manifold,57,LPC 22:6,LPC_22-6,0,0.7633033394813538,0.6297576531304279,0.3887013922242593,0.7631996870040894,637.4219576835633
FOLD-2-learnls-manifold-nu2-K1300-stride4-learnls-bs1.0-bd0.01-bw0.1-knn15-faiss_atlas_weighted-5-randomwalk-ind1000-lr0.05-ep20-lbs10-blend0.8-infl50-rootdissolve-dn3-prune0.910,fold_2,learnls-manifold-nu2-K1300-stride4-learnls-bs1.0-bd0.01-bw0.1-knn15-faiss_atlas_weighted-5-randomwalk-ind1000-lr0.05-ep20-lbs10-blend0.8-infl50-rootdissolve-dn3-prune0.9,manifold,86,PE O-36:0 PE O-38:3,PE_O-36-0_PE_O-38-3,0,0.7306233644485474,0.6940771361012489,0.4798588603478393,0.7300346493721008,637.4219576835633
FOLD-2-learnls-manifold-nu2-K1300-stride4-learnls-bs1.0-bd0.01-bw0.1-knn15-faiss_atlas_weighted-5-randomwalk-ind1000-lr0.05-ep20-lbs10-blend0.8-infl50-rootdissolve-dn3-prune0.910,fold_2,learnls-manifold-nu2-K1300-stride4-learnls-bs1.0-bd0.01-bw0.1-knn15-faiss_atlas_weighted-5-randomwalk-ind1000-lr0.05-ep20-lbs10-blend0.8-infl50-rootdissolve-dn3-prune0.9,manifold,171,Hex2Cer 40:1;O2,Hex2Cer_40-1_O2,0,0.583387553691864,0.8090790753551638,0.653932050303351,0.5877785682678223,637.4219576835633
FOLD-2-learnls-manifold-nu2-K1300-stride4-learnls-bs1.0-bd0.01-bw0.1-knn15-faiss_atlas_weighted-5-randomwalk-ind1000-lr0.05-ep20-lbs10-blend0.8-infl50-rootdissolve-dn3-prune0.9510,fold_2,learnls-manifold-nu2-K1300-stride4-learnls-bs1.0-bd0.01-bw0.1-knn15-faiss_atlas_weighted-5-randomwalk-ind1000-lr0.05-ep20-lbs10-blend0.8-infl50-rootdissolve-dn3-prune0.95,manifold,97,PC 35:1 PE 38:1,PC_35-1_PE_38-1,0,0.8910985589027405,0.2008576185743726,0.001732067132533,0.9603581428527832,644.0910947322845
FOLD-2-learnls-manifold-nu2-K1300-stride4-learnls-bs1.0-bd0.01-bw0.1-knn15-faiss_atlas_weighted-5-randomwalk-ind1000-lr0.05-ep20-lbs10-blend0.8-infl50-rootdissolve-dn3-prune0.9510,fold_2,learnls-manifold-nu2-K1300-stride4-learnls-bs1.0-bd0.01-bw0.1-knn15-faiss_atlas_weighted-5-randomwalk-ind1000-lr0.05-ep20-lbs10-blend0.8-infl50-rootdissolve-dn3-prune0.95,manifold,18,PA 36:1,PA_36-1,0,0.770259439945221,0.4709425706979426,0.1875388434398985,0.8222718834877014,644.0910947322845
FOLD-2-learnls-manifold-nu2-K1300-stride4-learnls-bs1.0-bd0.01-bw0.1-knn15-faiss_atlas_weighted-5-randomwalk-ind1000-lr0.05-ep20-lbs10-blend0.8-infl50-rootdissolve-dn3-prune0.9510,fold_2,learnls-manifold-nu2-K1300-stride4-learnls-bs1.0-bd0.01-bw0.1-knn15-faiss_atlas_weighted-5-randomwalk-ind1000-lr0.05-ep20-lbs10-blend0.8-infl50-rootdissolve-dn3-prune0.95,manifold,57,LPC 22:6,LPC_22-6,0,0.7634896039962769,0.6302717521966308,0.3884030322465924,0.7680650949478149,644.0910947322845
FOLD-2-learnls-manifold-nu2-K1300-stride4-learnls-bs1.0-bd0.01-bw0.1-knn15-faiss_atlas_weighted-5-randomwalk-ind1000-lr0.05-ep20-lbs10-blend0.8-infl50-rootdissolve-dn3-prune0.9510,fold_2,learnls-manifold-nu2-K1300-stride4-learnls-bs1.0-bd0.01-bw0.1-knn15-faiss_atlas_weighted-5-randomwalk-ind1000-lr0.05-ep20-lbs10-blend0.8-infl50-rootdissolve-dn3-prune0.95,manifold,86,PE O-36:0 PE O-38:3,PE_O-36-0_PE_O-38-3,0,0.7327687740325928,0.6918644615022008,0.4767996460870697,0.7356419563293457,644.0910947322845
FOLD-2-learnls-manifold-nu2-K1300-stride4-learnls-bs1.0-bd0.01-bw0.1-knn15-faiss_atlas_weighted-5-randomwalk-ind1000-lr0.05-ep20-lbs10-blend0.8-infl50-rootdissolve-dn3-prune0.9510,fold_2,learnls-manifold-nu2-K1300-stride4-learnls-bs1.0-bd0.01-bw0.1-knn15-faiss_atlas_weighted-5-randomwalk-ind1000-lr0.05-ep20-lbs10-blend0.8-infl50-rootdissolve-dn3-prune0.95,manifold,171,Hex2Cer 40:1;O2,Hex2Cer_40-1_O2,0,0.5851149559020996,0.8076544040554012,0.6518795934782085,0.5925227403640747,644.0910947322845
FOLD-2-learnls-manifold-nu2-K1300-stride4-learnls-bs1.0-bd0.01-bw0.1-knn15-faiss_atlas_weighted-5-randomwalk-ind1000-lr0.05-ep20-lbs10-blend0.8-infl50-rootdissolve-dn3-prune0.9710,fold_2,learnls-manifold-nu2-K1300-stride4-learnls-bs1.0-bd0.01-bw0.1-knn15-faiss_atlas_weighted-5-randomwalk-ind1000-lr0.05-ep20-lbs10-blend0.8-infl50-rootdissolve-dn3-prune0.97,manifold,97,PC 35:1 PE 38:1,PC_35-1_PE_38-1,0,0.8899093270301819,0.2039992767992594,0.004394773195497,0.9611509442329408,632.1774259567261
FOLD-2-learnls-manifold-nu2-K1300-stride4-learnls-bs1.0-bd0.01-bw0.1-knn15-faiss_atlas_weighted-5-randomwalk-ind1000-lr0.05-ep20-lbs10-blend0.8-infl50-rootdissolve-dn3-prune0.9710,fold_2,learnls-manifold-nu2-K1300-stride4-learnls-bs1.0-bd0.01-bw0.1-knn15-faiss_atlas_weighted-5-randomwalk-ind1000-lr0.05-ep20-lbs10-blend0.8-infl50-rootdissolve-dn3-prune0.97,manifold,18,PA 36:1,PA_36-1,0,0.770067036151886,0.471444948582501,0.1879447249017212,0.8229718208312988,632.1774259567261
FOLD-2-learnls-manifold-nu2-K1300-stride4-learnls-bs1.0-bd0.01-bw0.1-knn15-faiss_atlas_weighted-5-randomwalk-ind1000-lr0.05-ep20-lbs10-blend0.8-infl50-rootdissolve-dn3-prune0.9710,fold_2,learnls-manifold-nu2-K1300-stride4-learnls-bs1.0-bd0.01-bw0.1-knn15-faiss_atlas_weighted-5-randomwalk-ind1000-lr0.05-ep20-lbs10-blend0.8-infl50-rootdissolve-dn3-prune0.97,manifold,57,LPC 22:6,LPC_22-6,0,0.7628927230834961,0.6306091051398289,0.3893589654443841,0.7694246768951416,632.1774259567261
FOLD-2-learnls-manifold-nu2-K1300-stride4-learnls-bs1.0-bd0.01-bw0.1-knn15-faiss_atlas_weighted-5-randomwalk-ind1000-lr0.05-ep20-lbs10-blend0.8-infl50-rootdissolve-dn3-prune0.9710,fold_2,learnls-manifold-nu2-K1300-stride4-learnls-bs1.0-bd0.01-bw0.1-knn15-faiss_atlas_weighted-5-randomwalk-ind1000-lr0.05-ep20-lbs10-blend0.8-infl50-rootdissolve-dn3-prune0.97,manifold,86,PE O-36:0 PE O-38:3,PE_O-36-0_PE_O-38-3,0,0.7329069972038269,0.6918515565428863,0.4766022197847168,0.736642599105835,632.1774259567261
FOLD-2-learnls-manifold-nu2-K1300-stride4-learnls-bs1.0-bd0.01-bw0.1-knn15-faiss_atlas_weighted-5-randomwalk-ind1000-lr0.05-ep20-lbs10-blend0.8-infl50-rootdissolve-dn3-prune0.9710,fold_2,learnls-manifold-nu2-K1300-stride4-learnls-bs1.0-bd0.01-bw0.1-knn15-faiss_atlas_weighted-5-randomwalk-ind1000-lr0.05-ep20-lbs10-blend0.8-infl50-rootdissolve-dn3-prune0.97,manifold,171,Hex2Cer 40:1;O2,Hex2Cer_40-1_O2,0,0.5851038098335266,0.80775541813466,0.6518929063366257,0.5941580533981323,632.1774259567261
FOLD-2-learnls-manifold-nu2-K1300-stride4-learnls-bs1.0-bd0.01-bw0.1-knn15-faiss_atlas_weighted-5-randomwalk-ind1000-lr0.05-ep20-lbs10-blend0.8-infl50-rootdissolve-dn310,fold_2,learnls-manifold-nu2-K1300-stride4-learnls-bs1.0-bd0.01-bw0.1-knn15-faiss_atlas_weighted-5-randomwalk-ind1000-lr0.05-ep20-lbs10-blend0.8-infl50-rootdissolve-dn3,manifold,97,PC 35:1 PE 38:1,PC_35-1_PE_38-1,0,0.8876288533210754,0.2051913649394434,0.0094909301038585,0.961488962173462,640.0296266555786
FOLD-2-learnls-manifold-nu2-K1300-stride4-learnls-bs1.0-bd0.01-bw0.1-knn15-faiss_atlas_weighted-5-randomwalk-ind1000-lr0.05-ep20-lbs10-blend0.8-infl50-rootdissolve-dn310,fold_2,learnls-manifold-nu2-K1300-stride4-learnls-bs1.0-bd0.01-bw0.1-knn15-faiss_atlas_weighted-5-randomwalk-ind1000-lr0.05-ep20-lbs10-blend0.8-infl50-rootdissolve-dn3,manifold,18,PA 36:1,PA_36-1,0,0.7746888399124146,0.4612791797314743,0.1781679456896732,0.8263298869132996,640.0296266555786
FOLD-2-learnls-manifold-nu2-K1300-stride4-learnls-bs1.0-bd0.01-bw0.1-knn15-faiss_atlas_weighted-5-randomwalk-ind1000-lr0.05-ep20-lbs10-blend0.8-infl50-rootdissolve-dn310,fold_2,learnls-manifold-nu2-K1300-stride4-learnls-bs1.0-bd0.01-bw0.1-knn15-faiss_atlas_weighted-5-randomwalk-ind1000-lr0.05-ep20-lbs10-blend0.8-infl50-rootdissolve-dn3,manifold,57,LPC 22:6,LPC_22-6,0,0.7741211652755737,0.6155405104892883,0.3712514500751314,0.7720581889152527,640.0296266555786
FOLD-2-learnls-manifold-nu2-K1300-stride4-learnls-bs1.0-bd0.01-bw0.1-knn15-faiss_atlas_weighted-5-randomwalk-ind1000-lr0.05-ep20-lbs10-blend0.8-infl50-rootdissolve-dn310,fold_2,learnls-manifold-nu2-K1300-stride4-learnls-bs1.0-bd0.01-bw0.1-knn15-faiss_atlas_weighted-5-randomwalk-ind1000-lr0.05-ep20-lbs10-blend0.8-infl50-rootdissolve-dn3,manifold,86,PE O-36:0 PE O-38:3,PE_O-36-0_PE_O-38-3,0,0.7392144203186035,0.6849952806793203,0.4675547678265022,0.7332803606987,640.0296266555786
FOLD-2-learnls-manifold-nu2-K1300-stride4-learnls-bs1.0-bd0.01-bw0.1-knn15-faiss_atlas_weighted-5-randomwalk-ind1000-lr0.05-ep20-lbs10-blend0.8-infl50-rootdissolve-dn310,fold_2,learnls-manifold-nu2-K1300-stride4-learnls-bs1.0-bd0.01-bw0.1-knn15-faiss_atlas_weighted-5-randomwalk-ind1000-lr0.05-ep20-lbs10-blend0.8-infl50-rootdissolve-dn3,manifold,171,Hex2Cer 40:1;O2,Hex2Cer_40-1_O2,0,0.5914307236671448,0.8031332160320865,0.6443238091322914,0.5933225154876709,640.0296266555786
FOLD-2-learnls-manifold-nu2-K300-stride4-learnls-bs1.0-bd0.01-bw0.1-knn15-faiss_atlas_weighted-5-randomwalk-ind1000-lr0.05-ep20-lbs10-blend0.8-infl50-ptls-rootdissolve-dn3-prune0.910,fold_2,learnls-manifold-nu2-K300-stride4-learnls-bs1.0-bd0.01-bw0.1-knn15-faiss_atlas_weighted-5-randomwalk-ind1000-lr0.05-ep20-lbs10-blend0.8-infl50-ptls-rootdissolve-dn3-prune0.9,manifold,97,PC 35:1 PE 38:1,PC_35-1_PE_38-1,0,0.888228178024292,0.1912762409881638,0.0081529288855247,0.9732431173324584,1096.5149854183196
FOLD-2-learnls-manifold-nu2-K300-stride4-learnls-bs1.0-bd0.01-bw0.1-knn15-faiss_atlas_weighted-5-randomwalk-ind1000-lr0.05-ep20-lbs10-blend0.8-infl50-ptls-rootdissolve-dn3-prune0.910,fold_2,learnls-manifold-nu2-K300-stride4-learnls-bs1.0-bd0.01-bw0.1-knn15-faiss_atlas_weighted-5-randomwalk-ind1000-lr0.05-ep20-lbs10-blend0.8-infl50-ptls-rootdissolve-dn3-prune0.9,manifold,18,PA 36:1,PA_36-1,0,0.7772889733314514,0.4338967378665901,0.1726418841870101,0.8539841771125793,1096.5149854183196
FOLD-2-learnls-manifold-nu2-K300-stride4-learnls-bs1.0-bd0.01-bw0.1-knn15-faiss_atlas_weighted-5-randomwalk-ind1000-lr0.05-ep20-lbs10-blend0.8-infl50-ptls-rootdissolve-dn3-prune0.910,fold_2,learnls-manifold-nu2-K300-stride4-learnls-bs1.0-bd0.01-bw0.1-knn15-faiss_atlas_weighted-5-randomwalk-ind1000-lr0.05-ep20-lbs10-blend0.8-infl50-ptls-rootdissolve-dn3-prune0.9,manifold,57,LPC 22:6,LPC_22-6,0,0.7984041571617126,0.5811178558995312,0.3311870476331615,0.8073014616966248,1096.5149854183196
FOLD-2-learnls-manifold-nu2-K300-stride4-learnls-bs1.0-bd0.01-bw0.1-knn15-faiss_atlas_weighted-5-randomwalk-ind1000-lr0.05-ep20-lbs10-blend0.8-infl50-ptls-rootdissolve-dn3-prune0.910,fold_2,learnls-manifold-nu2-K300-stride4-learnls-bs1.0-bd0.01-bw0.1-knn15-faiss_atlas_weighted-5-randomwalk-ind1000-lr0.05-ep20-lbs10-blend0.8-infl50-ptls-rootdissolve-dn3-prune0.9,manifold,86,PE O-36:0 PE O-38:3,PE_O-36-0_PE_O-38-3,0,0.7759761810302734,0.6455432058929607,0.4132800292013073,0.7715252637863159,1096.5149854183196
FOLD-2-learnls-manifold-nu2-K300-stride4-learnls-bs1.0-bd0.01-bw0.1-knn15-faiss_atlas_weighted-5-randomwalk-ind1000-lr0.05-ep20-lbs10-blend0.8-infl50-ptls-rootdissolve-dn3-prune0.910,fold_2,learnls-manifold-nu2-K300-stride4-learnls-bs1.0-bd0.01-bw0.1-knn15-faiss_atlas_weighted-5-randomwalk-ind1000-lr0.05-ep20-lbs10-blend0.8-infl50-ptls-rootdissolve-dn3-prune0.9,manifold,171,Hex2Cer 40:1;O2,Hex2Cer_40-1_O2,0,0.6310119032859802,0.7720040805424891,0.5951238859045537,0.6367597579956055,1096.5149854183196
FOLD-2-learnls-manifold-nu2-K300-stride4-learnls-bs1.0-bd0.01-bw0.1-knn15-faiss_atlas_weighted-5-randomwalk-ind1000-lr0.05-ep20-lbs10-blend0.8-infl50-ptls-rootdissolve-dn3-prune0.9510,fold_2,learnls-manifold-nu2-K300-stride4-learnls-bs1.0-bd0.01-bw0.1-knn15-faiss_atlas_weighted-5-randomwalk-ind1000-lr0.05-ep20-lbs10-blend0.8-infl50-ptls-rootdissolve-dn3-prune0.95,manifold,97,PC 35:1 PE 38:1,PC_35-1_PE_38-1,0,0.886972188949585,0.1938548496724403,0.0109558902452977,0.9751414060592652,1041.7542363643647
FOLD-2-learnls-manifold-nu2-K300-stride4-learnls-bs1.0-bd0.01-bw0.1-knn15-faiss_atlas_weighted-5-randomwalk-ind1000-lr0.05-ep20-lbs10-blend0.8-infl50-ptls-rootdissolve-dn3-prune0.9510,fold_2,learnls-manifold-nu2-K300-stride4-learnls-bs1.0-bd0.01-bw0.1-knn15-faiss_atlas_weighted-5-randomwalk-ind1000-lr0.05-ep20-lbs10-blend0.8-infl50-ptls-rootdissolve-dn3-prune0.95,manifold,18,PA 36:1,PA_36-1,0,0.7818725109100342,0.4257349344061574,0.1628554689402569,0.8558518886566162,1041.7542363643647
FOLD-2-learnls-manifold-nu2-K300-stride4-learnls-bs1.0-bd0.01-bw0.1-knn15-faiss_atlas_weighted-5-randomwalk-ind1000-lr0.05-ep20-lbs10-blend0.8-infl50-ptls-rootdissolve-dn3-prune0.9510,fold_2,learnls-manifold-nu2-K300-stride4-learnls-bs1.0-bd0.01-bw0.1-knn15-faiss_atlas_weighted-5-randomwalk-ind1000-lr0.05-ep20-lbs10-blend0.8-infl50-ptls-rootdissolve-dn3-prune0.95,manifold,57,LPC 22:6,LPC_22-6,0,0.801190972328186,0.5762819929714661,0.3265099372933953,0.8152545690536499,1041.7542363643647
FOLD-2-learnls-manifold-nu2-K300-stride4-learnls-bs1.0-bd0.01-bw0.1-knn15-faiss_atlas_weighted-5-randomwalk-ind1000-lr0.05-ep20-lbs10-blend0.8-infl50-ptls-rootdissolve-dn3-prune0.9510,fold_2,learnls-manifold-nu2-K300-stride4-learnls-bs1.0-bd0.01-bw0.1-knn15-faiss_atlas_weighted-5-randomwalk-ind1000-lr0.05-ep20-lbs10-blend0.8-infl50-ptls-rootdissolve-dn3-prune0.95,manifold,86,PE O-36:0 PE O-38:3,PE_O-36-0_PE_O-38-3,0,0.7843735218048096,0.634872129988755,0.4005127681752291,0.7823086380958557,1041.7542363643647
FOLD-2-learnls-manifold-nu2-K300-stride4-learnls-bs1.0-bd0.01-bw0.1-knn15-faiss_atlas_weighted-5-randomwalk-ind1000-lr0.05-ep20-lbs10-blend0.8-infl50-ptls-rootdissolve-dn3-prune0.9510,fold_2,learnls-manifold-nu2-K300-stride4-learnls-bs1.0-bd0.01-bw0.1-knn15-faiss_atlas_weighted-5-randomwalk-ind1000-lr0.05-ep20-lbs10-blend0.8-infl50-ptls-rootdissolve-dn3-prune0.95,manifold,171,Hex2Cer 40:1;O2,Hex2Cer_40-1_O2,0,0.6409139037132263,0.7639519378853628,0.582317349750733,0.6500999331474304,1041.7542363643647
FOLD-2-learnls-manifold-nu2-K300-stride4-learnls-bs1.0-bd0.01-bw0.1-knn15-faiss_atlas_weighted-5-randomwalk-ind1000-lr0.05-ep20-lbs10-blend0.8-infl50-ptls-rootdissolve-dn3-prune0.9710,fold_2,learnls-manifold-nu2-K300-stride4-learnls-bs1.0-bd0.01-bw0.1-knn15-faiss_atlas_weighted-5-randomwalk-ind1000-lr0.05-ep20-lbs10-blend0.8-infl50-ptls-rootdissolve-dn3-prune0.97,manifold,97,PC 35:1 PE 38:1,PC_35-1_PE_38-1,0,0.8850817084312439,0.1956385326989063,0.0151675166159098,0.97640722990036,1308.2421135425568
FOLD-2-learnls-manifold-nu2-K300-stride4-learnls-bs1.0-bd0.01-bw0.1-knn15-faiss_atlas_weighted-5-randomwalk-ind1000-lr0.05-ep20-lbs10-blend0.8-infl50-ptls-rootdissolve-dn3-prune0.9710,fold_2,learnls-manifold-nu2-K300-stride4-learnls-bs1.0-bd0.01-bw0.1-knn15-faiss_atlas_weighted-5-randomwalk-ind1000-lr0.05-ep20-lbs10-blend0.8-infl50-ptls-rootdissolve-dn3-prune0.97,manifold,18,PA 36:1,PA_36-1,0,0.7811282277107239,0.4251932003271054,0.1644486266781738,0.8612796068191528,1308.2421135425568
FOLD-2-learnls-manifold-nu2-K300-stride4-learnls-bs1.0-bd0.01-bw0.1-knn15-faiss_atlas_weighted-5-randomwalk-ind1000-lr0.05-ep20-lbs10-blend0.8-infl50-ptls-rootdissolve-dn3-prune0.9710,fold_2,learnls-manifold-nu2-K300-stride4-learnls-bs1.0-bd0.01-bw0.1-knn15-faiss_atlas_weighted-5-randomwalk-ind1000-lr0.05-ep20-lbs10-blend0.8-infl50-ptls-rootdissolve-dn3-prune0.97,manifold,57,LPC 22:6,LPC_22-6,0,0.8015092015266418,0.5748813690737313,0.3259749207587579,0.8232207894325256,1308.2421135425568
FOLD-2-learnls-manifold-nu2-K300-stride4-learnls-bs1.0-bd0.01-bw0.1-knn15-faiss_atlas_weighted-5-randomwalk-ind1000-lr0.05-ep20-lbs10-blend0.8-infl50-ptls-rootdissolve-dn3-prune0.9710,fold_2,learnls-manifold-nu2-K300-stride4-learnls-bs1.0-bd0.01-bw0.1-knn15-faiss_atlas_weighted-5-randomwalk-ind1000-lr0.05-ep20-lbs10-blend0.8-infl50-ptls-rootdissolve-dn3-prune0.97,manifold,86,PE O-36:0 PE O-38:3,PE_O-36-0_PE_O-38-3,0,0.7880057692527771,0.6308050919158363,0.3949477649314705,0.7865470051765442,1308.2421135425568
FOLD-2-learnls-manifold-nu2-K300-stride4-learnls-bs1.0-bd0.01-bw0.1-knn15-faiss_atlas_weighted-5-randomwalk-ind1000-lr0.05-ep20-lbs10-blend0.8-infl50-ptls-rootdissolve-dn3-prune0.9710,fold_2,learnls-manifold-nu2-K300-stride4-learnls-bs1.0-bd0.01-bw0.1-knn15-faiss_atlas_weighted-5-randomwalk-ind1000-lr0.05-ep20-lbs10-blend0.8-infl50-ptls-rootdissolve-dn3-prune0.97,manifold,171,Hex2Cer 40:1;O2,Hex2Cer_40-1_O2,0,0.647816002368927,0.7579365416657268,0.573272758526604,0.6602175831794739,1308.2421135425568
FOLD-2-learnls-manifold-nu2-K300-stride4-learnls-bs1.0-bd0.01-bw0.1-knn15-faiss_atlas_weighted-5-randomwalk-ind1000-lr0.05-ep20-lbs10-blend0.8-infl50-ptls-rootdissolve-dn310,fold_2,learnls-manifold-nu2-K300-stride4-learnls-bs1.0-bd0.01-bw0.1-knn15-faiss_atlas_weighted-5-randomwalk-ind1000-lr0.05-ep20-lbs10-blend0.8-infl50-ptls-rootdissolve-dn3,manifold,97,PC 35:1 PE 38:1,PC_35-1_PE_38-1,0,0.8898978233337402,0.1796061432676152,0.004420615341163,0.9759091734886168,1512.3317501068116
FOLD-2-learnls-manifold-nu2-K300-stride4-learnls-bs1.0-bd0.01-bw0.1-knn15-faiss_atlas_weighted-5-randomwalk-ind1000-lr0.05-ep20-lbs10-blend0.8-infl50-ptls-rootdissolve-dn310,fold_2,learnls-manifold-nu2-K300-stride4-learnls-bs1.0-bd0.01-bw0.1-knn15-faiss_atlas_weighted-5-randomwalk-ind1000-lr0.05-ep20-lbs10-blend0.8-infl50-ptls-rootdissolve-dn3,manifold,18,PA 36:1,PA_36-1,0,0.7835275530815125,0.4183659903253851,0.1593077145626648,0.8610485196113586,1512.3317501068116
FOLD-2-learnls-manifold-nu2-K300-stride4-learnls-bs1.0-bd0.01-bw0.1-knn15-faiss_atlas_weighted-5-randomwalk-ind1000-lr0.05-ep20-lbs10-blend0.8-infl50-ptls-rootdissolve-dn310,fold_2,learnls-manifold-nu2-K300-stride4-learnls-bs1.0-bd0.01-bw0.1-knn15-faiss_atlas_weighted-5-randomwalk-ind1000-lr0.05-ep20-lbs10-blend0.8-infl50-ptls-rootdissolve-dn3,manifold,57,LPC 22:6,LPC_22-6,0,0.8103158473968506,0.563219416358915,0.3110817106318081,0.8193256258964539,1512.3317501068116
FOLD-2-learnls-manifold-nu2-K300-stride4-learnls-bs1.0-bd0.01-bw0.1-knn15-faiss_atlas_weighted-5-randomwalk-ind1000-lr0.05-ep20-lbs10-blend0.8-infl50-ptls-rootdissolve-dn310,fold_2,learnls-manifold-nu2-K300-stride4-learnls-bs1.0-bd0.01-bw0.1-knn15-faiss_atlas_weighted-5-randomwalk-ind1000-lr0.05-ep20-lbs10-blend0.8-infl50-ptls-rootdissolve-dn3,manifold,86,PE O-36:0 PE O-38:3,PE_O-36-0_PE_O-38-3,0,0.7820219397544861,0.638179463589698,0.4041019293174775,0.7779184579849243,1512.3317501068116
FOLD-2-learnls-manifold-nu2-K300-stride4-learnls-bs1.0-bd0.01-bw0.1-knn15-faiss_atlas_weighted-5-randomwalk-ind1000-lr0.05-ep20-lbs10-blend0.8-infl50-ptls-rootdissolve-dn310,fold_2,learnls-manifold-nu2-K300-stride4-learnls-bs1.0-bd0.01-bw0.1-knn15-faiss_atlas_weighted-5-randomwalk-ind1000-lr0.05-ep20-lbs10-blend0.8-infl50-ptls-rootdissolve-dn3,manifold,171,Hex2Cer 40:1;O2,Hex2Cer_40-1_O2,0,0.6414079070091248,0.7632936280328764,0.5816732155522633,0.6456267237663269,1512.3317501068116
FOLD-2-learnls-manifold-nu2-K300-stride4-learnls-bs1.0-bd0.01-bw0.1-knn15-faiss_atlas_weighted-5-randomwalk-ind1000-lr0.05-ep20-lbs10-blend0.8-infl50-rootdissolve-dn3-prune0.910,fold_2,learnls-manifold-nu2-K300-stride4-learnls-bs1.0-bd0.01-bw0.1-knn15-faiss_atlas_weighted-5-randomwalk-ind1000-lr0.05-ep20-lbs10-blend0.8-infl50-rootdissolve-dn3-prune0.9,manifold,97,PC 35:1 PE 38:1,PC_35-1_PE_38-1,0,0.8881734013557434,0.1890589507483159,0.0082751697405416,0.9726251363754272,1058.5428970336914
FOLD-2-learnls-manifold-nu2-K300-stride4-learnls-bs1.0-bd0.01-bw0.1-knn15-faiss_atlas_weighted-5-randomwalk-ind1000-lr0.05-ep20-lbs10-blend0.8-infl50-rootdissolve-dn3-prune0.910,fold_2,learnls-manifold-nu2-K300-stride4-learnls-bs1.0-bd0.01-bw0.1-knn15-faiss_atlas_weighted-5-randomwalk-ind1000-lr0.05-ep20-lbs10-blend0.8-infl50-rootdissolve-dn3-prune0.9,manifold,18,PA 36:1,PA_36-1,0,0.777155339717865,0.4340233628013771,0.1729262932113376,0.8538513779640198,1058.5428970336914
FOLD-2-learnls-manifold-nu2-K300-stride4-learnls-bs1.0-bd0.01-bw0.1-knn15-faiss_atlas_weighted-5-randomwalk-ind1000-lr0.05-ep20-lbs10-blend0.8-infl50-rootdissolve-dn3-prune0.910,fold_2,learnls-manifold-nu2-K300-stride4-learnls-bs1.0-bd0.01-bw0.1-knn15-faiss_atlas_weighted-5-randomwalk-ind1000-lr0.05-ep20-lbs10-blend0.8-infl50-rootdissolve-dn3-prune0.9,manifold,57,LPC 22:6,LPC_22-6,0,0.7983957529067993,0.5812157940477704,0.3312011423231682,0.806706964969635,1058.5428970336914
FOLD-2-learnls-manifold-nu2-K300-stride4-learnls-bs1.0-bd0.01-bw0.1-knn15-faiss_atlas_weighted-5-randomwalk-ind1000-lr0.05-ep20-lbs10-blend0.8-infl50-rootdissolve-dn3-prune0.910,fold_2,learnls-manifold-nu2-K300-stride4-learnls-bs1.0-bd0.01-bw0.1-knn15-faiss_atlas_weighted-5-randomwalk-ind1000-lr0.05-ep20-lbs10-blend0.8-infl50-rootdissolve-dn3-prune0.9,manifold,86,PE O-36:0 PE O-38:3,PE_O-36-0_PE_O-38-3,0,0.775766134262085,0.6455527155900278,0.4135976316489779,0.7713561058044434,1058.5428970336914
FOLD-2-learnls-manifold-nu2-K300-stride4-learnls-bs1.0-bd0.01-bw0.1-knn15-faiss_atlas_weighted-5-randomwalk-ind1000-lr0.05-ep20-lbs10-blend0.8-infl50-rootdissolve-dn3-prune0.910,fold_2,learnls-manifold-nu2-K300-stride4-learnls-bs1.0-bd0.01-bw0.1-knn15-faiss_atlas_weighted-5-randomwalk-ind1000-lr0.05-ep20-lbs10-blend0.8-infl50-rootdissolve-dn3-prune0.9,manifold,171,Hex2Cer 40:1;O2,Hex2Cer_40-1_O2,0,0.6311770081520081,0.7716993898151147,0.5949119642788689,0.636413037776947,1058.5428970336914
FOLD-2-learnls-manifold-nu2-K300-stride4-learnls-bs1.0-bd0.01-bw0.1-knn15-faiss_atlas_weighted-5-randomwalk-ind1000-lr0.05-ep20-lbs10-blend0.8-infl50-rootdissolve-dn3-prune0.9510,fold_2,learnls-manifold-nu2-K300-stride4-learnls-bs1.0-bd0.01-bw0.1-knn15-faiss_atlas_weighted-5-randomwalk-ind1000-lr0.05-ep20-lbs10-blend0.8-infl50-rootdissolve-dn3-prune0.95,manifold,97,PC 35:1 PE 38:1,PC_35-1_PE_38-1,0,0.8868259191513062,0.1930198600363876,0.0112820803163163,0.9747185707092284,872.4192402362823
FOLD-2-learnls-manifold-nu2-K300-stride4-learnls-bs1.0-bd0.01-bw0.1-knn15-faiss_atlas_weighted-5-randomwalk-ind1000-lr0.05-ep20-lbs10-blend0.8-infl50-rootdissolve-dn3-prune0.9510,fold_2,learnls-manifold-nu2-K300-stride4-learnls-bs1.0-bd0.01-bw0.1-knn15-faiss_atlas_weighted-5-randomwalk-ind1000-lr0.05-ep20-lbs10-blend0.8-infl50-rootdissolve-dn3-prune0.95,manifold,18,PA 36:1,PA_36-1,0,0.7816999554634094,0.4260680703698894,0.163225083871462,0.8556196689605713,872.4192402362823
FOLD-2-learnls-manifold-nu2-K300-stride4-learnls-bs1.0-bd0.01-bw0.1-knn15-faiss_atlas_weighted-5-randomwalk-ind1000-lr0.05-ep20-lbs10-blend0.8-infl50-rootdissolve-dn3-prune0.9510,fold_2,learnls-manifold-nu2-K300-stride4-learnls-bs1.0-bd0.01-bw0.1-knn15-faiss_atlas_weighted-5-randomwalk-ind1000-lr0.05-ep20-lbs10-blend0.8-infl50-rootdissolve-dn3-prune0.95,manifold,57,LPC 22:6,LPC_22-6,0,0.8009071350097656,0.5764363846370788,0.3269870984814336,0.814888060092926,872.4192402362823
FOLD-2-learnls-manifold-nu2-K300-stride4-learnls-bs1.0-bd0.01-bw0.1-knn15-faiss_atlas_weighted-5-randomwalk-ind1000-lr0.05-ep20-lbs10-blend0.8-infl50-rootdissolve-dn3-prune0.9510,fold_2,learnls-manifold-nu2-K300-stride4-learnls-bs1.0-bd0.01-bw0.1-knn15-faiss_atlas_weighted-5-randomwalk-ind1000-lr0.05-ep20-lbs10-blend0.8-infl50-rootdissolve-dn3-prune0.95,manifold,86,PE O-36:0 PE O-38:3,PE_O-36-0_PE_O-38-3,0,0.7840667963027954,0.6349130572903416,0.4009815050075886,0.7824881076812744,872.4192402362823
FOLD-2-learnls-manifold-nu2-K300-stride4-learnls-bs1.0-bd0.01-bw0.1-knn15-faiss_atlas_weighted-5-randomwalk-ind1000-lr0.05-ep20-lbs10-blend0.8-infl50-rootdissolve-dn3-prune0.9510,fold_2,learnls-manifold-nu2-K300-stride4-learnls-bs1.0-bd0.01-bw0.1-knn15-faiss_atlas_weighted-5-randomwalk-ind1000-lr0.05-ep20-lbs10-blend0.8-infl50-rootdissolve-dn3-prune0.95,manifold,171,Hex2Cer 40:1;O2,Hex2Cer_40-1_O2,0,0.6407155394554138,0.7637490784524182,0.5825758446986984,0.6497927904129028,872.4192402362823
FOLD-2-learnls-manifold-nu2-K300-stride4-learnls-bs1.0-bd0.01-bw0.1-knn15-faiss_atlas_weighted-5-randomwalk-ind1000-lr0.05-ep20-lbs10-blend0.8-infl50-rootdissolve-dn3-prune0.9710,fold_2,learnls-manifold-nu2-K300-stride4-learnls-bs1.0-bd0.01-bw0.1-knn15-faiss_atlas_weighted-5-randomwalk-ind1000-lr0.05-ep20-lbs10-blend0.8-infl50-rootdissolve-dn3-prune0.97,manifold,97,PC 35:1 PE 38:1,PC_35-1_PE_38-1,0,0.884882390499115,0.1951564986962648,0.0156110150162167,0.9764958620071412,970.2211300849916
FOLD-2-learnls-manifold-nu2-K300-stride4-learnls-bs1.0-bd0.01-bw0.1-knn15-faiss_atlas_weighted-5-randomwalk-ind1000-lr0.05-ep20-lbs10-blend0.8-infl50-rootdissolve-dn3-prune0.9710,fold_2,learnls-manifold-nu2-K300-stride4-learnls-bs1.0-bd0.01-bw0.1-knn15-faiss_atlas_weighted-5-randomwalk-ind1000-lr0.05-ep20-lbs10-blend0.8-infl50-rootdissolve-dn3-prune0.97,manifold,18,PA 36:1,PA_36-1,0,0.7809944152832031,0.4254929751040481,0.1647348461090217,0.8615424036979675,970.2211300849916
FOLD-2-learnls-manifold-nu2-K300-stride4-learnls-bs1.0-bd0.01-bw0.1-knn15-faiss_atlas_weighted-5-randomwalk-ind1000-lr0.05-ep20-lbs10-blend0.8-infl50-rootdissolve-dn3-prune0.9710,fold_2,learnls-manifold-nu2-K300-stride4-learnls-bs1.0-bd0.01-bw0.1-knn15-faiss_atlas_weighted-5-randomwalk-ind1000-lr0.05-ep20-lbs10-blend0.8-infl50-rootdissolve-dn3-prune0.97,manifold,57,LPC 22:6,LPC_22-6,0,0.8011641502380371,0.5750858973691402,0.3265550850464646,0.8233409523963928,970.2211300849916
FOLD-2-learnls-manifold-nu2-K300-stride4-learnls-bs1.0-bd0.01-bw0.1-knn15-faiss_atlas_weighted-5-randomwalk-ind1000-lr0.05-ep20-lbs10-blend0.8-infl50-rootdissolve-dn3-prune0.9710,fold_2,learnls-manifold-nu2-K300-stride4-learnls-bs1.0-bd0.01-bw0.1-knn15-faiss_atlas_weighted-5-randomwalk-ind1000-lr0.05-ep20-lbs10-blend0.8-infl50-rootdissolve-dn3-prune0.97,manifold,86,PE O-36:0 PE O-38:3,PE_O-36-0_PE_O-38-3,0,0.7877834439277649,0.6308062614667878,0.3952890951035451,0.7865747809410095,970.2211300849916
FOLD-2-learnls-manifold-nu2-K300-stride4-learnls-bs1.0-bd0.01-bw0.1-knn15-faiss_atlas_weighted-5-randomwalk-ind1000-lr0.05-ep20-lbs10-blend0.8-infl50-rootdissolve-dn3-prune0.9710,fold_2,learnls-manifold-nu2-K300-stride4-learnls-bs1.0-bd0.01-bw0.1-knn15-faiss_atlas_weighted-5-randomwalk-ind1000-lr0.05-ep20-lbs10-blend0.8-infl50-rootdissolve-dn3-prune0.97,manifold,171,Hex2Cer 40:1;O2,Hex2Cer_40-1_O2,0,0.6477494239807129,0.7577802810098372,0.5733604412618474,0.6601074934005737,970.2211300849916
FOLD-2-learnls-manifold-nu2-K300-stride4-learnls-bs1.0-bd0.01-bw0.1-knn15-faiss_atlas_weighted-5-randomwalk-ind1000-lr0.05-ep20-lbs10-blend0.8-infl50-rootdissolve-dn310,fold_2,learnls-manifold-nu2-K300-stride4-learnls-bs1.0-bd0.01-bw0.1-knn15-faiss_atlas_weighted-5-randomwalk-ind1000-lr0.05-ep20-lbs10-blend0.8-infl50-rootdissolve-dn3,manifold,97,PC 35:1 PE 38:1,PC_35-1_PE_38-1,0,0.8901075124740601,0.1773511068328905,0.0039512747951903,0.9757438898086548,1056.9366778850556
FOLD-2-learnls-manifold-nu2-K300-stride4-learnls-bs1.0-bd0.01-bw0.1-knn15-faiss_atlas_weighted-5-randomwalk-ind1000-lr0.05-ep20-lbs10-blend0.8-infl50-rootdissolve-dn310,fold_2,learnls-manifold-nu2-K300-stride4-learnls-bs1.0-bd0.01-bw0.1-knn15-faiss_atlas_weighted-5-randomwalk-ind1000-lr0.05-ep20-lbs10-blend0.8-infl50-rootdissolve-dn3,manifold,18,PA 36:1,PA_36-1,0,0.7833806276321411,0.4188442421075261,0.1596230172982591,0.8613932132720947,1056.9366778850556
FOLD-2-learnls-manifold-nu2-K300-stride4-learnls-bs1.0-bd0.01-bw0.1-knn15-faiss_atlas_weighted-5-randomwalk-ind1000-lr0.05-ep20-lbs10-blend0.8-infl50-rootdissolve-dn310,fold_2,learnls-manifold-nu2-K300-stride4-learnls-bs1.0-bd0.01-bw0.1-knn15-faiss_atlas_weighted-5-randomwalk-ind1000-lr0.05-ep20-lbs10-blend0.8-infl50-rootdissolve-dn3,manifold,57,LPC 22:6,LPC_22-6,0,0.8101617693901062,0.563388534232058,0.3113436928857432,0.818773090839386,1056.9366778850556
FOLD-2-learnls-manifold-nu2-K300-stride4-learnls-bs1.0-bd0.01-bw0.1-knn15-faiss_atlas_weighted-5-randomwalk-ind1000-lr0.05-ep20-lbs10-blend0.8-infl50-rootdissolve-dn310,fold_2,learnls-manifold-nu2-K300-stride4-learnls-bs1.0-bd0.01-bw0.1-knn15-faiss_atlas_weighted-5-randomwalk-ind1000-lr0.05-ep20-lbs10-blend0.8-infl50-rootdissolve-dn3,manifold,86,PE O-36:0 PE O-38:3,PE_O-36-0_PE_O-38-3,0,0.7819455862045288,0.63812745000721,0.4042183655412605,0.7777674794197083,1056.9366778850556
FOLD-2-learnls-manifold-nu2-K300-stride4-learnls-bs1.0-bd0.01-bw0.1-knn15-faiss_atlas_weighted-5-randomwalk-ind1000-lr0.05-ep20-lbs10-blend0.8-infl50-rootdissolve-dn310,fold_2,learnls-manifold-nu2-K300-stride4-learnls-bs1.0-bd0.01-bw0.1-knn15-faiss_atlas_weighted-5-randomwalk-ind1000-lr0.05-ep20-lbs10-blend0.8-infl50-rootdissolve-dn3,manifold,171,Hex2Cer 40:1;O2,Hex2Cer_40-1_O2,0,0.6415985822677612,0.7629817453959327,0.5814244775852226,0.6450769901275635,1056.9366778850556
FOLD-2-spectral-nu2-K100-stride4-bw0.1-knn15-faiss_atlas_weighted-5-randomwalk-lr0.05-ep20-lbs10-rootdissolve-dn310,fold_2,spectral-nu2-K100-stride4-bw0.1-knn15-faiss_atlas_weighted-5-randomwalk-lr0.05-ep20-lbs10-rootdissolve-dn3,spectral,97,PC 35:1 PE 38:1,PC_35-1_PE_38-1,0,0.8855463266372681,0.1652574889404866,0.0141332946451749,0.9483482837677002,145.14686965942383
FOLD-2-spectral-nu2-K100-stride4-bw0.1-knn15-faiss_atlas_weighted-5-randomwalk-lr0.05-ep20-lbs10-rootdissolve-dn310,fold_2,spectral-nu2-K100-stride4-bw0.1-knn15-faiss_atlas_weighted-5-randomwalk-lr0.05-ep20-lbs10-rootdissolve-dn3,spectral,18,PA 36:1,PA_36-1,0,0.7986901998519897,0.3844792738332425,0.1264550266404239,0.8731696009635925,145.14686965942383
FOLD-2-spectral-nu2-K100-stride4-bw0.1-knn15-faiss_atlas_weighted-5-randomwalk-lr0.05-ep20-lbs10-rootdissolve-dn310,fold_2,spectral-nu2-K100-stride4-bw0.1-knn15-faiss_atlas_weighted-5-randomwalk-lr0.05-ep20-lbs10-rootdissolve-dn3,spectral,57,LPC 22:6,LPC_22-6,0,0.8511183857917786,0.490354532599581,0.2399554303529462,0.8614219427108765,145.14686965942383
FOLD-2-spectral-nu2-K100-stride4-bw0.1-knn15-faiss_atlas_weighted-5-randomwalk-lr0.05-ep20-lbs10-rootdissolve-dn310,fold_2,spectral-nu2-K100-stride4-bw0.1-knn15-faiss_atlas_weighted-5-randomwalk-lr0.05-ep20-lbs10-rootdissolve-dn3,spectral,86,PE O-36:0 PE O-38:3,PE_O-36-0_PE_O-38-3,0,0.8380869626998901,0.566737135722668,0.3155964784233953,0.8152981400489807,145.14686965942383
FOLD-2-spectral-nu2-K100-stride4-bw0.1-knn15-faiss_atlas_weighted-5-randomwalk-lr0.05-ep20-lbs10-rootdissolve-dn310,fold_2,spectral-nu2-K100-stride4-bw0.1-knn15-faiss_atlas_weighted-5-randomwalk-lr0.05-ep20-lbs10-rootdissolve-dn3,spectral,171,Hex2Cer 40:1;O2,Hex2Cer_40-1_O2,0,0.711997389793396,0.6965804868863367,0.484529417774496,0.7212666869163513,145.14686965942383
FOLD-2-spectral-nu2-K1300-stride4-bw0.1-knn15-faiss_atlas_weighted-5-randomwalk-lr0.05-ep20-lbs10-rootdissolve-dn310,fold_2,spectral-nu2-K1300-stride4-bw0.1-knn15-faiss_atlas_weighted-5-randomwalk-lr0.05-ep20-lbs10-rootdissolve-dn3,spectral,97,PC 35:1 PE 38:1,PC_35-1_PE_38-1,0,0.8959768414497375,0.1980535494680241,-0.0092277905791118,0.9653686881065368,181.09381804466247
FOLD-2-spectral-nu2-K1300-stride4-bw0.1-knn15-faiss_atlas_weighted-5-randomwalk-lr0.05-ep20-lbs10-rootdissolve-dn310,fold_2,spectral-nu2-K1300-stride4-bw0.1-knn15-faiss_atlas_weighted-5-randomwalk-lr0.05-ep20-lbs10-rootdissolve-dn3,spectral,18,PA 36:1,PA_36-1,0,0.7748117446899414,0.473806442316697,0.1779071303503206,0.8100059032440186,181.09381804466247
FOLD-2-spectral-nu2-K1300-stride4-bw0.1-knn15-faiss_atlas_weighted-5-randomwalk-lr0.05-ep20-lbs10-rootdissolve-dn310,fold_2,spectral-nu2-K1300-stride4-bw0.1-knn15-faiss_atlas_weighted-5-randomwalk-lr0.05-ep20-lbs10-rootdissolve-dn3,spectral,57,LPC 22:6,LPC_22-6,0,0.7711676955223083,0.6228633842061787,0.3760400203285701,0.7545280456542969,181.09381804466247
FOLD-2-spectral-nu2-K1300-stride4-bw0.1-knn15-faiss_atlas_weighted-5-randomwalk-lr0.05-ep20-lbs10-rootdissolve-dn310,fold_2,spectral-nu2-K1300-stride4-bw0.1-knn15-faiss_atlas_weighted-5-randomwalk-lr0.05-ep20-lbs10-rootdissolve-dn3,spectral,86,PE O-36:0 PE O-38:3,PE_O-36-0_PE_O-38-3,0,0.7361224293708801,0.6874235726725175,0.4719997061252767,0.7098532319068909,181.09381804466247
FOLD-2-spectral-nu2-K1300-stride4-bw0.1-knn15-faiss_atlas_weighted-5-randomwalk-lr0.05-ep20-lbs10-rootdissolve-dn310,fold_2,spectral-nu2-K1300-stride4-bw0.1-knn15-faiss_atlas_weighted-5-randomwalk-lr0.05-ep20-lbs10-rootdissolve-dn3,spectral,171,Hex2Cer 40:1;O2,Hex2Cer_40-1_O2,0,0.5850161910057068,0.8079343443383816,0.6519971542572613,0.5814650654792786,181.09381804466247
FOLD-3-euclidean-ard-matern-nu1.5-ind1000-5-lr0.05-ep20-lbs1010,fold_3,euclidean-ard-matern-nu1.5-ind1000-5-lr0.05-ep20-lbs10,euclidean,97,PC 35:1 PE 38:1,PC_35-1_PE_38-1,0,0.8773456811904907,0.1582063941271069,-0.0139942094476499,0.9430469274520874,513.7465190887451
FOLD-3-euclidean-ard-matern-nu1.5-ind1000-5-lr0.05-ep20-lbs1010,fold_3,euclidean-ard-matern-nu1.5-ind1000-5-lr0.05-ep20-lbs10,euclidean,18,PA 36:1,PA_36-1,0,0.7791451811790466,0.4847500007855245,0.2217801160308591,0.8156223297119141,513.7465190887451
FOLD-3-euclidean-ard-matern-nu1.5-ind1000-5-lr0.05-ep20-lbs1010,fold_3,euclidean-ard-matern-nu1.5-ind1000-5-lr0.05-ep20-lbs10,euclidean,57,LPC 22:6,LPC_22-6,0,0.779691755771637,0.5793281038006595,0.3297328990924625,0.7611252665519714,513.7465190887451
FOLD-3-euclidean-ard-matern-nu1.5-ind1000-5-lr0.05-ep20-lbs1010,fold_3,euclidean-ard-matern-nu1.5-ind1000-5-lr0.05-ep20-lbs10,euclidean,86,PE O-36:0 PE O-38:3,PE_O-36-0_PE_O-38-3,0,0.722637951374054,0.6781082705033147,0.4593374986588608,0.7389488220214844,513.7465190887451
FOLD-3-euclidean-ard-matern-nu1.5-ind1000-5-lr0.05-ep20-lbs1010,fold_3,euclidean-ard-matern-nu1.5-ind1000-5-lr0.05-ep20-lbs10,euclidean,171,Hex2Cer 40:1;O2,Hex2Cer_40-1_O2,0,0.6041221618652344,0.7859737946226538,0.6172940652027671,0.6055166721343994,513.7465190887451
FOLD-3-euclidean-no-ard-matern-nu1.5-ind1000-5-lr0.05-ep20-lbs1010,fold_3,euclidean-no-ard-matern-nu1.5-ind1000-5-lr0.05-ep20-lbs10,euclidean,97,PC 35:1 PE 38:1,PC_35-1_PE_38-1,0,0.8777047395706177,0.1587405385516694,-0.0148244054924482,0.9401082992553712,719.2978029727935
FOLD-3-euclidean-no-ard-matern-nu1.5-ind1000-5-lr0.05-ep20-lbs1010,fold_3,euclidean-no-ard-matern-nu1.5-ind1000-5-lr0.05-ep20-lbs10,euclidean,18,PA 36:1,PA_36-1,0,0.7779412865638733,0.4860964330735026,0.2241831798883528,0.8156061768531799,719.2978029727935
FOLD-3-euclidean-no-ard-matern-nu1.5-ind1000-5-lr0.05-ep20-lbs1010,fold_3,euclidean-no-ard-matern-nu1.5-ind1000-5-lr0.05-ep20-lbs10,euclidean,57,LPC 22:6,LPC_22-6,0,0.779961347579956,0.5792594320987364,0.3292693383160011,0.7611802816390991,719.2978029727935
FOLD-3-euclidean-no-ard-matern-nu1.5-ind1000-5-lr0.05-ep20-lbs1010,fold_3,euclidean-no-ard-matern-nu1.5-ind1000-5-lr0.05-ep20-lbs10,euclidean,86,PE O-36:0 PE O-38:3,PE_O-36-0_PE_O-38-3,0,0.7221006751060486,0.6790544626702407,0.4601411594247633,0.738594114780426,719.2978029727935
FOLD-3-euclidean-no-ard-matern-nu1.5-ind1000-5-lr0.05-ep20-lbs1010,fold_3,euclidean-no-ard-matern-nu1.5-ind1000-5-lr0.05-ep20-lbs10,euclidean,171,Hex2Cer 40:1;O2,Hex2Cer_40-1_O2,0,0.6042227149009705,0.7859655055216991,0.617166707220336,0.6067561507225037,719.2978029727935
FOLD-3-learnls-manifold-nu2-K100-stride4-learnls-bs1.0-bd0.01-bw0.1-knn15-faiss_atlas_weighted-5-randomwalk-ind1000-lr0.05-ep20-lbs10-blend0.8-infl50-ptls-rootdissolve-dn3-prune0.910,fold_3,learnls-manifold-nu2-K100-stride4-learnls-bs1.0-bd0.01-bw0.1-knn15-faiss_atlas_weighted-5-randomwalk-ind1000-lr0.05-ep20-lbs10-blend0.8-infl50-ptls-rootdissolve-dn3-prune0.9,manifold,97,PC 35:1 PE 38:1,PC_35-1_PE_38-1,0,0.8786263465881348,0.0909050075211108,-0.0169566773230969,0.9652031064033508,1924.7272963047028
FOLD-3-learnls-manifold-nu2-K100-stride4-learnls-bs1.0-bd0.01-bw0.1-knn15-faiss_atlas_weighted-5-randomwalk-ind1000-lr0.05-ep20-lbs10-blend0.8-infl50-ptls-rootdissolve-dn3-prune0.910,fold_3,learnls-manifold-nu2-K100-stride4-learnls-bs1.0-bd0.01-bw0.1-knn15-faiss_atlas_weighted-5-randomwalk-ind1000-lr0.05-ep20-lbs10-blend0.8-infl50-ptls-rootdissolve-dn3-prune0.9,manifold,18,PA 36:1,PA_36-1,0,0.8056812286376953,0.4190547783155255,0.1678683137122449,0.8704893589019775,1924.7272963047028
FOLD-3-learnls-manifold-nu2-K100-stride4-learnls-bs1.0-bd0.01-bw0.1-knn15-faiss_atlas_weighted-5-randomwalk-ind1000-lr0.05-ep20-lbs10-blend0.8-infl50-ptls-rootdissolve-dn3-prune0.910,fold_3,learnls-manifold-nu2-K100-stride4-learnls-bs1.0-bd0.01-bw0.1-knn15-faiss_atlas_weighted-5-randomwalk-ind1000-lr0.05-ep20-lbs10-blend0.8-infl50-ptls-rootdissolve-dn3-prune0.9,manifold,57,LPC 22:6,LPC_22-6,0,0.8479936122894287,0.460549154798739,0.2071570140349411,0.8461390137672424,1924.7272963047028
FOLD-3-learnls-manifold-nu2-K100-stride4-learnls-bs1.0-bd0.01-bw0.1-knn15-faiss_atlas_weighted-5-randomwalk-ind1000-lr0.05-ep20-lbs10-blend0.8-infl50-ptls-rootdissolve-dn3-prune0.910,fold_3,learnls-manifold-nu2-K100-stride4-learnls-bs1.0-bd0.01-bw0.1-knn15-faiss_atlas_weighted-5-randomwalk-ind1000-lr0.05-ep20-lbs10-blend0.8-infl50-ptls-rootdissolve-dn3-prune0.9,manifold,86,PE O-36:0 PE O-38:3,PE_O-36-0_PE_O-38-3,0,0.7982822060585022,0.5833958189647412,0.3402223101955767,0.8348066806793213,1924.7272963047028
FOLD-3-learnls-manifold-nu2-K100-stride4-learnls-bs1.0-bd0.01-bw0.1-knn15-faiss_atlas_weighted-5-randomwalk-ind1000-lr0.05-ep20-lbs10-blend0.8-infl50-ptls-rootdissolve-dn3-prune0.910,fold_3,learnls-manifold-nu2-K100-stride4-learnls-bs1.0-bd0.01-bw0.1-knn15-faiss_atlas_weighted-5-randomwalk-ind1000-lr0.05-ep20-lbs10-blend0.8-infl50-ptls-rootdissolve-dn3-prune0.9,manifold,171,Hex2Cer 40:1;O2,Hex2Cer_40-1_O2,0,0.6990751028060913,0.6986526362422868,0.4875360557275215,0.7186645269393921,1924.7272963047028
FOLD-3-learnls-manifold-nu2-K100-stride4-learnls-bs1.0-bd0.01-bw0.1-knn15-faiss_atlas_weighted-5-randomwalk-ind1000-lr0.05-ep20-lbs10-blend0.8-infl50-ptls-rootdissolve-dn3-prune0.9510,fold_3,learnls-manifold-nu2-K100-stride4-learnls-bs1.0-bd0.01-bw0.1-knn15-faiss_atlas_weighted-5-randomwalk-ind1000-lr0.05-ep20-lbs10-blend0.8-infl50-ptls-rootdissolve-dn3-prune0.95,manifold,97,PC 35:1 PE 38:1,PC_35-1_PE_38-1,0,0.8774799704551697,0.0933726509021044,-0.0143047344715308,0.9676382541656494,1779.1923461437225
FOLD-3-learnls-manifold-nu2-K100-stride4-learnls-bs1.0-bd0.01-bw0.1-knn15-faiss_atlas_weighted-5-randomwalk-ind1000-lr0.05-ep20-lbs10-blend0.8-infl50-ptls-rootdissolve-dn3-prune0.9510,fold_3,learnls-manifold-nu2-K100-stride4-learnls-bs1.0-bd0.01-bw0.1-knn15-faiss_atlas_weighted-5-randomwalk-ind1000-lr0.05-ep20-lbs10-blend0.8-infl50-ptls-rootdissolve-dn3-prune0.95,manifold,18,PA 36:1,PA_36-1,0,0.8063015341758728,0.4175690702190265,0.1665864877935292,0.8712273240089417,1779.1923461437225
FOLD-3-learnls-manifold-nu2-K100-stride4-learnls-bs1.0-bd0.01-bw0.1-knn15-faiss_atlas_weighted-5-randomwalk-ind1000-lr0.05-ep20-lbs10-blend0.8-infl50-ptls-rootdissolve-dn3-prune0.9510,fold_3,learnls-manifold-nu2-K100-stride4-learnls-bs1.0-bd0.01-bw0.1-knn15-faiss_atlas_weighted-5-randomwalk-ind1000-lr0.05-ep20-lbs10-blend0.8-infl50-ptls-rootdissolve-dn3-prune0.95,manifold,57,LPC 22:6,LPC_22-6,0,0.8431910872459412,0.4700682277412099,0.2161119448780494,0.8458105325698853,1779.1923461437225
FOLD-3-learnls-manifold-nu2-K100-stride4-learnls-bs1.0-bd0.01-bw0.1-knn15-faiss_atlas_weighted-5-randomwalk-ind1000-lr0.05-ep20-lbs10-blend0.8-infl50-ptls-rootdissolve-dn3-prune0.9510,fold_3,learnls-manifold-nu2-K100-stride4-learnls-bs1.0-bd0.01-bw0.1-knn15-faiss_atlas_weighted-5-randomwalk-ind1000-lr0.05-ep20-lbs10-blend0.8-infl50-ptls-rootdissolve-dn3-prune0.95,manifold,86,PE O-36:0 PE O-38:3,PE_O-36-0_PE_O-38-3,0,0.7992722392082214,0.5824105238923203,0.3385847258711639,0.8375065326690674,1779.1923461437225
FOLD-3-learnls-manifold-nu2-K100-stride4-learnls-bs1.0-bd0.01-bw0.1-knn15-faiss_atlas_weighted-5-randomwalk-ind1000-lr0.05-ep20-lbs10-blend0.8-infl50-ptls-rootdissolve-dn3-prune0.9510,fold_3,learnls-manifold-nu2-K100-stride4-learnls-bs1.0-bd0.01-bw0.1-knn15-faiss_atlas_weighted-5-randomwalk-ind1000-lr0.05-ep20-lbs10-blend0.8-infl50-ptls-rootdissolve-dn3-prune0.95,manifold,171,Hex2Cer 40:1;O2,Hex2Cer_40-1_O2,0,0.6996164917945862,0.6982196220389864,0.4867420575701396,0.7179489135742188,1779.1923461437225
FOLD-3-learnls-manifold-nu2-K100-stride4-learnls-bs1.0-bd0.01-bw0.1-knn15-faiss_atlas_weighted-5-randomwalk-ind1000-lr0.05-ep20-lbs10-blend0.8-infl50-ptls-rootdissolve-dn3-prune0.9710,fold_3,learnls-manifold-nu2-K100-stride4-learnls-bs1.0-bd0.01-bw0.1-knn15-faiss_atlas_weighted-5-randomwalk-ind1000-lr0.05-ep20-lbs10-blend0.8-infl50-ptls-rootdissolve-dn3-prune0.97,manifold,97,PC 35:1 PE 38:1,PC_35-1_PE_38-1,0,0.8776237368583679,0.0883116568803329,-0.0146370258208949,0.9671722054481506,1347.6573551177978
FOLD-3-learnls-manifold-nu2-K100-stride4-learnls-bs1.0-bd0.01-bw0.1-knn15-faiss_atlas_weighted-5-randomwalk-ind1000-lr0.05-ep20-lbs10-blend0.8-infl50-ptls-rootdissolve-dn3-prune0.9710,fold_3,learnls-manifold-nu2-K100-stride4-learnls-bs1.0-bd0.01-bw0.1-knn15-faiss_atlas_weighted-5-randomwalk-ind1000-lr0.05-ep20-lbs10-blend0.8-infl50-ptls-rootdissolve-dn3-prune0.97,manifold,18,PA 36:1,PA_36-1,0,0.8084189891815186,0.41193347589488,0.1622034144342923,0.8730314373970032,1347.6573551177978
FOLD-3-learnls-manifold-nu2-K100-stride4-learnls-bs1.0-bd0.01-bw0.1-knn15-faiss_atlas_weighted-5-randomwalk-ind1000-lr0.05-ep20-lbs10-blend0.8-infl50-ptls-rootdissolve-dn3-prune0.9710,fold_3,learnls-manifold-nu2-K100-stride4-learnls-bs1.0-bd0.01-bw0.1-knn15-faiss_atlas_weighted-5-randomwalk-ind1000-lr0.05-ep20-lbs10-blend0.8-infl50-ptls-rootdissolve-dn3-prune0.97,manifold,57,LPC 22:6,LPC_22-6,0,0.8453634977340698,0.4653451681962744,0.2120675701712402,0.8477230668067932,1347.6573551177978
FOLD-3-learnls-manifold-nu2-K100-stride4-learnls-bs1.0-bd0.01-bw0.1-knn15-faiss_atlas_weighted-5-randomwalk-ind1000-lr0.05-ep20-lbs10-blend0.8-infl50-ptls-rootdissolve-dn3-prune0.9710,fold_3,learnls-manifold-nu2-K100-stride4-learnls-bs1.0-bd0.01-bw0.1-knn15-faiss_atlas_weighted-5-randomwalk-ind1000-lr0.05-ep20-lbs10-blend0.8-infl50-ptls-rootdissolve-dn3-prune0.97,manifold,86,PE O-36:0 PE O-38:3,PE_O-36-0_PE_O-38-3,0,0.8045974373817444,0.5749344528202535,0.329741947168509,0.8432142734527588,1347.6573551177978
FOLD-3-learnls-manifold-nu2-K100-stride4-learnls-bs1.0-bd0.01-bw0.1-knn15-faiss_atlas_weighted-5-randomwalk-ind1000-lr0.05-ep20-lbs10-blend0.8-infl50-ptls-rootdissolve-dn3-prune0.9710,fold_3,learnls-manifold-nu2-K100-stride4-learnls-bs1.0-bd0.01-bw0.1-knn15-faiss_atlas_weighted-5-randomwalk-ind1000-lr0.05-ep20-lbs10-blend0.8-infl50-ptls-rootdissolve-dn3-prune0.97,manifold,171,Hex2Cer 40:1;O2,Hex2Cer_40-1_O2,0,0.7038005590438843,0.6935463697987198,0.4805846169260218,0.7242667078971863,1347.6573551177978
FOLD-3-learnls-manifold-nu2-K100-stride4-learnls-bs1.0-bd0.01-bw0.1-knn15-faiss_atlas_weighted-5-randomwalk-ind1000-lr0.05-ep20-lbs10-blend0.8-infl50-ptls-rootdissolve-dn310,fold_3,learnls-manifold-nu2-K100-stride4-learnls-bs1.0-bd0.01-bw0.1-knn15-faiss_atlas_weighted-5-randomwalk-ind1000-lr0.05-ep20-lbs10-blend0.8-infl50-ptls-rootdissolve-dn3,manifold,97,PC 35:1 PE 38:1,PC_35-1_PE_38-1,0,0.8802098631858826,0.0850259403372819,-0.0206257227100257,0.9623507261276244,1010.2728713035584
FOLD-3-learnls-manifold-nu2-K100-stride4-learnls-bs1.0-bd0.01-bw0.1-knn15-faiss_atlas_weighted-5-randomwalk-ind1000-lr0.05-ep20-lbs10-blend0.8-infl50-ptls-rootdissolve-dn310,fold_3,learnls-manifold-nu2-K100-stride4-learnls-bs1.0-bd0.01-bw0.1-knn15-faiss_atlas_weighted-5-randomwalk-ind1000-lr0.05-ep20-lbs10-blend0.8-infl50-ptls-rootdissolve-dn3,manifold,18,PA 36:1,PA_36-1,0,0.8068305253982544,0.4163564567268416,0.165492532543816,0.8730635643005371,1010.2728713035584
FOLD-3-learnls-manifold-nu2-K100-stride4-learnls-bs1.0-bd0.01-bw0.1-knn15-faiss_atlas_weighted-5-randomwalk-ind1000-lr0.05-ep20-lbs10-blend0.8-infl50-ptls-rootdissolve-dn310,fold_3,learnls-manifold-nu2-K100-stride4-learnls-bs1.0-bd0.01-bw0.1-knn15-faiss_atlas_weighted-5-randomwalk-ind1000-lr0.05-ep20-lbs10-blend0.8-infl50-ptls-rootdissolve-dn3,manifold,57,LPC 22:6,LPC_22-6,0,0.8528273105621338,0.4496389910242811,0.1980926285915811,0.852221667766571,1010.2728713035584
FOLD-3-learnls-manifold-nu2-K100-stride4-learnls-bs1.0-bd0.01-bw0.1-knn15-faiss_atlas_weighted-5-randomwalk-ind1000-lr0.05-ep20-lbs10-blend0.8-infl50-ptls-rootdissolve-dn310,fold_3,learnls-manifold-nu2-K100-stride4-learnls-bs1.0-bd0.01-bw0.1-knn15-faiss_atlas_weighted-5-randomwalk-ind1000-lr0.05-ep20-lbs10-blend0.8-infl50-ptls-rootdissolve-dn3,manifold,86,PE O-36:0 PE O-38:3,PE_O-36-0_PE_O-38-3,0,0.8064225912094116,0.5717290653952879,0.326697724070644,0.8406365513801575,1010.2728713035584
FOLD-3-learnls-manifold-nu2-K100-stride4-learnls-bs1.0-bd0.01-bw0.1-knn15-faiss_atlas_weighted-5-randomwalk-ind1000-lr0.05-ep20-lbs10-blend0.8-infl50-ptls-rootdissolve-dn310,fold_3,learnls-manifold-nu2-K100-stride4-learnls-bs1.0-bd0.01-bw0.1-knn15-faiss_atlas_weighted-5-randomwalk-ind1000-lr0.05-ep20-lbs10-blend0.8-infl50-ptls-rootdissolve-dn3,manifold,171,Hex2Cer 40:1;O2,Hex2Cer_40-1_O2,0,0.7120749950408936,0.6845562983297528,0.4682994446532812,0.7332119941711426,1010.2728713035584
FOLD-3-learnls-manifold-nu2-K100-stride4-learnls-bs1.0-bd0.01-bw0.1-knn15-faiss_atlas_weighted-5-randomwalk-ind1000-lr0.05-ep20-lbs10-blend0.8-infl50-rootdissolve-dn3-prune0.910,fold_3,learnls-manifold-nu2-K100-stride4-learnls-bs1.0-bd0.01-bw0.1-knn15-faiss_atlas_weighted-5-randomwalk-ind1000-lr0.05-ep20-lbs10-blend0.8-infl50-rootdissolve-dn3-prune0.9,manifold,97,PC 35:1 PE 38:1,PC_35-1_PE_38-1,0,0.8788305521011353,0.0899174174981672,-0.017429503426126,0.9645376801490784,1070.0394852638244
FOLD-3-learnls-manifold-nu2-K100-stride4-learnls-bs1.0-bd0.01-bw0.1-knn15-faiss_atlas_weighted-5-randomwalk-ind1000-lr0.05-ep20-lbs10-blend0.8-infl50-rootdissolve-dn3-prune0.910,fold_3,learnls-manifold-nu2-K100-stride4-learnls-bs1.0-bd0.01-bw0.1-knn15-faiss_atlas_weighted-5-randomwalk-ind1000-lr0.05-ep20-lbs10-blend0.8-infl50-rootdissolve-dn3-prune0.9,manifold,18,PA 36:1,PA_36-1,0,0.8054100871086121,0.4193643596665336,0.1684283570974764,0.8703747987747192,1070.0394852638244
FOLD-3-learnls-manifold-nu2-K100-stride4-learnls-bs1.0-bd0.01-bw0.1-knn15-faiss_atlas_weighted-5-randomwalk-ind1000-lr0.05-ep20-lbs10-blend0.8-infl50-rootdissolve-dn3-prune0.910,fold_3,learnls-manifold-nu2-K100-stride4-learnls-bs1.0-bd0.01-bw0.1-knn15-faiss_atlas_weighted-5-randomwalk-ind1000-lr0.05-ep20-lbs10-blend0.8-infl50-rootdissolve-dn3-prune0.9,manifold,57,LPC 22:6,LPC_22-6,0,0.8481897711753845,0.4600646065347027,0.2067901851847084,0.845824122428894,1070.0394852638244
FOLD-3-learnls-manifold-nu2-K100-stride4-learnls-bs1.0-bd0.01-bw0.1-knn15-faiss_atlas_weighted-5-randomwalk-ind1000-lr0.05-ep20-lbs10-blend0.8-infl50-rootdissolve-dn3-prune0.910,fold_3,learnls-manifold-nu2-K100-stride4-learnls-bs1.0-bd0.01-bw0.1-knn15-faiss_atlas_weighted-5-randomwalk-ind1000-lr0.05-ep20-lbs10-blend0.8-infl50-rootdissolve-dn3-prune0.9,manifold,86,PE O-36:0 PE O-38:3,PE_O-36-0_PE_O-38-3,0,0.79814612865448,0.583615384799402,0.3404471659987158,0.8347131013870239,1070.0394852638244
FOLD-3-learnls-manifold-nu2-K100-stride4-learnls-bs1.0-bd0.01-bw0.1-knn15-faiss_atlas_weighted-5-randomwalk-ind1000-lr0.05-ep20-lbs10-blend0.8-infl50-rootdissolve-dn3-prune0.910,fold_3,learnls-manifold-nu2-K100-stride4-learnls-bs1.0-bd0.01-bw0.1-knn15-faiss_atlas_weighted-5-randomwalk-ind1000-lr0.05-ep20-lbs10-blend0.8-infl50-rootdissolve-dn3-prune0.9,manifold,171,Hex2Cer 40:1;O2,Hex2Cer_40-1_O2,0,0.699003279209137,0.6987074720145726,0.4876413791311068,0.7189890742301941,1070.0394852638244
FOLD-3-learnls-manifold-nu2-K100-stride4-learnls-bs1.0-bd0.01-bw0.1-knn15-faiss_atlas_weighted-5-randomwalk-ind1000-lr0.05-ep20-lbs10-blend0.8-infl50-rootdissolve-dn3-prune0.9510,fold_3,learnls-manifold-nu2-K100-stride4-learnls-bs1.0-bd0.01-bw0.1-knn15-faiss_atlas_weighted-5-randomwalk-ind1000-lr0.05-ep20-lbs10-blend0.8-infl50-rootdissolve-dn3-prune0.95,manifold,97,PC 35:1 PE 38:1,PC_35-1_PE_38-1,0,0.8775830268859863,0.0928893730166723,-0.0145429810993769,0.9675651788711548,586.751655292511
FOLD-3-learnls-manifold-nu2-K100-stride4-learnls-bs1.0-bd0.01-bw0.1-knn15-faiss_atlas_weighted-5-randomwalk-ind1000-lr0.05-ep20-lbs10-blend0.8-infl50-rootdissolve-dn3-prune0.9510,fold_3,learnls-manifold-nu2-K100-stride4-learnls-bs1.0-bd0.01-bw0.1-knn15-faiss_atlas_weighted-5-randomwalk-ind1000-lr0.05-ep20-lbs10-blend0.8-infl50-rootdissolve-dn3-prune0.95,manifold,18,PA 36:1,PA_36-1,0,0.8062364459037781,0.4176081138127463,0.1667210593695488,0.871289849281311,586.751655292511
FOLD-3-learnls-manifold-nu2-K100-stride4-learnls-bs1.0-bd0.01-bw0.1-knn15-faiss_atlas_weighted-5-randomwalk-ind1000-lr0.05-ep20-lbs10-blend0.8-infl50-rootdissolve-dn3-prune0.9510,fold_3,learnls-manifold-nu2-K100-stride4-learnls-bs1.0-bd0.01-bw0.1-knn15-faiss_atlas_weighted-5-randomwalk-ind1000-lr0.05-ep20-lbs10-blend0.8-infl50-rootdissolve-dn3-prune0.95,manifold,57,LPC 22:6,LPC_22-6,0,0.8432599306106567,0.4700039073503855,0.2159840250738657,0.8458069562911987,586.751655292511
FOLD-3-learnls-manifold-nu2-K100-stride4-learnls-bs1.0-bd0.01-bw0.1-knn15-faiss_atlas_weighted-5-randomwalk-ind1000-lr0.05-ep20-lbs10-blend0.8-infl50-rootdissolve-dn3-prune0.9510,fold_3,learnls-manifold-nu2-K100-stride4-learnls-bs1.0-bd0.01-bw0.1-knn15-faiss_atlas_weighted-5-randomwalk-ind1000-lr0.05-ep20-lbs10-blend0.8-infl50-rootdissolve-dn3-prune0.95,manifold,86,PE O-36:0 PE O-38:3,PE_O-36-0_PE_O-38-3,0,0.7991921901702881,0.5825412893018329,0.3387172127512439,0.8374285101890564,586.751655292511
FOLD-3-learnls-manifold-nu2-K100-stride4-learnls-bs1.0-bd0.01-bw0.1-knn15-faiss_atlas_weighted-5-randomwalk-ind1000-lr0.05-ep20-lbs10-blend0.8-infl50-rootdissolve-dn3-prune0.9510,fold_3,learnls-manifold-nu2-K100-stride4-learnls-bs1.0-bd0.01-bw0.1-knn15-faiss_atlas_weighted-5-randomwalk-ind1000-lr0.05-ep20-lbs10-blend0.8-infl50-rootdissolve-dn3-prune0.95,manifold,171,Hex2Cer 40:1;O2,Hex2Cer_40-1_O2,0,0.6995816826820374,0.6982285941463516,0.4867930949279789,0.7181465029716492,586.751655292511
FOLD-3-learnls-manifold-nu2-K100-stride4-learnls-bs1.0-bd0.01-bw0.1-knn15-faiss_atlas_weighted-5-randomwalk-ind1000-lr0.05-ep20-lbs10-blend0.8-infl50-rootdissolve-dn3-prune0.9710,fold_3,learnls-manifold-nu2-K100-stride4-learnls-bs1.0-bd0.01-bw0.1-knn15-faiss_atlas_weighted-5-randomwalk-ind1000-lr0.05-ep20-lbs10-blend0.8-infl50-rootdissolve-dn3-prune0.97,manifold,97,PC 35:1 PE 38:1,PC_35-1_PE_38-1,0,0.8777292370796204,0.0885230127360274,-0.0148810689158536,0.9671815633773804,598.3470222473145
FOLD-3-learnls-manifold-nu2-K100-stride4-learnls-bs1.0-bd0.01-bw0.1-knn15-faiss_atlas_weighted-5-randomwalk-ind1000-lr0.05-ep20-lbs10-blend0.8-infl50-rootdissolve-dn3-prune0.9710,fold_3,learnls-manifold-nu2-K100-stride4-learnls-bs1.0-bd0.01-bw0.1-knn15-faiss_atlas_weighted-5-randomwalk-ind1000-lr0.05-ep20-lbs10-blend0.8-infl50-rootdissolve-dn3-prune0.97,manifold,18,PA 36:1,PA_36-1,0,0.8079946637153625,0.4122220760601255,0.163082676793264,0.8748186230659485,598.3470222473145
FOLD-3-learnls-manifold-nu2-K100-stride4-learnls-bs1.0-bd0.01-bw0.1-knn15-faiss_atlas_weighted-5-randomwalk-ind1000-lr0.05-ep20-lbs10-blend0.8-infl50-rootdissolve-dn3-prune0.9710,fold_3,learnls-manifold-nu2-K100-stride4-learnls-bs1.0-bd0.01-bw0.1-knn15-faiss_atlas_weighted-5-randomwalk-ind1000-lr0.05-ep20-lbs10-blend0.8-infl50-rootdissolve-dn3-prune0.97,manifold,57,LPC 22:6,LPC_22-6,0,0.8454120755195618,0.4652808211153914,0.211976927306898,0.847446858882904,598.3470222473145
FOLD-3-learnls-manifold-nu2-K100-stride4-learnls-bs1.0-bd0.01-bw0.1-knn15-faiss_atlas_weighted-5-randomwalk-ind1000-lr0.05-ep20-lbs10-blend0.8-infl50-rootdissolve-dn3-prune0.9710,fold_3,learnls-manifold-nu2-K100-stride4-learnls-bs1.0-bd0.01-bw0.1-knn15-faiss_atlas_weighted-5-randomwalk-ind1000-lr0.05-ep20-lbs10-blend0.8-infl50-rootdissolve-dn3-prune0.97,manifold,86,PE O-36:0 PE O-38:3,PE_O-36-0_PE_O-38-3,0,0.8045329451560974,0.5749897847985066,0.3298493777579352,0.8427203893661499,598.3470222473145
FOLD-3-learnls-manifold-nu2-K100-stride4-learnls-bs1.0-bd0.01-bw0.1-knn15-faiss_atlas_weighted-5-randomwalk-ind1000-lr0.05-ep20-lbs10-blend0.8-infl50-rootdissolve-dn3-prune0.9710,fold_3,learnls-manifold-nu2-K100-stride4-learnls-bs1.0-bd0.01-bw0.1-knn15-faiss_atlas_weighted-5-randomwalk-ind1000-lr0.05-ep20-lbs10-blend0.8-infl50-rootdissolve-dn3-prune0.97,manifold,171,Hex2Cer 40:1;O2,Hex2Cer_40-1_O2,0,0.7038678526878357,0.6935129277669532,0.4804852729914822,0.7236426472663879,598.3470222473145
FOLD-3-learnls-manifold-nu2-K100-stride4-learnls-bs1.0-bd0.01-bw0.1-knn15-faiss_atlas_weighted-5-randomwalk-ind1000-lr0.05-ep20-lbs10-blend0.8-infl50-rootdissolve-dn310,fold_3,learnls-manifold-nu2-K100-stride4-learnls-bs1.0-bd0.01-bw0.1-knn15-faiss_atlas_weighted-5-randomwalk-ind1000-lr0.05-ep20-lbs10-blend0.8-infl50-rootdissolve-dn3,manifold,97,PC 35:1 PE 38:1,PC_35-1_PE_38-1,0,0.8802659511566162,0.0846178133250331,-0.0207557291866906,0.9622761011123656,601.1473106861115
FOLD-3-learnls-manifold-nu2-K100-stride4-learnls-bs1.0-bd0.01-bw0.1-knn15-faiss_atlas_weighted-5-randomwalk-ind1000-lr0.05-ep20-lbs10-blend0.8-infl50-rootdissolve-dn310,fold_3,learnls-manifold-nu2-K100-stride4-learnls-bs1.0-bd0.01-bw0.1-knn15-faiss_atlas_weighted-5-randomwalk-ind1000-lr0.05-ep20-lbs10-blend0.8-infl50-rootdissolve-dn3,manifold,18,PA 36:1,PA_36-1,0,0.8065827488899231,0.416973634974939,0.1660050326776393,0.8728015422821045,601.1473106861115
FOLD-3-learnls-manifold-nu2-K100-stride4-learnls-bs1.0-bd0.01-bw0.1-knn15-faiss_atlas_weighted-5-randomwalk-ind1000-lr0.05-ep20-lbs10-blend0.8-infl50-rootdissolve-dn310,fold_3,learnls-manifold-nu2-K100-stride4-learnls-bs1.0-bd0.01-bw0.1-knn15-faiss_atlas_weighted-5-randomwalk-ind1000-lr0.05-ep20-lbs10-blend0.8-infl50-rootdissolve-dn3,manifold,57,LPC 22:6,LPC_22-6,0,0.8524315357208252,0.4506208761020426,0.1988367812605012,0.8522040843963623,601.1473106861115
FOLD-3-learnls-manifold-nu2-K100-stride4-learnls-bs1.0-bd0.01-bw0.1-knn15-faiss_atlas_weighted-5-randomwalk-ind1000-lr0.05-ep20-lbs10-blend0.8-infl50-rootdissolve-dn310,fold_3,learnls-manifold-nu2-K100-stride4-learnls-bs1.0-bd0.01-bw0.1-knn15-faiss_atlas_weighted-5-randomwalk-ind1000-lr0.05-ep20-lbs10-blend0.8-infl50-rootdissolve-dn3,manifold,86,PE O-36:0 PE O-38:3,PE_O-36-0_PE_O-38-3,0,0.806515634059906,0.5716960156116766,0.3265423192846415,0.8410736322402954,601.1473106861115
FOLD-3-learnls-manifold-nu2-K100-stride4-learnls-bs1.0-bd0.01-bw0.1-knn15-faiss_atlas_weighted-5-randomwalk-ind1000-lr0.05-ep20-lbs10-blend0.8-infl50-rootdissolve-dn310,fold_3,learnls-manifold-nu2-K100-stride4-learnls-bs1.0-bd0.01-bw0.1-knn15-faiss_atlas_weighted-5-randomwalk-ind1000-lr0.05-ep20-lbs10-blend0.8-infl50-rootdissolve-dn3,manifold,171,Hex2Cer 40:1;O2,Hex2Cer_40-1_O2,0,0.7120790481567383,0.6845003494072461,0.4682934651842354,0.7336342334747314,601.1473106861115
FOLD-3-learnls-manifold-nu2-K1300-stride4-learnls-bs1.0-bd0.01-bw0.1-knn15-faiss_atlas_weighted-5-randomwalk-ind1000-lr0.05-ep20-lbs10-blend0.8-infl50-ptls-rootdissolve-dn3-prune0.910,fold_3,learnls-manifold-nu2-K1300-stride4-learnls-bs1.0-bd0.01-bw0.1-knn15-faiss_atlas_weighted-5-randomwalk-ind1000-lr0.05-ep20-lbs10-blend0.8-infl50-ptls-rootdissolve-dn3-prune0.9,manifold,97,PC 35:1 PE 38:1,PC_35-1_PE_38-1,0,0.8776769638061523,0.1398323089255553,-0.0147601711732225,0.9427204132080078,1348.3091062545775
FOLD-3-learnls-manifold-nu2-K1300-stride4-learnls-bs1.0-bd0.01-bw0.1-knn15-faiss_atlas_weighted-5-randomwalk-ind1000-lr0.05-ep20-lbs10-blend0.8-infl50-ptls-rootdissolve-dn3-prune0.910,fold_3,learnls-manifold-nu2-K1300-stride4-learnls-bs1.0-bd0.01-bw0.1-knn15-faiss_atlas_weighted-5-randomwalk-ind1000-lr0.05-ep20-lbs10-blend0.8-infl50-ptls-rootdissolve-dn3-prune0.9,manifold,18,PA 36:1,PA_36-1,0,0.7760747671127319,0.4894684045880244,0.2279015686625277,0.8135014176368713,1348.3091062545775
FOLD-3-learnls-manifold-nu2-K1300-stride4-learnls-bs1.0-bd0.01-bw0.1-knn15-faiss_atlas_weighted-5-randomwalk-ind1000-lr0.05-ep20-lbs10-blend0.8-infl50-ptls-rootdissolve-dn3-prune0.910,fold_3,learnls-manifold-nu2-K1300-stride4-learnls-bs1.0-bd0.01-bw0.1-knn15-faiss_atlas_weighted-5-randomwalk-ind1000-lr0.05-ep20-lbs10-blend0.8-infl50-ptls-rootdissolve-dn3-prune0.9,manifold,57,LPC 22:6,LPC_22-6,0,0.7808815836906433,0.5827069077891875,0.3276856871798416,0.7538794875144958,1348.3091062545775
FOLD-3-learnls-manifold-nu2-K1300-stride4-learnls-bs1.0-bd0.01-bw0.1-knn15-faiss_atlas_weighted-5-randomwalk-ind1000-lr0.05-ep20-lbs10-blend0.8-infl50-ptls-rootdissolve-dn3-prune0.910,fold_3,learnls-manifold-nu2-K1300-stride4-learnls-bs1.0-bd0.01-bw0.1-knn15-faiss_atlas_weighted-5-randomwalk-ind1000-lr0.05-ep20-lbs10-blend0.8-infl50-ptls-rootdissolve-dn3-prune0.9,manifold,86,PE O-36:0 PE O-38:3,PE_O-36-0_PE_O-38-3,0,0.715796947479248,0.6857095268944663,0.4695256002771346,0.7352275252342224,1348.3091062545775
FOLD-3-learnls-manifold-nu2-K1300-stride4-learnls-bs1.0-bd0.01-bw0.1-knn15-faiss_atlas_weighted-5-randomwalk-ind1000-lr0.05-ep20-lbs10-blend0.8-infl50-ptls-rootdissolve-dn3-prune0.910,fold_3,learnls-manifold-nu2-K1300-stride4-learnls-bs1.0-bd0.01-bw0.1-knn15-faiss_atlas_weighted-5-randomwalk-ind1000-lr0.05-ep20-lbs10-blend0.8-infl50-ptls-rootdissolve-dn3-prune0.9,manifold,171,Hex2Cer 40:1;O2,Hex2Cer_40-1_O2,0,0.5945971012115479,0.7939686208670592,0.6292670338594262,0.5928729772567749,1348.3091062545775
FOLD-3-learnls-manifold-nu2-K1300-stride4-learnls-bs1.0-bd0.01-bw0.1-knn15-faiss_atlas_weighted-5-randomwalk-ind1000-lr0.05-ep20-lbs10-blend0.8-infl50-ptls-rootdissolve-dn3-prune0.9510,fold_3,learnls-manifold-nu2-K1300-stride4-learnls-bs1.0-bd0.01-bw0.1-knn15-faiss_atlas_weighted-5-randomwalk-ind1000-lr0.05-ep20-lbs10-blend0.8-infl50-ptls-rootdissolve-dn3-prune0.95,manifold,97,PC 35:1 PE 38:1,PC_35-1_PE_38-1,0,0.8778530359268188,0.1380455519202524,-0.01516734341406,0.9429028630256652,1321.1514285087585
FOLD-3-learnls-manifold-nu2-K1300-stride4-learnls-bs1.0-bd0.01-bw0.1-knn15-faiss_atlas_weighted-5-randomwalk-ind1000-lr0.05-ep20-lbs10-blend0.8-infl50-ptls-rootdissolve-dn3-prune0.9510,fold_3,learnls-manifold-nu2-K1300-stride4-learnls-bs1.0-bd0.01-bw0.1-knn15-faiss_atlas_weighted-5-randomwalk-ind1000-lr0.05-ep20-lbs10-blend0.8-infl50-ptls-rootdissolve-dn3-prune0.95,manifold,18,PA 36:1,PA_36-1,0,0.7753151059150696,0.4898413844683622,0.2294123044006747,0.8155670166015625,1321.1514285087585
FOLD-3-learnls-manifold-nu2-K1300-stride4-learnls-bs1.0-bd0.01-bw0.1-knn15-faiss_atlas_weighted-5-randomwalk-ind1000-lr0.05-ep20-lbs10-blend0.8-infl50-ptls-rootdissolve-dn3-prune0.9510,fold_3,learnls-manifold-nu2-K1300-stride4-learnls-bs1.0-bd0.01-bw0.1-knn15-faiss_atlas_weighted-5-randomwalk-ind1000-lr0.05-ep20-lbs10-blend0.8-infl50-ptls-rootdissolve-dn3-prune0.95,manifold,57,LPC 22:6,LPC_22-6,0,0.7817529439926147,0.5807062474947173,0.3261844116451378,0.7546833753585815,1321.1514285087585
FOLD-3-learnls-manifold-nu2-K1300-stride4-learnls-bs1.0-bd0.01-bw0.1-knn15-faiss_atlas_weighted-5-randomwalk-ind1000-lr0.05-ep20-lbs10-blend0.8-infl50-ptls-rootdissolve-dn3-prune0.9510,fold_3,learnls-manifold-nu2-K1300-stride4-learnls-bs1.0-bd0.01-bw0.1-knn15-faiss_atlas_weighted-5-randomwalk-ind1000-lr0.05-ep20-lbs10-blend0.8-infl50-ptls-rootdissolve-dn3-prune0.95,manifold,86,PE O-36:0 PE O-38:3,PE_O-36-0_PE_O-38-3,0,0.7186843752861023,0.6826186805198381,0.4652373021320067,0.7364562153816223,1321.1514285087585
FOLD-3-learnls-manifold-nu2-K1300-stride4-learnls-bs1.0-bd0.01-bw0.1-knn15-faiss_atlas_weighted-5-randomwalk-ind1000-lr0.05-ep20-lbs10-blend0.8-infl50-ptls-rootdissolve-dn3-prune0.9510,fold_3,learnls-manifold-nu2-K1300-stride4-learnls-bs1.0-bd0.01-bw0.1-knn15-faiss_atlas_weighted-5-randomwalk-ind1000-lr0.05-ep20-lbs10-blend0.8-infl50-ptls-rootdissolve-dn3-prune0.95,manifold,171,Hex2Cer 40:1;O2,Hex2Cer_40-1_O2,0,0.5964797735214233,0.7926535606243008,0.6269156429690107,0.596803605556488,1321.1514285087585
FOLD-3-learnls-manifold-nu2-K1300-stride4-learnls-bs1.0-bd0.01-bw0.1-knn15-faiss_atlas_weighted-5-randomwalk-ind1000-lr0.05-ep20-lbs10-blend0.8-infl50-ptls-rootdissolve-dn3-prune0.9710,fold_3,learnls-manifold-nu2-K1300-stride4-learnls-bs1.0-bd0.01-bw0.1-knn15-faiss_atlas_weighted-5-randomwalk-ind1000-lr0.05-ep20-lbs10-blend0.8-infl50-ptls-rootdissolve-dn3-prune0.97,manifold,97,PC 35:1 PE 38:1,PC_35-1_PE_38-1,0,0.8777164220809937,0.1363323997600805,-0.0148513768088083,0.943810760974884,1337.0241352558137
FOLD-3-learnls-manifold-nu2-K1300-stride4-learnls-bs1.0-bd0.01-bw0.1-knn15-faiss_atlas_weighted-5-randomwalk-ind1000-lr0.05-ep20-lbs10-blend0.8-infl50-ptls-rootdissolve-dn3-prune0.9710,fold_3,learnls-manifold-nu2-K1300-stride4-learnls-bs1.0-bd0.01-bw0.1-knn15-faiss_atlas_weighted-5-randomwalk-ind1000-lr0.05-ep20-lbs10-blend0.8-infl50-ptls-rootdissolve-dn3-prune0.97,manifold,18,PA 36:1,PA_36-1,0,0.7754864692687988,0.4890298371995758,0.229071673696276,0.8167240023612976,1337.0241352558137
FOLD-3-learnls-manifold-nu2-K1300-stride4-learnls-bs1.0-bd0.01-bw0.1-knn15-faiss_atlas_weighted-5-randomwalk-ind1000-lr0.05-ep20-lbs10-blend0.8-infl50-ptls-rootdissolve-dn3-prune0.9710,fold_3,learnls-manifold-nu2-K1300-stride4-learnls-bs1.0-bd0.01-bw0.1-knn15-faiss_atlas_weighted-5-randomwalk-ind1000-lr0.05-ep20-lbs10-blend0.8-infl50-ptls-rootdissolve-dn3-prune0.97,manifold,57,LPC 22:6,LPC_22-6,0,0.7824458479881287,0.5795941760817819,0.3249893713692112,0.755325436592102,1337.0241352558137
FOLD-3-learnls-manifold-nu2-K1300-stride4-learnls-bs1.0-bd0.01-bw0.1-knn15-faiss_atlas_weighted-5-randomwalk-ind1000-lr0.05-ep20-lbs10-blend0.8-infl50-ptls-rootdissolve-dn3-prune0.9710,fold_3,learnls-manifold-nu2-K1300-stride4-learnls-bs1.0-bd0.01-bw0.1-knn15-faiss_atlas_weighted-5-randomwalk-ind1000-lr0.05-ep20-lbs10-blend0.8-infl50-ptls-rootdissolve-dn3-prune0.97,manifold,86,PE O-36:0 PE O-38:3,PE_O-36-0_PE_O-38-3,0,0.7193101048469543,0.6820477043974631,0.4643057101752341,0.7373452186584473,1337.0241352558137
FOLD-3-learnls-manifold-nu2-K1300-stride4-learnls-bs1.0-bd0.01-bw0.1-knn15-faiss_atlas_weighted-5-randomwalk-ind1000-lr0.05-ep20-lbs10-blend0.8-infl50-ptls-rootdissolve-dn3-prune0.9710,fold_3,learnls-manifold-nu2-K1300-stride4-learnls-bs1.0-bd0.01-bw0.1-knn15-faiss_atlas_weighted-5-randomwalk-ind1000-lr0.05-ep20-lbs10-blend0.8-infl50-ptls-rootdissolve-dn3-prune0.97,manifold,171,Hex2Cer 40:1;O2,Hex2Cer_40-1_O2,0,0.5984796285629272,0.791130493941638,0.6244096569084243,0.5986070036888123,1337.0241352558137
FOLD-3-learnls-manifold-nu2-K1300-stride4-learnls-bs1.0-bd0.01-bw0.1-knn15-faiss_atlas_weighted-5-randomwalk-ind1000-lr0.05-ep20-lbs10-blend0.8-infl50-ptls-rootdissolve-dn310,fold_3,learnls-manifold-nu2-K1300-stride4-learnls-bs1.0-bd0.01-bw0.1-knn15-faiss_atlas_weighted-5-randomwalk-ind1000-lr0.05-ep20-lbs10-blend0.8-infl50-ptls-rootdissolve-dn3,manifold,97,PC 35:1 PE 38:1,PC_35-1_PE_38-1,0,0.8770724534988403,0.1442329026217868,-0.0133627494181352,0.9436548352241516,2805.682429075241
FOLD-3-learnls-manifold-nu2-K1300-stride4-learnls-bs1.0-bd0.01-bw0.1-knn15-faiss_atlas_weighted-5-randomwalk-ind1000-lr0.05-ep20-lbs10-blend0.8-infl50-ptls-rootdissolve-dn310,fold_3,learnls-manifold-nu2-K1300-stride4-learnls-bs1.0-bd0.01-bw0.1-knn15-faiss_atlas_weighted-5-randomwalk-ind1000-lr0.05-ep20-lbs10-blend0.8-infl50-ptls-rootdissolve-dn3,manifold,18,PA 36:1,PA_36-1,0,0.7749998569488525,0.4907069366693757,0.2300388853145112,0.8148797750473022,2805.682429075241
FOLD-3-learnls-manifold-nu2-K1300-stride4-learnls-bs1.0-bd0.01-bw0.1-knn15-faiss_atlas_weighted-5-randomwalk-ind1000-lr0.05-ep20-lbs10-blend0.8-infl50-ptls-rootdissolve-dn310,fold_3,learnls-manifold-nu2-K1300-stride4-learnls-bs1.0-bd0.01-bw0.1-knn15-faiss_atlas_weighted-5-randomwalk-ind1000-lr0.05-ep20-lbs10-blend0.8-infl50-ptls-rootdissolve-dn3,manifold,57,LPC 22:6,LPC_22-6,0,0.7835149168968201,0.5783814034717516,0.3231435935445251,0.7583486437797546,2805.682429075241
FOLD-3-learnls-manifold-nu2-K1300-stride4-learnls-bs1.0-bd0.01-bw0.1-knn15-faiss_atlas_weighted-5-randomwalk-ind1000-lr0.05-ep20-lbs10-blend0.8-infl50-ptls-rootdissolve-dn310,fold_3,learnls-manifold-nu2-K1300-stride4-learnls-bs1.0-bd0.01-bw0.1-knn15-faiss_atlas_weighted-5-randomwalk-ind1000-lr0.05-ep20-lbs10-blend0.8-infl50-ptls-rootdissolve-dn3,manifold,86,PE O-36:0 PE O-38:3,PE_O-36-0_PE_O-38-3,0,0.7197162508964539,0.6816727909392508,0.4637005472963286,0.7367650866508484,2805.682429075241
FOLD-3-learnls-manifold-nu2-K1300-stride4-learnls-bs1.0-bd0.01-bw0.1-knn15-faiss_atlas_weighted-5-randomwalk-ind1000-lr0.05-ep20-lbs10-blend0.8-infl50-ptls-rootdissolve-dn310,fold_3,learnls-manifold-nu2-K1300-stride4-learnls-bs1.0-bd0.01-bw0.1-knn15-faiss_atlas_weighted-5-randomwalk-ind1000-lr0.05-ep20-lbs10-blend0.8-infl50-ptls-rootdissolve-dn3,manifold,171,Hex2Cer 40:1;O2,Hex2Cer_40-1_O2,0,0.5966725945472717,0.7924112510393281,0.6266743925801098,0.5935399532318115,2805.682429075241
FOLD-3-learnls-manifold-nu2-K1300-stride4-learnls-bs1.0-bd0.01-bw0.1-knn15-faiss_atlas_weighted-5-randomwalk-ind1000-lr0.05-ep20-lbs10-blend0.8-infl50-rootdissolve-dn3-prune0.910,fold_3,learnls-manifold-nu2-K1300-stride4-learnls-bs1.0-bd0.01-bw0.1-knn15-faiss_atlas_weighted-5-randomwalk-ind1000-lr0.05-ep20-lbs10-blend0.8-infl50-rootdissolve-dn3-prune0.9,manifold,97,PC 35:1 PE 38:1,PC_35-1_PE_38-1,0,0.8774121403694153,0.1408005031627932,-0.0141479932690005,0.9409888982772828,1602.3791280269622
FOLD-3-learnls-manifold-nu2-K1300-stride4-learnls-bs1.0-bd0.01-bw0.1-knn15-faiss_atlas_weighted-5-randomwalk-ind1000-lr0.05-ep20-lbs10-blend0.8-infl50-rootdissolve-dn3-prune0.910,fold_3,learnls-manifold-nu2-K1300-stride4-learnls-bs1.0-bd0.01-bw0.1-knn15-faiss_atlas_weighted-5-randomwalk-ind1000-lr0.05-ep20-lbs10-blend0.8-infl50-rootdissolve-dn3-prune0.9,manifold,18,PA 36:1,PA_36-1,0,0.7763462066650391,0.4895756026054673,0.2273613253723136,0.8125759959220886,1602.3791280269622
FOLD-3-learnls-manifold-nu2-K1300-stride4-learnls-bs1.0-bd0.01-bw0.1-knn15-faiss_atlas_weighted-5-randomwalk-ind1000-lr0.05-ep20-lbs10-blend0.8-infl50-rootdissolve-dn3-prune0.910,fold_3,learnls-manifold-nu2-K1300-stride4-learnls-bs1.0-bd0.01-bw0.1-knn15-faiss_atlas_weighted-5-randomwalk-ind1000-lr0.05-ep20-lbs10-blend0.8-infl50-rootdissolve-dn3-prune0.9,manifold,57,LPC 22:6,LPC_22-6,0,0.7811234593391418,0.5826095088672965,0.3272691062385855,0.7539803385734558,1602.3791280269622
FOLD-3-learnls-manifold-nu2-K1300-stride4-learnls-bs1.0-bd0.01-bw0.1-knn15-faiss_atlas_weighted-5-randomwalk-ind1000-lr0.05-ep20-lbs10-blend0.8-infl50-rootdissolve-dn3-prune0.910,fold_3,learnls-manifold-nu2-K1300-stride4-learnls-bs1.0-bd0.01-bw0.1-knn15-faiss_atlas_weighted-5-randomwalk-ind1000-lr0.05-ep20-lbs10-blend0.8-infl50-rootdissolve-dn3-prune0.9,manifold,86,PE O-36:0 PE O-38:3,PE_O-36-0_PE_O-38-3,0,0.7158294916152954,0.6857279399140945,0.4694773471608108,0.7346022725105286,1602.3791280269622
FOLD-3-learnls-manifold-nu2-K1300-stride4-learnls-bs1.0-bd0.01-bw0.1-knn15-faiss_atlas_weighted-5-randomwalk-ind1000-lr0.05-ep20-lbs10-blend0.8-infl50-rootdissolve-dn3-prune0.910,fold_3,learnls-manifold-nu2-K1300-stride4-learnls-bs1.0-bd0.01-bw0.1-knn15-faiss_atlas_weighted-5-randomwalk-ind1000-lr0.05-ep20-lbs10-blend0.8-infl50-rootdissolve-dn3-prune0.9,manifold,171,Hex2Cer 40:1;O2,Hex2Cer_40-1_O2,0,0.5946937799453735,0.793888680046006,0.6291464557474091,0.5934452414512634,1602.3791280269622
FOLD-3-learnls-manifold-nu2-K1300-stride4-learnls-bs1.0-bd0.01-bw0.1-knn15-faiss_atlas_weighted-5-randomwalk-ind1000-lr0.05-ep20-lbs10-blend0.8-infl50-rootdissolve-dn3-prune0.9510,fold_3,learnls-manifold-nu2-K1300-stride4-learnls-bs1.0-bd0.01-bw0.1-knn15-faiss_atlas_weighted-5-randomwalk-ind1000-lr0.05-ep20-lbs10-blend0.8-infl50-rootdissolve-dn3-prune0.95,manifold,97,PC 35:1 PE 38:1,PC_35-1_PE_38-1,0,0.8776053786277771,0.1386053233139762,-0.0145946761224,0.9417903423309326,862.5353046894073
FOLD-3-learnls-manifold-nu2-K1300-stride4-learnls-bs1.0-bd0.01-bw0.1-knn15-faiss_atlas_weighted-5-randomwalk-ind1000-lr0.05-ep20-lbs10-blend0.8-infl50-rootdissolve-dn3-prune0.9510,fold_3,learnls-manifold-nu2-K1300-stride4-learnls-bs1.0-bd0.01-bw0.1-knn15-faiss_atlas_weighted-5-randomwalk-ind1000-lr0.05-ep20-lbs10-blend0.8-infl50-rootdissolve-dn3-prune0.95,manifold,18,PA 36:1,PA_36-1,0,0.7758789658546448,0.489552366574297,0.2282911240203126,0.8152218461036682,862.5353046894073
FOLD-3-learnls-manifold-nu2-K1300-stride4-learnls-bs1.0-bd0.01-bw0.1-knn15-faiss_atlas_weighted-5-randomwalk-ind1000-lr0.05-ep20-lbs10-blend0.8-infl50-rootdissolve-dn3-prune0.9510,fold_3,learnls-manifold-nu2-K1300-stride4-learnls-bs1.0-bd0.01-bw0.1-knn15-faiss_atlas_weighted-5-randomwalk-ind1000-lr0.05-ep20-lbs10-blend0.8-infl50-rootdissolve-dn3-prune0.95,manifold,57,LPC 22:6,LPC_22-6,0,0.781777024269104,0.5808906976365455,0.3261428278078644,0.7552356719970703,862.5353046894073
FOLD-3-learnls-manifold-nu2-K1300-stride4-learnls-bs1.0-bd0.01-bw0.1-knn15-faiss_atlas_weighted-5-randomwalk-ind1000-lr0.05-ep20-lbs10-blend0.8-infl50-rootdissolve-dn3-prune0.9510,fold_3,learnls-manifold-nu2-K1300-stride4-learnls-bs1.0-bd0.01-bw0.1-knn15-faiss_atlas_weighted-5-randomwalk-ind1000-lr0.05-ep20-lbs10-blend0.8-infl50-rootdissolve-dn3-prune0.95,manifold,86,PE O-36:0 PE O-38:3,PE_O-36-0_PE_O-38-3,0,0.7188495993614197,0.6826359178406461,0.4649913414013039,0.7365825176239014,862.5353046894073
FOLD-3-learnls-manifold-nu2-K1300-stride4-learnls-bs1.0-bd0.01-bw0.1-knn15-faiss_atlas_weighted-5-randomwalk-ind1000-lr0.05-ep20-lbs10-blend0.8-infl50-rootdissolve-dn3-prune0.9510,fold_3,learnls-manifold-nu2-K1300-stride4-learnls-bs1.0-bd0.01-bw0.1-knn15-faiss_atlas_weighted-5-randomwalk-ind1000-lr0.05-ep20-lbs10-blend0.8-infl50-rootdissolve-dn3-prune0.95,manifold,171,Hex2Cer 40:1;O2,Hex2Cer_40-1_O2,0,0.5966365933418274,0.7925466597857727,0.6267194269276867,0.5980993509292603,862.5353046894073
FOLD-3-learnls-manifold-nu2-K1300-stride4-learnls-bs1.0-bd0.01-bw0.1-knn15-faiss_atlas_weighted-5-randomwalk-ind1000-lr0.05-ep20-lbs10-blend0.8-infl50-rootdissolve-dn3-prune0.9710,fold_3,learnls-manifold-nu2-K1300-stride4-learnls-bs1.0-bd0.01-bw0.1-knn15-faiss_atlas_weighted-5-randomwalk-ind1000-lr0.05-ep20-lbs10-blend0.8-infl50-rootdissolve-dn3-prune0.97,manifold,97,PC 35:1 PE 38:1,PC_35-1_PE_38-1,0,0.8778293132781982,0.1361166125545646,-0.0151124544193625,0.9437785744667052,938.5620418548584
FOLD-3-learnls-manifold-nu2-K1300-stride4-learnls-bs1.0-bd0.01-bw0.1-knn15-faiss_atlas_weighted-5-randomwalk-ind1000-lr0.05-ep20-lbs10-blend0.8-infl50-rootdissolve-dn3-prune0.9710,fold_3,learnls-manifold-nu2-K1300-stride4-learnls-bs1.0-bd0.01-bw0.1-knn15-faiss_atlas_weighted-5-randomwalk-ind1000-lr0.05-ep20-lbs10-blend0.8-infl50-rootdissolve-dn3-prune0.97,manifold,18,PA 36:1,PA_36-1,0,0.7758750915527344,0.4888157272468006,0.2282988368480228,0.8166595697402954,938.5620418548584
FOLD-3-learnls-manifold-nu2-K1300-stride4-learnls-bs1.0-bd0.01-bw0.1-knn15-faiss_atlas_weighted-5-randomwalk-ind1000-lr0.05-ep20-lbs10-blend0.8-infl50-rootdissolve-dn3-prune0.9710,fold_3,learnls-manifold-nu2-K1300-stride4-learnls-bs1.0-bd0.01-bw0.1-knn15-faiss_atlas_weighted-5-randomwalk-ind1000-lr0.05-ep20-lbs10-blend0.8-infl50-rootdissolve-dn3-prune0.97,manifold,57,LPC 22:6,LPC_22-6,0,0.7822946906089783,0.5798448570278019,0.325250210938965,0.7556246519088745,938.5620418548584
FOLD-3-learnls-manifold-nu2-K1300-stride4-learnls-bs1.0-bd0.01-bw0.1-knn15-faiss_atlas_weighted-5-randomwalk-ind1000-lr0.05-ep20-lbs10-blend0.8-infl50-rootdissolve-dn3-prune0.9710,fold_3,learnls-manifold-nu2-K1300-stride4-learnls-bs1.0-bd0.01-bw0.1-knn15-faiss_atlas_weighted-5-randomwalk-ind1000-lr0.05-ep20-lbs10-blend0.8-infl50-rootdissolve-dn3-prune0.97,manifold,86,PE O-36:0 PE O-38:3,PE_O-36-0_PE_O-38-3,0,0.719376266002655,0.6821569717122337,0.4642071585311045,0.737281322479248,938.5620418548584
FOLD-3-learnls-manifold-nu2-K1300-stride4-learnls-bs1.0-bd0.01-bw0.1-knn15-faiss_atlas_weighted-5-randomwalk-ind1000-lr0.05-ep20-lbs10-blend0.8-infl50-rootdissolve-dn3-prune0.9710,fold_3,learnls-manifold-nu2-K1300-stride4-learnls-bs1.0-bd0.01-bw0.1-knn15-faiss_atlas_weighted-5-randomwalk-ind1000-lr0.05-ep20-lbs10-blend0.8-infl50-rootdissolve-dn3-prune0.97,manifold,171,Hex2Cer 40:1;O2,Hex2Cer_40-1_O2,0,0.5988940000534058,0.7908691717014742,0.6238894431014441,0.5996653437614441,938.5620418548584
FOLD-3-learnls-manifold-nu2-K1300-stride4-learnls-bs1.0-bd0.01-bw0.1-knn15-faiss_atlas_weighted-5-randomwalk-ind1000-lr0.05-ep20-lbs10-blend0.8-infl50-rootdissolve-dn310,fold_3,learnls-manifold-nu2-K1300-stride4-learnls-bs1.0-bd0.01-bw0.1-knn15-faiss_atlas_weighted-5-randomwalk-ind1000-lr0.05-ep20-lbs10-blend0.8-infl50-rootdissolve-dn3,manifold,97,PC 35:1 PE 38:1,PC_35-1_PE_38-1,0,0.8762039542198181,0.1466744271897083,-0.0113569352067357,0.9418489933013916,1128.071349954605
FOLD-3-learnls-manifold-nu2-K1300-stride4-learnls-bs1.0-bd0.01-bw0.1-knn15-faiss_atlas_weighted-5-randomwalk-ind1000-lr0.05-ep20-lbs10-blend0.8-infl50-rootdissolve-dn310,fold_3,learnls-manifold-nu2-K1300-stride4-learnls-bs1.0-bd0.01-bw0.1-knn15-faiss_atlas_weighted-5-randomwalk-ind1000-lr0.05-ep20-lbs10-blend0.8-infl50-rootdissolve-dn3,manifold,18,PA 36:1,PA_36-1,0,0.7755205035209656,0.4904790091943092,0.2290040425577716,0.814078688621521,1128.071349954605
FOLD-3-learnls-manifold-nu2-K1300-stride4-learnls-bs1.0-bd0.01-bw0.1-knn15-faiss_atlas_weighted-5-randomwalk-ind1000-lr0.05-ep20-lbs10-blend0.8-infl50-rootdissolve-dn310,fold_3,learnls-manifold-nu2-K1300-stride4-learnls-bs1.0-bd0.01-bw0.1-knn15-faiss_atlas_weighted-5-randomwalk-ind1000-lr0.05-ep20-lbs10-blend0.8-infl50-rootdissolve-dn3,manifold,57,LPC 22:6,LPC_22-6,0,0.7836880683898926,0.5785923862442995,0.3228443384298616,0.7579805850982666,1128.071349954605
FOLD-3-learnls-manifold-nu2-K1300-stride4-learnls-bs1.0-bd0.01-bw0.1-knn15-faiss_atlas_weighted-5-randomwalk-ind1000-lr0.05-ep20-lbs10-blend0.8-infl50-rootdissolve-dn310,fold_3,learnls-manifold-nu2-K1300-stride4-learnls-bs1.0-bd0.01-bw0.1-knn15-faiss_atlas_weighted-5-randomwalk-ind1000-lr0.05-ep20-lbs10-blend0.8-infl50-rootdissolve-dn3,manifold,86,PE O-36:0 PE O-38:3,PE_O-36-0_PE_O-38-3,0,0.7197360992431641,0.6818343407100372,0.4636709353164651,0.7361075282096863,1128.071349954605
FOLD-3-learnls-manifold-nu2-K1300-stride4-learnls-bs1.0-bd0.01-bw0.1-knn15-faiss_atlas_weighted-5-randomwalk-ind1000-lr0.05-ep20-lbs10-blend0.8-infl50-rootdissolve-dn310,fold_3,learnls-manifold-nu2-K1300-stride4-learnls-bs1.0-bd0.01-bw0.1-knn15-faiss_atlas_weighted-5-randomwalk-ind1000-lr0.05-ep20-lbs10-blend0.8-infl50-rootdissolve-dn3,manifold,171,Hex2Cer 40:1;O2,Hex2Cer_40-1_O2,0,0.5969507098197937,0.7922623038944784,0.626326217984887,0.5941513180732727,1128.071349954605
FOLD-3-learnls-manifold-nu2-K300-stride4-learnls-bs1.0-bd0.01-bw0.1-knn15-faiss_atlas_weighted-5-randomwalk-ind1000-lr0.05-ep20-lbs10-blend0.8-infl50-ptls-rootdissolve-dn3-prune0.910,fold_3,learnls-manifold-nu2-K300-stride4-learnls-bs1.0-bd0.01-bw0.1-knn15-faiss_atlas_weighted-5-randomwalk-ind1000-lr0.05-ep20-lbs10-blend0.8-infl50-ptls-rootdissolve-dn3-prune0.9,manifold,97,PC 35:1 PE 38:1,PC_35-1_PE_38-1,0,0.8829953670501709,0.0911043162748716,-0.0270956446647365,0.9564115405082704,1102.9767448425291
FOLD-3-learnls-manifold-nu2-K300-stride4-learnls-bs1.0-bd0.01-bw0.1-knn15-faiss_atlas_weighted-5-randomwalk-ind1000-lr0.05-ep20-lbs10-blend0.8-infl50-ptls-rootdissolve-dn3-prune0.910,fold_3,learnls-manifold-nu2-K300-stride4-learnls-bs1.0-bd0.01-bw0.1-knn15-faiss_atlas_weighted-5-randomwalk-ind1000-lr0.05-ep20-lbs10-blend0.8-infl50-ptls-rootdissolve-dn3-prune0.9,manifold,18,PA 36:1,PA_36-1,0,0.7943140864372253,0.4480076388599797,0.191183386062598,0.8441320061683655,1102.9767448425291
FOLD-3-learnls-manifold-nu2-K300-stride4-learnls-bs1.0-bd0.01-bw0.1-knn15-faiss_atlas_weighted-5-randomwalk-ind1000-lr0.05-ep20-lbs10-blend0.8-infl50-ptls-rootdissolve-dn3-prune0.910,fold_3,learnls-manifold-nu2-K300-stride4-learnls-bs1.0-bd0.01-bw0.1-knn15-faiss_atlas_weighted-5-randomwalk-ind1000-lr0.05-ep20-lbs10-blend0.8-infl50-ptls-rootdissolve-dn3-prune0.9,manifold,57,LPC 22:6,LPC_22-6,0,0.8094416856765747,0.5329123518083861,0.2776076580794723,0.7940995693206787,1102.9767448425291
FOLD-3-learnls-manifold-nu2-K300-stride4-learnls-bs1.0-bd0.01-bw0.1-knn15-faiss_atlas_weighted-5-randomwalk-ind1000-lr0.05-ep20-lbs10-blend0.8-infl50-ptls-rootdissolve-dn3-prune0.910,fold_3,learnls-manifold-nu2-K300-stride4-learnls-bs1.0-bd0.01-bw0.1-knn15-faiss_atlas_weighted-5-randomwalk-ind1000-lr0.05-ep20-lbs10-blend0.8-infl50-ptls-rootdissolve-dn3-prune0.9,manifold,86,PE O-36:0 PE O-38:3,PE_O-36-0_PE_O-38-3,0,0.7506493330001831,0.6458162494293154,0.4166100614534582,0.7785414457321167,1102.9767448425291
FOLD-3-learnls-manifold-nu2-K300-stride4-learnls-bs1.0-bd0.01-bw0.1-knn15-faiss_atlas_weighted-5-randomwalk-ind1000-lr0.05-ep20-lbs10-blend0.8-infl50-ptls-rootdissolve-dn3-prune0.910,fold_3,learnls-manifold-nu2-K300-stride4-learnls-bs1.0-bd0.01-bw0.1-knn15-faiss_atlas_weighted-5-randomwalk-ind1000-lr0.05-ep20-lbs10-blend0.8-infl50-ptls-rootdissolve-dn3-prune0.9,manifold,171,Hex2Cer 40:1;O2,Hex2Cer_40-1_O2,0,0.6379934549331665,0.75715392069439,0.5731767892643012,0.644903838634491,1102.9767448425291
FOLD-3-learnls-manifold-nu2-K300-stride4-learnls-bs1.0-bd0.01-bw0.1-knn15-faiss_atlas_weighted-5-randomwalk-ind1000-lr0.05-ep20-lbs10-blend0.8-infl50-ptls-rootdissolve-dn3-prune0.9510,fold_3,learnls-manifold-nu2-K300-stride4-learnls-bs1.0-bd0.01-bw0.1-knn15-faiss_atlas_weighted-5-randomwalk-ind1000-lr0.05-ep20-lbs10-blend0.8-infl50-ptls-rootdissolve-dn3-prune0.95,manifold,97,PC 35:1 PE 38:1,PC_35-1_PE_38-1,0,0.8818727135658264,0.0958253546875025,-0.0244855783306765,0.9576016664505004,1681.606248426437
FOLD-3-learnls-manifold-nu2-K300-stride4-learnls-bs1.0-bd0.01-bw0.1-knn15-faiss_atlas_weighted-5-randomwalk-ind1000-lr0.05-ep20-lbs10-blend0.8-infl50-ptls-rootdissolve-dn3-prune0.9510,fold_3,learnls-manifold-nu2-K300-stride4-learnls-bs1.0-bd0.01-bw0.1-knn15-faiss_atlas_weighted-5-randomwalk-ind1000-lr0.05-ep20-lbs10-blend0.8-infl50-ptls-rootdissolve-dn3-prune0.95,manifold,18,PA 36:1,PA_36-1,0,0.7954064011573792,0.4463544679633922,0.1889572567751147,0.8489587306976318,1681.606248426437
FOLD-3-learnls-manifold-nu2-K300-stride4-learnls-bs1.0-bd0.01-bw0.1-knn15-faiss_atlas_weighted-5-randomwalk-ind1000-lr0.05-ep20-lbs10-blend0.8-infl50-ptls-rootdissolve-dn3-prune0.9510,fold_3,learnls-manifold-nu2-K300-stride4-learnls-bs1.0-bd0.01-bw0.1-knn15-faiss_atlas_weighted-5-randomwalk-ind1000-lr0.05-ep20-lbs10-blend0.8-infl50-ptls-rootdissolve-dn3-prune0.95,manifold,57,LPC 22:6,LPC_22-6,0,0.8146879076957703,0.5236722841021528,0.2682131761754711,0.8005577325820923,1681.606248426437
FOLD-3-learnls-manifold-nu2-K300-stride4-learnls-bs1.0-bd0.01-bw0.1-knn15-faiss_atlas_weighted-5-randomwalk-ind1000-lr0.05-ep20-lbs10-blend0.8-infl50-ptls-rootdissolve-dn3-prune0.9510,fold_3,learnls-manifold-nu2-K300-stride4-learnls-bs1.0-bd0.01-bw0.1-knn15-faiss_atlas_weighted-5-randomwalk-ind1000-lr0.05-ep20-lbs10-blend0.8-infl50-ptls-rootdissolve-dn3-prune0.95,manifold,86,PE O-36:0 PE O-38:3,PE_O-36-0_PE_O-38-3,0,0.7586063742637634,0.6358395514166361,0.4041764234343908,0.7898480892181396,1681.606248426437
FOLD-3-learnls-manifold-nu2-K300-stride4-learnls-bs1.0-bd0.01-bw0.1-knn15-faiss_atlas_weighted-5-randomwalk-ind1000-lr0.05-ep20-lbs10-blend0.8-infl50-ptls-rootdissolve-dn3-prune0.9510,fold_3,learnls-manifold-nu2-K300-stride4-learnls-bs1.0-bd0.01-bw0.1-knn15-faiss_atlas_weighted-5-randomwalk-ind1000-lr0.05-ep20-lbs10-blend0.8-infl50-ptls-rootdissolve-dn3-prune0.95,manifold,171,Hex2Cer 40:1;O2,Hex2Cer_40-1_O2,0,0.6474701166152954,0.7486994339774272,0.5604026659203787,0.6576321721076965,1681.606248426437
FOLD-3-learnls-manifold-nu2-K300-stride4-learnls-bs1.0-bd0.01-bw0.1-knn15-faiss_atlas_weighted-5-randomwalk-ind1000-lr0.05-ep20-lbs10-blend0.8-infl50-ptls-rootdissolve-dn3-prune0.9710,fold_3,learnls-manifold-nu2-K300-stride4-learnls-bs1.0-bd0.01-bw0.1-knn15-faiss_atlas_weighted-5-randomwalk-ind1000-lr0.05-ep20-lbs10-blend0.8-infl50-ptls-rootdissolve-dn3-prune0.97,manifold,97,PC 35:1 PE 38:1,PC_35-1_PE_38-1,0,0.8818625807762146,0.0937455564931698,-0.0244620375764852,0.9594563245773317,1096.829306793213
FOLD-3-learnls-manifold-nu2-K300-stride4-learnls-bs1.0-bd0.01-bw0.1-knn15-faiss_atlas_weighted-5-randomwalk-ind1000-lr0.05-ep20-lbs10-blend0.8-infl50-ptls-rootdissolve-dn3-prune0.9710,fold_3,learnls-manifold-nu2-K300-stride4-learnls-bs1.0-bd0.01-bw0.1-knn15-faiss_atlas_weighted-5-randomwalk-ind1000-lr0.05-ep20-lbs10-blend0.8-infl50-ptls-rootdissolve-dn3-prune0.97,manifold,18,PA 36:1,PA_36-1,0,0.7959747314453125,0.4444140739742995,0.1877978576066957,0.8515967726707458,1096.829306793213
FOLD-3-learnls-manifold-nu2-K300-stride4-learnls-bs1.0-bd0.01-bw0.1-knn15-faiss_atlas_weighted-5-randomwalk-ind1000-lr0.05-ep20-lbs10-blend0.8-infl50-ptls-rootdissolve-dn3-prune0.9710,fold_3,learnls-manifold-nu2-K300-stride4-learnls-bs1.0-bd0.01-bw0.1-knn15-faiss_atlas_weighted-5-randomwalk-ind1000-lr0.05-ep20-lbs10-blend0.8-infl50-ptls-rootdissolve-dn3-prune0.97,manifold,57,LPC 22:6,LPC_22-6,0,0.8173871040344238,0.518680308141689,0.2633562334865137,0.8097855448722839,1096.829306793213
FOLD-3-learnls-manifold-nu2-K300-stride4-learnls-bs1.0-bd0.01-bw0.1-knn15-faiss_atlas_weighted-5-randomwalk-ind1000-lr0.05-ep20-lbs10-blend0.8-infl50-ptls-rootdissolve-dn3-prune0.9710,fold_3,learnls-manifold-nu2-K300-stride4-learnls-bs1.0-bd0.01-bw0.1-knn15-faiss_atlas_weighted-5-randomwalk-ind1000-lr0.05-ep20-lbs10-blend0.8-infl50-ptls-rootdissolve-dn3-prune0.97,manifold,86,PE O-36:0 PE O-38:3,PE_O-36-0_PE_O-38-3,0,0.761355996131897,0.6323484130752417,0.3998493089577308,0.7968799471855164,1096.829306793213
FOLD-3-learnls-manifold-nu2-K300-stride4-learnls-bs1.0-bd0.01-bw0.1-knn15-faiss_atlas_weighted-5-randomwalk-ind1000-lr0.05-ep20-lbs10-blend0.8-infl50-ptls-rootdissolve-dn3-prune0.9710,fold_3,learnls-manifold-nu2-K300-stride4-learnls-bs1.0-bd0.01-bw0.1-knn15-faiss_atlas_weighted-5-randomwalk-ind1000-lr0.05-ep20-lbs10-blend0.8-infl50-ptls-rootdissolve-dn3-prune0.97,manifold,171,Hex2Cer 40:1;O2,Hex2Cer_40-1_O2,0,0.654837429523468,0.7423320905174168,0.5503417148853562,0.6681271195411682,1096.829306793213
FOLD-3-learnls-manifold-nu2-K300-stride4-learnls-bs1.0-bd0.01-bw0.1-knn15-faiss_atlas_weighted-5-randomwalk-ind1000-lr0.05-ep20-lbs10-blend0.8-infl50-ptls-rootdissolve-dn310,fold_3,learnls-manifold-nu2-K300-stride4-learnls-bs1.0-bd0.01-bw0.1-knn15-faiss_atlas_weighted-5-randomwalk-ind1000-lr0.05-ep20-lbs10-blend0.8-infl50-ptls-rootdissolve-dn3,manifold,97,PC 35:1 PE 38:1,PC_35-1_PE_38-1,0,0.8823446035385132,0.0886390571085236,-0.025582175272153,0.9593844413757324,1059.5366389751434
FOLD-3-learnls-manifold-nu2-K300-stride4-learnls-bs1.0-bd0.01-bw0.1-knn15-faiss_atlas_weighted-5-randomwalk-ind1000-lr0.05-ep20-lbs10-blend0.8-infl50-ptls-rootdissolve-dn310,fold_3,learnls-manifold-nu2-K300-stride4-learnls-bs1.0-bd0.01-bw0.1-knn15-faiss_atlas_weighted-5-randomwalk-ind1000-lr0.05-ep20-lbs10-blend0.8-infl50-ptls-rootdissolve-dn3,manifold,18,PA 36:1,PA_36-1,0,0.7975200414657593,0.4393861154418427,0.1846411814118089,0.8521328568458557,1059.5366389751434
FOLD-3-learnls-manifold-nu2-K300-stride4-learnls-bs1.0-bd0.01-bw0.1-knn15-faiss_atlas_weighted-5-randomwalk-ind1000-lr0.05-ep20-lbs10-blend0.8-infl50-ptls-rootdissolve-dn310,fold_3,learnls-manifold-nu2-K300-stride4-learnls-bs1.0-bd0.01-bw0.1-knn15-faiss_atlas_weighted-5-randomwalk-ind1000-lr0.05-ep20-lbs10-blend0.8-infl50-ptls-rootdissolve-dn3,manifold,57,LPC 22:6,LPC_22-6,0,0.8153961300849915,0.5218368725576481,0.266940413727498,0.8025409579277039,1059.5366389751434
FOLD-3-learnls-manifold-nu2-K300-stride4-learnls-bs1.0-bd0.01-bw0.1-knn15-faiss_atlas_weighted-5-randomwalk-ind1000-lr0.05-ep20-lbs10-blend0.8-infl50-ptls-rootdissolve-dn310,fold_3,learnls-manifold-nu2-K300-stride4-learnls-bs1.0-bd0.01-bw0.1-knn15-faiss_atlas_weighted-5-randomwalk-ind1000-lr0.05-ep20-lbs10-blend0.8-infl50-ptls-rootdissolve-dn3,manifold,86,PE O-36:0 PE O-38:3,PE_O-36-0_PE_O-38-3,0,0.7587011456489563,0.6357817967460844,0.4040275267758308,0.784688413143158,1059.5366389751434
FOLD-3-learnls-manifold-nu2-K300-stride4-learnls-bs1.0-bd0.01-bw0.1-knn15-faiss_atlas_weighted-5-randomwalk-ind1000-lr0.05-ep20-lbs10-blend0.8-infl50-ptls-rootdissolve-dn310,fold_3,learnls-manifold-nu2-K300-stride4-learnls-bs1.0-bd0.01-bw0.1-knn15-faiss_atlas_weighted-5-randomwalk-ind1000-lr0.05-ep20-lbs10-blend0.8-infl50-ptls-rootdissolve-dn3,manifold,171,Hex2Cer 40:1;O2,Hex2Cer_40-1_O2,0,0.6473950147628784,0.7487826587404293,0.560504599388757,0.6542458534240723,1059.5366389751434
FOLD-3-learnls-manifold-nu2-K300-stride4-learnls-bs1.0-bd0.01-bw0.1-knn15-faiss_atlas_weighted-5-randomwalk-ind1000-lr0.05-ep20-lbs10-blend0.8-infl50-rootdissolve-dn3-prune0.910,fold_3,learnls-manifold-nu2-K300-stride4-learnls-bs1.0-bd0.01-bw0.1-knn15-faiss_atlas_weighted-5-randomwalk-ind1000-lr0.05-ep20-lbs10-blend0.8-infl50-rootdissolve-dn3-prune0.9,manifold,97,PC 35:1 PE 38:1,PC_35-1_PE_38-1,0,0.8831058740615845,0.0895201973711441,-0.0273527002368862,0.9558135271072388,1071.0653777122498
FOLD-3-learnls-manifold-nu2-K300-stride4-learnls-bs1.0-bd0.01-bw0.1-knn15-faiss_atlas_weighted-5-randomwalk-ind1000-lr0.05-ep20-lbs10-blend0.8-infl50-rootdissolve-dn3-prune0.910,fold_3,learnls-manifold-nu2-K300-stride4-learnls-bs1.0-bd0.01-bw0.1-knn15-faiss_atlas_weighted-5-randomwalk-ind1000-lr0.05-ep20-lbs10-blend0.8-infl50-rootdissolve-dn3-prune0.9,manifold,18,PA 36:1,PA_36-1,0,0.7944179177284241,0.447764674339039,0.1909719164431386,0.8440666198730469,1071.0653777122498
FOLD-3-learnls-manifold-nu2-K300-stride4-learnls-bs1.0-bd0.01-bw0.1-knn15-faiss_atlas_weighted-5-randomwalk-ind1000-lr0.05-ep20-lbs10-blend0.8-infl50-rootdissolve-dn3-prune0.910,fold_3,learnls-manifold-nu2-K300-stride4-learnls-bs1.0-bd0.01-bw0.1-knn15-faiss_atlas_weighted-5-randomwalk-ind1000-lr0.05-ep20-lbs10-blend0.8-infl50-rootdissolve-dn3-prune0.9,manifold,57,LPC 22:6,LPC_22-6,0,0.8094109296798706,0.5332540535344641,0.2776625586455866,0.7938405871391296,1071.0653777122498
FOLD-3-learnls-manifold-nu2-K300-stride4-learnls-bs1.0-bd0.01-bw0.1-knn15-faiss_atlas_weighted-5-randomwalk-ind1000-lr0.05-ep20-lbs10-blend0.8-infl50-rootdissolve-dn3-prune0.910,fold_3,learnls-manifold-nu2-K300-stride4-learnls-bs1.0-bd0.01-bw0.1-knn15-faiss_atlas_weighted-5-randomwalk-ind1000-lr0.05-ep20-lbs10-blend0.8-infl50-rootdissolve-dn3-prune0.9,manifold,86,PE O-36:0 PE O-38:3,PE_O-36-0_PE_O-38-3,0,0.7506209015846252,0.6458508731313622,0.4166542237468182,0.7780624628067017,1071.0653777122498
FOLD-3-learnls-manifold-nu2-K300-stride4-learnls-bs1.0-bd0.01-bw0.1-knn15-faiss_atlas_weighted-5-randomwalk-ind1000-lr0.05-ep20-lbs10-blend0.8-infl50-rootdissolve-dn3-prune0.910,fold_3,learnls-manifold-nu2-K300-stride4-learnls-bs1.0-bd0.01-bw0.1-knn15-faiss_atlas_weighted-5-randomwalk-ind1000-lr0.05-ep20-lbs10-blend0.8-infl50-rootdissolve-dn3-prune0.9,manifold,171,Hex2Cer 40:1;O2,Hex2Cer_40-1_O2,0,0.6380322575569153,0.757111483248086,0.5731248102577933,0.6445106267929077,1071.0653777122498
FOLD-3-learnls-manifold-nu2-K300-stride4-learnls-bs1.0-bd0.01-bw0.1-knn15-faiss_atlas_weighted-5-randomwalk-ind1000-lr0.05-ep20-lbs10-blend0.8-infl50-rootdissolve-dn3-prune0.9510,fold_3,learnls-manifold-nu2-K300-stride4-learnls-bs1.0-bd0.01-bw0.1-knn15-faiss_atlas_weighted-5-randomwalk-ind1000-lr0.05-ep20-lbs10-blend0.8-infl50-rootdissolve-dn3-prune0.95,manifold,97,PC 35:1 PE 38:1,PC_35-1_PE_38-1,0,0.8820510506629944,0.094828470438501,-0.0248999665815927,0.9568979144096376,677.2536768913269
FOLD-3-learnls-manifold-nu2-K300-stride4-learnls-bs1.0-bd0.01-bw0.1-knn15-faiss_atlas_weighted-5-randomwalk-ind1000-lr0.05-ep20-lbs10-blend0.8-infl50-rootdissolve-dn3-prune0.9510,fold_3,learnls-manifold-nu2-K300-stride4-learnls-bs1.0-bd0.01-bw0.1-knn15-faiss_atlas_weighted-5-randomwalk-ind1000-lr0.05-ep20-lbs10-blend0.8-infl50-rootdissolve-dn3-prune0.95,manifold,18,PA 36:1,PA_36-1,0,0.7957522869110107,0.4458675036993316,0.188251820831703,0.8489285707473755,677.2536768913269
FOLD-3-learnls-manifold-nu2-K300-stride4-learnls-bs1.0-bd0.01-bw0.1-knn15-faiss_atlas_weighted-5-randomwalk-ind1000-lr0.05-ep20-lbs10-blend0.8-infl50-rootdissolve-dn3-prune0.9510,fold_3,learnls-manifold-nu2-K300-stride4-learnls-bs1.0-bd0.01-bw0.1-knn15-faiss_atlas_weighted-5-randomwalk-ind1000-lr0.05-ep20-lbs10-blend0.8-infl50-rootdissolve-dn3-prune0.95,manifold,57,LPC 22:6,LPC_22-6,0,0.8146491646766663,0.523720657625445,0.2682828786074721,0.800169825553894,677.2536768913269
FOLD-3-learnls-manifold-nu2-K300-stride4-learnls-bs1.0-bd0.01-bw0.1-knn15-faiss_atlas_weighted-5-randomwalk-ind1000-lr0.05-ep20-lbs10-blend0.8-infl50-rootdissolve-dn3-prune0.9510,fold_3,learnls-manifold-nu2-K300-stride4-learnls-bs1.0-bd0.01-bw0.1-knn15-faiss_atlas_weighted-5-randomwalk-ind1000-lr0.05-ep20-lbs10-blend0.8-infl50-rootdissolve-dn3-prune0.95,manifold,86,PE O-36:0 PE O-38:3,PE_O-36-0_PE_O-38-3,0,0.7586785554885864,0.6357968257828821,0.4040630425570172,0.7893038988113403,677.2536768913269
FOLD-3-learnls-manifold-nu2-K300-stride4-learnls-bs1.0-bd0.01-bw0.1-knn15-faiss_atlas_weighted-5-randomwalk-ind1000-lr0.05-ep20-lbs10-blend0.8-infl50-rootdissolve-dn3-prune0.9510,fold_3,learnls-manifold-nu2-K300-stride4-learnls-bs1.0-bd0.01-bw0.1-knn15-faiss_atlas_weighted-5-randomwalk-ind1000-lr0.05-ep20-lbs10-blend0.8-infl50-rootdissolve-dn3-prune0.95,manifold,171,Hex2Cer 40:1;O2,Hex2Cer_40-1_O2,0,0.647560715675354,0.7486328777736779,0.5602795924393899,0.6578354239463806,677.2536768913269
FOLD-3-learnls-manifold-nu2-K300-stride4-learnls-bs1.0-bd0.01-bw0.1-knn15-faiss_atlas_weighted-5-randomwalk-ind1000-lr0.05-ep20-lbs10-blend0.8-infl50-rootdissolve-dn3-prune0.9710,fold_3,learnls-manifold-nu2-K300-stride4-learnls-bs1.0-bd0.01-bw0.1-knn15-faiss_atlas_weighted-5-randomwalk-ind1000-lr0.05-ep20-lbs10-blend0.8-infl50-rootdissolve-dn3-prune0.97,manifold,97,PC 35:1 PE 38:1,PC_35-1_PE_38-1,0,0.8820534348487854,0.0930490798377506,-0.0249055264582107,0.9591339230537416,731.0956767559052
FOLD-3-learnls-manifold-nu2-K300-stride4-learnls-bs1.0-bd0.01-bw0.1-knn15-faiss_atlas_weighted-5-randomwalk-ind1000-lr0.05-ep20-lbs10-blend0.8-infl50-rootdissolve-dn3-prune0.9710,fold_3,learnls-manifold-nu2-K300-stride4-learnls-bs1.0-bd0.01-bw0.1-knn15-faiss_atlas_weighted-5-randomwalk-ind1000-lr0.05-ep20-lbs10-blend0.8-infl50-rootdissolve-dn3-prune0.97,manifold,18,PA 36:1,PA_36-1,0,0.7962281107902527,0.4439776372589186,0.1872807527996125,0.8520796895027161,731.0956767559052
FOLD-3-learnls-manifold-nu2-K300-stride4-learnls-bs1.0-bd0.01-bw0.1-knn15-faiss_atlas_weighted-5-randomwalk-ind1000-lr0.05-ep20-lbs10-blend0.8-infl50-rootdissolve-dn3-prune0.9710,fold_3,learnls-manifold-nu2-K300-stride4-learnls-bs1.0-bd0.01-bw0.1-knn15-faiss_atlas_weighted-5-randomwalk-ind1000-lr0.05-ep20-lbs10-blend0.8-infl50-rootdissolve-dn3-prune0.97,manifold,57,LPC 22:6,LPC_22-6,0,0.8173360824584961,0.5187601021475287,0.2634481634696286,0.809312105178833,731.0956767559052
FOLD-3-learnls-manifold-nu2-K300-stride4-learnls-bs1.0-bd0.01-bw0.1-knn15-faiss_atlas_weighted-5-randomwalk-ind1000-lr0.05-ep20-lbs10-blend0.8-infl50-rootdissolve-dn3-prune0.9710,fold_3,learnls-manifold-nu2-K300-stride4-learnls-bs1.0-bd0.01-bw0.1-knn15-faiss_atlas_weighted-5-randomwalk-ind1000-lr0.05-ep20-lbs10-blend0.8-infl50-rootdissolve-dn3-prune0.97,manifold,86,PE O-36:0 PE O-38:3,PE_O-36-0_PE_O-38-3,0,0.7613691687583923,0.632343875299997,0.3998285759231639,0.7959963083267212,731.0956767559052
FOLD-3-learnls-manifold-nu2-K300-stride4-learnls-bs1.0-bd0.01-bw0.1-knn15-faiss_atlas_weighted-5-randomwalk-ind1000-lr0.05-ep20-lbs10-blend0.8-infl50-rootdissolve-dn3-prune0.9710,fold_3,learnls-manifold-nu2-K300-stride4-learnls-bs1.0-bd0.01-bw0.1-knn15-faiss_atlas_weighted-5-randomwalk-ind1000-lr0.05-ep20-lbs10-blend0.8-infl50-rootdissolve-dn3-prune0.97,manifold,171,Hex2Cer 40:1;O2,Hex2Cer_40-1_O2,0,0.6549361348152161,0.7422660680672373,0.550206164559508,0.668317973613739,731.0956767559052
FOLD-3-learnls-manifold-nu2-K300-stride4-learnls-bs1.0-bd0.01-bw0.1-knn15-faiss_atlas_weighted-5-randomwalk-ind1000-lr0.05-ep20-lbs10-blend0.8-infl50-rootdissolve-dn310,fold_3,learnls-manifold-nu2-K300-stride4-learnls-bs1.0-bd0.01-bw0.1-knn15-faiss_atlas_weighted-5-randomwalk-ind1000-lr0.05-ep20-lbs10-blend0.8-infl50-rootdissolve-dn3,manifold,97,PC 35:1 PE 38:1,PC_35-1_PE_38-1,0,0.882216215133667,0.0884019349556853,-0.0252838346587329,0.9590455889701844,766.6104914188385
FOLD-3-learnls-manifold-nu2-K300-stride4-learnls-bs1.0-bd0.01-bw0.1-knn15-faiss_atlas_weighted-5-randomwalk-ind1000-lr0.05-ep20-lbs10-blend0.8-infl50-rootdissolve-dn310,fold_3,learnls-manifold-nu2-K300-stride4-learnls-bs1.0-bd0.01-bw0.1-knn15-faiss_atlas_weighted-5-randomwalk-ind1000-lr0.05-ep20-lbs10-blend0.8-infl50-rootdissolve-dn3,manifold,18,PA 36:1,PA_36-1,0,0.7974969744682312,0.4394610862121432,0.1846883793127226,0.8521369695663452,766.6104914188385
FOLD-3-learnls-manifold-nu2-K300-stride4-learnls-bs1.0-bd0.01-bw0.1-knn15-faiss_atlas_weighted-5-randomwalk-ind1000-lr0.05-ep20-lbs10-blend0.8-infl50-rootdissolve-dn310,fold_3,learnls-manifold-nu2-K300-stride4-learnls-bs1.0-bd0.01-bw0.1-knn15-faiss_atlas_weighted-5-randomwalk-ind1000-lr0.05-ep20-lbs10-blend0.8-infl50-rootdissolve-dn3,manifold,57,LPC 22:6,LPC_22-6,0,0.8154373168945312,0.5218198860428396,0.2668663548934968,0.8023737668991089,766.6104914188385
FOLD-3-learnls-manifold-nu2-K300-stride4-learnls-bs1.0-bd0.01-bw0.1-knn15-faiss_atlas_weighted-5-randomwalk-ind1000-lr0.05-ep20-lbs10-blend0.8-infl50-rootdissolve-dn310,fold_3,learnls-manifold-nu2-K300-stride4-learnls-bs1.0-bd0.01-bw0.1-knn15-faiss_atlas_weighted-5-randomwalk-ind1000-lr0.05-ep20-lbs10-blend0.8-infl50-rootdissolve-dn3,manifold,86,PE O-36:0 PE O-38:3,PE_O-36-0_PE_O-38-3,0,0.7587358951568604,0.635738459953386,0.4039729049919383,0.7842007875442505,766.6104914188385
FOLD-3-learnls-manifold-nu2-K300-stride4-learnls-bs1.0-bd0.01-bw0.1-knn15-faiss_atlas_weighted-5-randomwalk-ind1000-lr0.05-ep20-lbs10-blend0.8-infl50-rootdissolve-dn310,fold_3,learnls-manifold-nu2-K300-stride4-learnls-bs1.0-bd0.01-bw0.1-knn15-faiss_atlas_weighted-5-randomwalk-ind1000-lr0.05-ep20-lbs10-blend0.8-infl50-rootdissolve-dn3,manifold,171,Hex2Cer 40:1;O2,Hex2Cer_40-1_O2,0,0.6473045945167542,0.7488474314210913,0.5606273903751453,0.6540992856025696,766.6104914188385
FOLD-3-spectral-nu2-K100-stride4-bw0.1-knn15-faiss_atlas_weighted-5-randomwalk-lr0.05-ep20-lbs10-rootdissolve-dn310,fold_3,spectral-nu2-K100-stride4-bw0.1-knn15-faiss_atlas_weighted-5-randomwalk-lr0.05-ep20-lbs10-rootdissolve-dn3,spectral,97,PC 35:1 PE 38:1,PC_35-1_PE_38-1,0,0.8847665190696716,0.090960364491281,-0.0312201267533573,1.0040065050125122,144.4874309539795
FOLD-3-spectral-nu2-K100-stride4-bw0.1-knn15-faiss_atlas_weighted-5-randomwalk-lr0.05-ep20-lbs10-rootdissolve-dn310,fold_3,spectral-nu2-K100-stride4-bw0.1-knn15-faiss_atlas_weighted-5-randomwalk-lr0.05-ep20-lbs10-rootdissolve-dn3,spectral,18,PA 36:1,PA_36-1,0,0.8074934482574463,0.4130680140288975,0.1641206852628698,0.9021041393280028,144.4874309539795
FOLD-3-spectral-nu2-K100-stride4-bw0.1-knn15-faiss_atlas_weighted-5-randomwalk-lr0.05-ep20-lbs10-rootdissolve-dn310,fold_3,spectral-nu2-K100-stride4-bw0.1-knn15-faiss_atlas_weighted-5-randomwalk-lr0.05-ep20-lbs10-rootdissolve-dn3,spectral,57,LPC 22:6,LPC_22-6,0,0.8528442978858948,0.4516703885536135,0.1980606981451034,0.8718588352203369,144.4874309539795
FOLD-3-spectral-nu2-K100-stride4-bw0.1-knn15-faiss_atlas_weighted-5-randomwalk-lr0.05-ep20-lbs10-rootdissolve-dn310,fold_3,spectral-nu2-K100-stride4-bw0.1-knn15-faiss_atlas_weighted-5-randomwalk-lr0.05-ep20-lbs10-rootdissolve-dn3,spectral,86,PE O-36:0 PE O-38:3,PE_O-36-0_PE_O-38-3,0,0.807560920715332,0.5705494827540062,0.3247955378790682,0.8317305445671082,144.4874309539795
FOLD-3-spectral-nu2-K100-stride4-bw0.1-knn15-faiss_atlas_weighted-5-randomwalk-lr0.05-ep20-lbs10-rootdissolve-dn310,fold_3,spectral-nu2-K100-stride4-bw0.1-knn15-faiss_atlas_weighted-5-randomwalk-lr0.05-ep20-lbs10-rootdissolve-dn3,spectral,171,Hex2Cer 40:1;O2,Hex2Cer_40-1_O2,0,0.7130362391471863,0.6835903389191278,0.4668630066917321,0.7216176986694336,144.4874309539795
FOLD-3-spectral-nu2-K1300-stride4-bw0.1-knn15-faiss_atlas_weighted-5-randomwalk-lr0.05-ep20-lbs10-rootdissolve-dn310,fold_3,spectral-nu2-K1300-stride4-bw0.1-knn15-faiss_atlas_weighted-5-randomwalk-lr0.05-ep20-lbs10-rootdissolve-dn3,spectral,97,PC 35:1 PE 38:1,PC_35-1_PE_38-1,0,0.8843623995780945,0.1571019153115793,-0.0302782599952089,0.966899037361145,171.89556498527526
FOLD-3-spectral-nu2-K1300-stride4-bw0.1-knn15-faiss_atlas_weighted-5-randomwalk-lr0.05-ep20-lbs10-rootdissolve-dn310,fold_3,spectral-nu2-K1300-stride4-bw0.1-knn15-faiss_atlas_weighted-5-randomwalk-lr0.05-ep20-lbs10-rootdissolve-dn3,spectral,18,PA 36:1,PA_36-1,0,0.7785437107086182,0.4858331403984602,0.2229811299338642,0.8275370597839355,171.89556498527526
FOLD-3-spectral-nu2-K1300-stride4-bw0.1-knn15-faiss_atlas_weighted-5-randomwalk-lr0.05-ep20-lbs10-rootdissolve-dn310,fold_3,spectral-nu2-K1300-stride4-bw0.1-knn15-faiss_atlas_weighted-5-randomwalk-lr0.05-ep20-lbs10-rootdissolve-dn3,spectral,57,LPC 22:6,LPC_22-6,0,0.7713900208473206,0.5941270489849296,0.3439302151923975,0.7637501955032349,171.89556498527526
FOLD-3-spectral-nu2-K1300-stride4-bw0.1-knn15-faiss_atlas_weighted-5-randomwalk-lr0.05-ep20-lbs10-rootdissolve-dn310,fold_3,spectral-nu2-K1300-stride4-bw0.1-knn15-faiss_atlas_weighted-5-randomwalk-lr0.05-ep20-lbs10-rootdissolve-dn3,spectral,86,PE O-36:0 PE O-38:3,PE_O-36-0_PE_O-38-3,0,0.7154826521873474,0.685589239032211,0.4699913497688964,0.7254629731178284,171.89556498527526
FOLD-3-spectral-nu2-K1300-stride4-bw0.1-knn15-faiss_atlas_weighted-5-randomwalk-lr0.05-ep20-lbs10-rootdissolve-dn310,fold_3,spectral-nu2-K1300-stride4-bw0.1-knn15-faiss_atlas_weighted-5-randomwalk-lr0.05-ep20-lbs10-rootdissolve-dn3,spectral,171,Hex2Cer 40:1;O2,Hex2Cer_40-1_O2,0,0.5904421806335449,0.7969717569560776,0.6344301405919128,0.59244304895401,171.89556498527526
FOLD-4-euclidean-ard-matern-nu1.5-ind1000-5-lr0.05-ep20-lbs1010,fold_4,euclidean-ard-matern-nu1.5-ind1000-5-lr0.05-ep20-lbs10,euclidean,97,PC 35:1 PE 38:1,PC_35-1_PE_38-1,0,1.0666996240615845,0.1170891110669569,-0.0125288016609921,0.9575115442276,381.2922593593597
FOLD-4-euclidean-ard-matern-nu1.5-ind1000-5-lr0.05-ep20-lbs1010,fold_4,euclidean-ard-matern-nu1.5-ind1000-5-lr0.05-ep20-lbs10,euclidean,18,PA 36:1,PA_36-1,0,0.9497098922729492,0.5195608396339745,0.2400011334606296,0.8399277329444885,381.2922593593597
FOLD-4-euclidean-ard-matern-nu1.5-ind1000-5-lr0.05-ep20-lbs1010,fold_4,euclidean-ard-matern-nu1.5-ind1000-5-lr0.05-ep20-lbs10,euclidean,57,LPC 22:6,LPC_22-6,0,0.8103862404823303,0.5992930596025913,0.3552468528901753,0.7739848494529724,381.2922593593597
FOLD-4-euclidean-ard-matern-nu1.5-ind1000-5-lr0.05-ep20-lbs1010,fold_4,euclidean-ard-matern-nu1.5-ind1000-5-lr0.05-ep20-lbs10,euclidean,86,PE O-36:0 PE O-38:3,PE_O-36-0_PE_O-38-3,0,0.7854970097541809,0.653014272617444,0.4247437368876283,0.7256419658660889,381.2922593593597
FOLD-4-euclidean-ard-matern-nu1.5-ind1000-5-lr0.05-ep20-lbs1010,fold_4,euclidean-ard-matern-nu1.5-ind1000-5-lr0.05-ep20-lbs10,euclidean,171,Hex2Cer 40:1;O2,Hex2Cer_40-1_O2,0,0.6522499322891235,0.7815090143460554,0.6032906447206327,0.603992223739624,381.2922593593597
FOLD-4-euclidean-no-ard-matern-nu1.5-ind1000-5-lr0.05-ep20-lbs1010,fold_4,euclidean-no-ard-matern-nu1.5-ind1000-5-lr0.05-ep20-lbs10,euclidean,97,PC 35:1 PE 38:1,PC_35-1_PE_38-1,0,1.054918885231018,0.1571229780200828,0.0097127159844024,0.9608466625213624,549.7826127529145
FOLD-4-euclidean-no-ard-matern-nu1.5-ind1000-5-lr0.05-ep20-lbs1010,fold_4,euclidean-no-ard-matern-nu1.5-ind1000-5-lr0.05-ep20-lbs10,euclidean,18,PA 36:1,PA_36-1,0,0.9417163133621216,0.5296673216709493,0.2527409039784468,0.8404393196105957,549.7826127529145
FOLD-4-euclidean-no-ard-matern-nu1.5-ind1000-5-lr0.05-ep20-lbs1010,fold_4,euclidean-no-ard-matern-nu1.5-ind1000-5-lr0.05-ep20-lbs10,euclidean,57,LPC 22:6,LPC_22-6,0,0.8091567158699036,0.6009630505804214,0.3572017825860399,0.7755953669548035,549.7826127529145
FOLD-4-euclidean-no-ard-matern-nu1.5-ind1000-5-lr0.05-ep20-lbs1010,fold_4,euclidean-no-ard-matern-nu1.5-ind1000-5-lr0.05-ep20-lbs10,euclidean,86,PE O-36:0 PE O-38:3,PE_O-36-0_PE_O-38-3,0,0.7859513163566589,0.6530155901034501,0.4240780753457717,0.7244276404380798,549.7826127529145
FOLD-4-euclidean-no-ard-matern-nu1.5-ind1000-5-lr0.05-ep20-lbs1010,fold_4,euclidean-no-ard-matern-nu1.5-ind1000-5-lr0.05-ep20-lbs10,euclidean,171,Hex2Cer 40:1;O2,Hex2Cer_40-1_O2,0,0.6534032821655273,0.781977683216529,0.6018863722490769,0.6048209071159363,549.7826127529145
FOLD-4-learnls-manifold-nu2-K100-stride4-learnls-bs1.0-bd0.01-bw0.1-knn15-faiss_atlas_weighted-5-randomwalk-ind1000-lr0.05-ep20-lbs10-blend0.8-infl50-ptls-rootdissolve-dn3-prune0.910,fold_4,learnls-manifold-nu2-K100-stride4-learnls-bs1.0-bd0.01-bw0.1-knn15-faiss_atlas_weighted-5-randomwalk-ind1000-lr0.05-ep20-lbs10-blend0.8-infl50-ptls-rootdissolve-dn3-prune0.9,manifold,97,PC 35:1 PE 38:1,PC_35-1_PE_38-1,0,1.0574731826782229,0.1336481397120537,0.0049112018563813,0.9859869480133056,780.8531027317047
FOLD-4-learnls-manifold-nu2-K100-stride4-learnls-bs1.0-bd0.01-bw0.1-knn15-faiss_atlas_weighted-5-randomwalk-ind1000-lr0.05-ep20-lbs10-blend0.8-infl50-ptls-rootdissolve-dn3-prune0.910,fold_4,learnls-manifold-nu2-K100-stride4-learnls-bs1.0-bd0.01-bw0.1-knn15-faiss_atlas_weighted-5-randomwalk-ind1000-lr0.05-ep20-lbs10-blend0.8-infl50-ptls-rootdissolve-dn3-prune0.9,manifold,18,PA 36:1,PA_36-1,0,0.980603575706482,0.4590874472950934,0.1897519900952978,0.8921423554420471,780.8531027317047
FOLD-4-learnls-manifold-nu2-K100-stride4-learnls-bs1.0-bd0.01-bw0.1-knn15-faiss_atlas_weighted-5-randomwalk-ind1000-lr0.05-ep20-lbs10-blend0.8-infl50-ptls-rootdissolve-dn3-prune0.910,fold_4,learnls-manifold-nu2-K100-stride4-learnls-bs1.0-bd0.01-bw0.1-knn15-faiss_atlas_weighted-5-randomwalk-ind1000-lr0.05-ep20-lbs10-blend0.8-infl50-ptls-rootdissolve-dn3-prune0.9,manifold,57,LPC 22:6,LPC_22-6,0,0.8736603856086731,0.508212871339311,0.2506329076953817,0.8525770902633667,780.8531027317047
FOLD-4-learnls-manifold-nu2-K100-stride4-learnls-bs1.0-bd0.01-bw0.1-knn15-faiss_atlas_weighted-5-randomwalk-ind1000-lr0.05-ep20-lbs10-blend0.8-infl50-ptls-rootdissolve-dn3-prune0.910,fold_4,learnls-manifold-nu2-K100-stride4-learnls-bs1.0-bd0.01-bw0.1-knn15-faiss_atlas_weighted-5-randomwalk-ind1000-lr0.05-ep20-lbs10-blend0.8-infl50-ptls-rootdissolve-dn3-prune0.9,manifold,86,PE O-36:0 PE O-38:3,PE_O-36-0_PE_O-38-3,0,0.8585963249206543,0.5615972331921192,0.312693665151141,0.8110844492912292,780.8531027317047
FOLD-4-learnls-manifold-nu2-K100-stride4-learnls-bs1.0-bd0.01-bw0.1-knn15-faiss_atlas_weighted-5-randomwalk-ind1000-lr0.05-ep20-lbs10-blend0.8-infl50-ptls-rootdissolve-dn3-prune0.910,fold_4,learnls-manifold-nu2-K100-stride4-learnls-bs1.0-bd0.01-bw0.1-knn15-faiss_atlas_weighted-5-randomwalk-ind1000-lr0.05-ep20-lbs10-blend0.8-infl50-ptls-rootdissolve-dn3-prune0.9,manifold,171,Hex2Cer 40:1;O2,Hex2Cer_40-1_O2,0,0.7500006556510925,0.6932952252503924,0.4754731745724284,0.70473712682724,780.8531027317047
FOLD-4-learnls-manifold-nu2-K100-stride4-learnls-bs1.0-bd0.01-bw0.1-knn15-faiss_atlas_weighted-5-randomwalk-ind1000-lr0.05-ep20-lbs10-blend0.8-infl50-ptls-rootdissolve-dn3-prune0.9510,fold_4,learnls-manifold-nu2-K100-stride4-learnls-bs1.0-bd0.01-bw0.1-knn15-faiss_atlas_weighted-5-randomwalk-ind1000-lr0.05-ep20-lbs10-blend0.8-infl50-ptls-rootdissolve-dn3-prune0.95,manifold,97,PC 35:1 PE 38:1,PC_35-1_PE_38-1,0,1.0592705011367798,0.1273337951643247,0.0015258449264131,0.9860182404518129,910.4566824913024
FOLD-4-learnls-manifold-nu2-K100-stride4-learnls-bs1.0-bd0.01-bw0.1-knn15-faiss_atlas_weighted-5-randomwalk-ind1000-lr0.05-ep20-lbs10-blend0.8-infl50-ptls-rootdissolve-dn3-prune0.9510,fold_4,learnls-manifold-nu2-K100-stride4-learnls-bs1.0-bd0.01-bw0.1-knn15-faiss_atlas_weighted-5-randomwalk-ind1000-lr0.05-ep20-lbs10-blend0.8-infl50-ptls-rootdissolve-dn3-prune0.95,manifold,18,PA 36:1,PA_36-1,0,0.9795835614204408,0.459752081361507,0.1914367049427602,0.8919790387153625,910.4566824913024
FOLD-4-learnls-manifold-nu2-K100-stride4-learnls-bs1.0-bd0.01-bw0.1-knn15-faiss_atlas_weighted-5-randomwalk-ind1000-lr0.05-ep20-lbs10-blend0.8-infl50-ptls-rootdissolve-dn3-prune0.9510,fold_4,learnls-manifold-nu2-K100-stride4-learnls-bs1.0-bd0.01-bw0.1-knn15-faiss_atlas_weighted-5-randomwalk-ind1000-lr0.05-ep20-lbs10-blend0.8-infl50-ptls-rootdissolve-dn3-prune0.95,manifold,57,LPC 22:6,LPC_22-6,0,0.8727744221687317,0.5107350900312555,0.2521519623551271,0.8485831022262573,910.4566824913024
FOLD-4-learnls-manifold-nu2-K100-stride4-learnls-bs1.0-bd0.01-bw0.1-knn15-faiss_atlas_weighted-5-randomwalk-ind1000-lr0.05-ep20-lbs10-blend0.8-infl50-ptls-rootdissolve-dn3-prune0.9510,fold_4,learnls-manifold-nu2-K100-stride4-learnls-bs1.0-bd0.01-bw0.1-knn15-faiss_atlas_weighted-5-randomwalk-ind1000-lr0.05-ep20-lbs10-blend0.8-infl50-ptls-rootdissolve-dn3-prune0.95,manifold,86,PE O-36:0 PE O-38:3,PE_O-36-0_PE_O-38-3,0,0.8625751733779907,0.5570402166662132,0.3063088012334033,0.8107072710990906,910.4566824913024
FOLD-4-learnls-manifold-nu2-K100-stride4-learnls-bs1.0-bd0.01-bw0.1-knn15-faiss_atlas_weighted-5-randomwalk-ind1000-lr0.05-ep20-lbs10-blend0.8-infl50-ptls-rootdissolve-dn3-prune0.9510,fold_4,learnls-manifold-nu2-K100-stride4-learnls-bs1.0-bd0.01-bw0.1-knn15-faiss_atlas_weighted-5-randomwalk-ind1000-lr0.05-ep20-lbs10-blend0.8-infl50-ptls-rootdissolve-dn3-prune0.95,manifold,171,Hex2Cer 40:1;O2,Hex2Cer_40-1_O2,0,0.7526758909225464,0.6915769820040276,0.4717245884334649,0.7042604088783264,910.4566824913024
FOLD-4-learnls-manifold-nu2-K100-stride4-learnls-bs1.0-bd0.01-bw0.1-knn15-faiss_atlas_weighted-5-randomwalk-ind1000-lr0.05-ep20-lbs10-blend0.8-infl50-ptls-rootdissolve-dn3-prune0.9710,fold_4,learnls-manifold-nu2-K100-stride4-learnls-bs1.0-bd0.01-bw0.1-knn15-faiss_atlas_weighted-5-randomwalk-ind1000-lr0.05-ep20-lbs10-blend0.8-infl50-ptls-rootdissolve-dn3-prune0.97,manifold,97,PC 35:1 PE 38:1,PC_35-1_PE_38-1,0,1.0590382814407349,0.1072241932988668,0.0019636750614417,1.0150041580200195,184.6689065933228
FOLD-4-learnls-manifold-nu2-K100-stride4-learnls-bs1.0-bd0.01-bw0.1-knn15-faiss_atlas_weighted-5-randomwalk-ind1000-lr0.05-ep20-lbs10-blend0.8-infl50-ptls-rootdissolve-dn3-prune0.9710,fold_4,learnls-manifold-nu2-K100-stride4-learnls-bs1.0-bd0.01-bw0.1-knn15-faiss_atlas_weighted-5-randomwalk-ind1000-lr0.05-ep20-lbs10-blend0.8-infl50-ptls-rootdissolve-dn3-prune0.97,manifold,18,PA 36:1,PA_36-1,0,0.9849011301994324,0.4592247406499827,0.1826345657537949,0.912731111049652,184.6689065933228
FOLD-4-learnls-manifold-nu2-K100-stride4-learnls-bs1.0-bd0.01-bw0.1-knn15-faiss_atlas_weighted-5-randomwalk-ind1000-lr0.05-ep20-lbs10-blend0.8-infl50-ptls-rootdissolve-dn3-prune0.9710,fold_4,learnls-manifold-nu2-K100-stride4-learnls-bs1.0-bd0.01-bw0.1-knn15-faiss_atlas_weighted-5-randomwalk-ind1000-lr0.05-ep20-lbs10-blend0.8-infl50-ptls-rootdissolve-dn3-prune0.97,manifold,57,LPC 22:6,LPC_22-6,0,0.8723551034927368,0.5072809110787027,0.2528703148909833,0.8539831638336182,184.6689065933228
FOLD-4-learnls-manifold-nu2-K100-stride4-learnls-bs1.0-bd0.01-bw0.1-knn15-faiss_atlas_weighted-5-randomwalk-ind1000-lr0.05-ep20-lbs10-blend0.8-infl50-ptls-rootdissolve-dn3-prune0.9710,fold_4,learnls-manifold-nu2-K100-stride4-learnls-bs1.0-bd0.01-bw0.1-knn15-faiss_atlas_weighted-5-randomwalk-ind1000-lr0.05-ep20-lbs10-blend0.8-infl50-ptls-rootdissolve-dn3-prune0.97,manifold,86,PE O-36:0 PE O-38:3,PE_O-36-0_PE_O-38-3,0,0.8663369417190552,0.5504901559809131,0.3002450104778382,0.8191505074501038,184.6689065933228
FOLD-4-learnls-manifold-nu2-K100-stride4-learnls-bs1.0-bd0.01-bw0.1-knn15-faiss_atlas_weighted-5-randomwalk-ind1000-lr0.05-ep20-lbs10-blend0.8-infl50-ptls-rootdissolve-dn3-prune0.9710,fold_4,learnls-manifold-nu2-K100-stride4-learnls-bs1.0-bd0.01-bw0.1-knn15-faiss_atlas_weighted-5-randomwalk-ind1000-lr0.05-ep20-lbs10-blend0.8-infl50-ptls-rootdissolve-dn3-prune0.97,manifold,171,Hex2Cer 40:1;O2,Hex2Cer_40-1_O2,0,0.7531200647354126,0.6875723946797048,0.4711009095748877,0.7080936431884766,184.6689065933228
FOLD-4-learnls-manifold-nu2-K100-stride4-learnls-bs1.0-bd0.01-bw0.1-knn15-faiss_atlas_weighted-5-randomwalk-ind1000-lr0.05-ep20-lbs10-blend0.8-infl50-ptls-rootdissolve-dn310,fold_4,learnls-manifold-nu2-K100-stride4-learnls-bs1.0-bd0.01-bw0.1-knn15-faiss_atlas_weighted-5-randomwalk-ind1000-lr0.05-ep20-lbs10-blend0.8-infl50-ptls-rootdissolve-dn3,manifold,97,PC 35:1 PE 38:1,PC_35-1_PE_38-1,0,1.057895541191101,0.1300635374893742,0.004116224794698,0.9880015254020692,769.660326385498
FOLD-4-learnls-manifold-nu2-K100-stride4-learnls-bs1.0-bd0.01-bw0.1-knn15-faiss_atlas_weighted-5-randomwalk-ind1000-lr0.05-ep20-lbs10-blend0.8-infl50-ptls-rootdissolve-dn310,fold_4,learnls-manifold-nu2-K100-stride4-learnls-bs1.0-bd0.01-bw0.1-knn15-faiss_atlas_weighted-5-randomwalk-ind1000-lr0.05-ep20-lbs10-blend0.8-infl50-ptls-rootdissolve-dn3,manifold,18,PA 36:1,PA_36-1,0,0.9835419654846193,0.4548905278072515,0.1848888445676719,0.8960848450660706,769.660326385498
FOLD-4-learnls-manifold-nu2-K100-stride4-learnls-bs1.0-bd0.01-bw0.1-knn15-faiss_atlas_weighted-5-randomwalk-ind1000-lr0.05-ep20-lbs10-blend0.8-infl50-ptls-rootdissolve-dn310,fold_4,learnls-manifold-nu2-K100-stride4-learnls-bs1.0-bd0.01-bw0.1-knn15-faiss_atlas_weighted-5-randomwalk-ind1000-lr0.05-ep20-lbs10-blend0.8-infl50-ptls-rootdissolve-dn3,manifold,57,LPC 22:6,LPC_22-6,0,0.8834532499313354,0.4908725480639163,0.2337393055853528,0.8657665848731995,769.660326385498
FOLD-4-learnls-manifold-nu2-K100-stride4-learnls-bs1.0-bd0.01-bw0.1-knn15-faiss_atlas_weighted-5-randomwalk-ind1000-lr0.05-ep20-lbs10-blend0.8-infl50-ptls-rootdissolve-dn310,fold_4,learnls-manifold-nu2-K100-stride4-learnls-bs1.0-bd0.01-bw0.1-knn15-faiss_atlas_weighted-5-randomwalk-ind1000-lr0.05-ep20-lbs10-blend0.8-infl50-ptls-rootdissolve-dn3,manifold,86,PE O-36:0 PE O-38:3,PE_O-36-0_PE_O-38-3,0,0.8661006093025208,0.5505539944621219,0.300626740842104,0.8201287388801575,769.660326385498
FOLD-4-learnls-manifold-nu2-K100-stride4-learnls-bs1.0-bd0.01-bw0.1-knn15-faiss_atlas_weighted-5-randomwalk-ind1000-lr0.05-ep20-lbs10-blend0.8-infl50-ptls-rootdissolve-dn310,fold_4,learnls-manifold-nu2-K100-stride4-learnls-bs1.0-bd0.01-bw0.1-knn15-faiss_atlas_weighted-5-randomwalk-ind1000-lr0.05-ep20-lbs10-blend0.8-infl50-ptls-rootdissolve-dn3,manifold,171,Hex2Cer 40:1;O2,Hex2Cer_40-1_O2,0,0.7618661522865295,0.680283509322663,0.4587451692327435,0.7189672589302063,769.660326385498
FOLD-4-learnls-manifold-nu2-K100-stride4-learnls-bs1.0-bd0.01-bw0.1-knn15-faiss_atlas_weighted-5-randomwalk-ind1000-lr0.05-ep20-lbs10-blend0.8-infl50-rootdissolve-dn3-prune0.910,fold_4,learnls-manifold-nu2-K100-stride4-learnls-bs1.0-bd0.01-bw0.1-knn15-faiss_atlas_weighted-5-randomwalk-ind1000-lr0.05-ep20-lbs10-blend0.8-infl50-rootdissolve-dn3-prune0.9,manifold,97,PC 35:1 PE 38:1,PC_35-1_PE_38-1,0,1.0577216148376465,0.132770002811854,0.0044436766175572,0.9864848256111144,435.0860486507416
FOLD-4-learnls-manifold-nu2-K100-stride4-learnls-bs1.0-bd0.01-bw0.1-knn15-faiss_atlas_weighted-5-randomwalk-ind1000-lr0.05-ep20-lbs10-blend0.8-infl50-rootdissolve-dn3-prune0.910,fold_4,learnls-manifold-nu2-K100-stride4-learnls-bs1.0-bd0.01-bw0.1-knn15-faiss_atlas_weighted-5-randomwalk-ind1000-lr0.05-ep20-lbs10-blend0.8-infl50-rootdissolve-dn3-prune0.9,manifold,18,PA 36:1,PA_36-1,0,0.9800655841827391,0.4592937794904068,0.1906408847968054,0.891991913318634,435.0860486507416
FOLD-4-learnls-manifold-nu2-K100-stride4-learnls-bs1.0-bd0.01-bw0.1-knn15-faiss_atlas_weighted-5-randomwalk-ind1000-lr0.05-ep20-lbs10-blend0.8-infl50-rootdissolve-dn3-prune0.910,fold_4,learnls-manifold-nu2-K100-stride4-learnls-bs1.0-bd0.01-bw0.1-knn15-faiss_atlas_weighted-5-randomwalk-ind1000-lr0.05-ep20-lbs10-blend0.8-infl50-rootdissolve-dn3-prune0.9,manifold,57,LPC 22:6,LPC_22-6,0,0.8738865852355957,0.5082303030709465,0.2502447789123085,0.8523856401443481,435.0860486507416
FOLD-4-learnls-manifold-nu2-K100-stride4-learnls-bs1.0-bd0.01-bw0.1-knn15-faiss_atlas_weighted-5-randomwalk-ind1000-lr0.05-ep20-lbs10-blend0.8-infl50-rootdissolve-dn3-prune0.910,fold_4,learnls-manifold-nu2-K100-stride4-learnls-bs1.0-bd0.01-bw0.1-knn15-faiss_atlas_weighted-5-randomwalk-ind1000-lr0.05-ep20-lbs10-blend0.8-infl50-rootdissolve-dn3-prune0.9,manifold,86,PE O-36:0 PE O-38:3,PE_O-36-0_PE_O-38-3,0,0.8585438132286072,0.5615735869888501,0.3127777772753158,0.8108569383621216,435.0860486507416
FOLD-4-learnls-manifold-nu2-K100-stride4-learnls-bs1.0-bd0.01-bw0.1-knn15-faiss_atlas_weighted-5-randomwalk-ind1000-lr0.05-ep20-lbs10-blend0.8-infl50-rootdissolve-dn3-prune0.910,fold_4,learnls-manifold-nu2-K100-stride4-learnls-bs1.0-bd0.01-bw0.1-knn15-faiss_atlas_weighted-5-randomwalk-ind1000-lr0.05-ep20-lbs10-blend0.8-infl50-rootdissolve-dn3-prune0.9,manifold,171,Hex2Cer 40:1;O2,Hex2Cer_40-1_O2,0,0.7501378655433655,0.6932770038994475,0.475281222357494,0.704357385635376,435.0860486507416
FOLD-4-learnls-manifold-nu2-K100-stride4-learnls-bs1.0-bd0.01-bw0.1-knn15-faiss_atlas_weighted-5-randomwalk-ind1000-lr0.05-ep20-lbs10-blend0.8-infl50-rootdissolve-dn3-prune0.9510,fold_4,learnls-manifold-nu2-K100-stride4-learnls-bs1.0-bd0.01-bw0.1-knn15-faiss_atlas_weighted-5-randomwalk-ind1000-lr0.05-ep20-lbs10-blend0.8-infl50-rootdissolve-dn3-prune0.95,manifold,97,PC 35:1 PE 38:1,PC_35-1_PE_38-1,0,1.0594302415847778,0.1269299626657238,0.0012246352883031,0.9862465262413024,436.2343836307526
FOLD-4-learnls-manifold-nu2-K100-stride4-learnls-bs1.0-bd0.01-bw0.1-knn15-faiss_atlas_weighted-5-randomwalk-ind1000-lr0.05-ep20-lbs10-blend0.8-infl50-rootdissolve-dn3-prune0.9510,fold_4,learnls-manifold-nu2-K100-stride4-learnls-bs1.0-bd0.01-bw0.1-knn15-faiss_atlas_weighted-5-randomwalk-ind1000-lr0.05-ep20-lbs10-blend0.8-infl50-rootdissolve-dn3-prune0.95,manifold,18,PA 36:1,PA_36-1,0,0.9793692827224731,0.4596529475934723,0.19179042094984,0.8917544484138489,436.2343836307526
FOLD-4-learnls-manifold-nu2-K100-stride4-learnls-bs1.0-bd0.01-bw0.1-knn15-faiss_atlas_weighted-5-randomwalk-ind1000-lr0.05-ep20-lbs10-blend0.8-infl50-rootdissolve-dn3-prune0.9510,fold_4,learnls-manifold-nu2-K100-stride4-learnls-bs1.0-bd0.01-bw0.1-knn15-faiss_atlas_weighted-5-randomwalk-ind1000-lr0.05-ep20-lbs10-blend0.8-infl50-rootdissolve-dn3-prune0.95,manifold,57,LPC 22:6,LPC_22-6,0,0.8728023767471313,0.510885243439168,0.2521039621326498,0.8485412001609802,436.2343836307526
FOLD-4-learnls-manifold-nu2-K100-stride4-learnls-bs1.0-bd0.01-bw0.1-knn15-faiss_atlas_weighted-5-randomwalk-ind1000-lr0.05-ep20-lbs10-blend0.8-infl50-rootdissolve-dn3-prune0.9510,fold_4,learnls-manifold-nu2-K100-stride4-learnls-bs1.0-bd0.01-bw0.1-knn15-faiss_atlas_weighted-5-randomwalk-ind1000-lr0.05-ep20-lbs10-blend0.8-infl50-rootdissolve-dn3-prune0.95,manifold,86,PE O-36:0 PE O-38:3,PE_O-36-0_PE_O-38-3,0,0.8624948859214783,0.5570495876595571,0.3064379540434265,0.8106383085250854,436.2343836307526
FOLD-4-learnls-manifold-nu2-K100-stride4-learnls-bs1.0-bd0.01-bw0.1-knn15-faiss_atlas_weighted-5-randomwalk-ind1000-lr0.05-ep20-lbs10-blend0.8-infl50-rootdissolve-dn3-prune0.9510,fold_4,learnls-manifold-nu2-K100-stride4-learnls-bs1.0-bd0.01-bw0.1-knn15-faiss_atlas_weighted-5-randomwalk-ind1000-lr0.05-ep20-lbs10-blend0.8-infl50-rootdissolve-dn3-prune0.95,manifold,171,Hex2Cer 40:1;O2,Hex2Cer_40-1_O2,0,0.752845048904419,0.6914839290098915,0.4714871056114694,0.7043725252151489,436.2343836307526
FOLD-4-learnls-manifold-nu2-K100-stride4-learnls-bs1.0-bd0.01-bw0.1-knn15-faiss_atlas_weighted-5-randomwalk-ind1000-lr0.05-ep20-lbs10-blend0.8-infl50-rootdissolve-dn3-prune0.9710,fold_4,learnls-manifold-nu2-K100-stride4-learnls-bs1.0-bd0.01-bw0.1-knn15-faiss_atlas_weighted-5-randomwalk-ind1000-lr0.05-ep20-lbs10-blend0.8-infl50-rootdissolve-dn3-prune0.97,manifold,97,PC 35:1 PE 38:1,PC_35-1_PE_38-1,0,1.0592018365859983,0.1232863129256751,0.0016553293906369,0.9861112236976624,434.71520948410034
FOLD-4-learnls-manifold-nu2-K100-stride4-learnls-bs1.0-bd0.01-bw0.1-knn15-faiss_atlas_weighted-5-randomwalk-ind1000-lr0.05-ep20-lbs10-blend0.8-infl50-rootdissolve-dn3-prune0.9710,fold_4,learnls-manifold-nu2-K100-stride4-learnls-bs1.0-bd0.01-bw0.1-knn15-faiss_atlas_weighted-5-randomwalk-ind1000-lr0.05-ep20-lbs10-blend0.8-infl50-rootdissolve-dn3-prune0.97,manifold,18,PA 36:1,PA_36-1,0,0.9755651950836182,0.4683740306732142,0.1980567689396911,0.8948860168457031,434.71520948410034
FOLD-4-learnls-manifold-nu2-K100-stride4-learnls-bs1.0-bd0.01-bw0.1-knn15-faiss_atlas_weighted-5-randomwalk-ind1000-lr0.05-ep20-lbs10-blend0.8-infl50-rootdissolve-dn3-prune0.9710,fold_4,learnls-manifold-nu2-K100-stride4-learnls-bs1.0-bd0.01-bw0.1-knn15-faiss_atlas_weighted-5-randomwalk-ind1000-lr0.05-ep20-lbs10-blend0.8-infl50-rootdissolve-dn3-prune0.97,manifold,57,LPC 22:6,LPC_22-6,0,0.8743171691894531,0.5081378999726923,0.2495057278678181,0.8537805080413818,434.71520948410034
FOLD-4-learnls-manifold-nu2-K100-stride4-learnls-bs1.0-bd0.01-bw0.1-knn15-faiss_atlas_weighted-5-randomwalk-ind1000-lr0.05-ep20-lbs10-blend0.8-infl50-rootdissolve-dn3-prune0.9710,fold_4,learnls-manifold-nu2-K100-stride4-learnls-bs1.0-bd0.01-bw0.1-knn15-faiss_atlas_weighted-5-randomwalk-ind1000-lr0.05-ep20-lbs10-blend0.8-infl50-rootdissolve-dn3-prune0.97,manifold,86,PE O-36:0 PE O-38:3,PE_O-36-0_PE_O-38-3,0,0.8653014898300171,0.5521149740671516,0.3019167615565988,0.8181206583976746,434.71520948410034
FOLD-4-learnls-manifold-nu2-K100-stride4-learnls-bs1.0-bd0.01-bw0.1-knn15-faiss_atlas_weighted-5-randomwalk-ind1000-lr0.05-ep20-lbs10-blend0.8-infl50-rootdissolve-dn3-prune0.9710,fold_4,learnls-manifold-nu2-K100-stride4-learnls-bs1.0-bd0.01-bw0.1-knn15-faiss_atlas_weighted-5-randomwalk-ind1000-lr0.05-ep20-lbs10-blend0.8-infl50-rootdissolve-dn3-prune0.97,manifold,171,Hex2Cer 40:1;O2,Hex2Cer_40-1_O2,0,0.7554503083229065,0.6886358862721693,0.4678228867828085,0.7136467695236206,434.71520948410034
FOLD-4-learnls-manifold-nu2-K100-stride4-learnls-bs1.0-bd0.01-bw0.1-knn15-faiss_atlas_weighted-5-randomwalk-ind1000-lr0.05-ep20-lbs10-blend0.8-infl50-rootdissolve-dn310,fold_4,learnls-manifold-nu2-K100-stride4-learnls-bs1.0-bd0.01-bw0.1-knn15-faiss_atlas_weighted-5-randomwalk-ind1000-lr0.05-ep20-lbs10-blend0.8-infl50-rootdissolve-dn3,manifold,97,PC 35:1 PE 38:1,PC_35-1_PE_38-1,0,1.0580940246582031,0.1299035200769875,0.0037425038566227,0.9881519675254822,444.7335654258728
FOLD-4-learnls-manifold-nu2-K100-stride4-learnls-bs1.0-bd0.01-bw0.1-knn15-faiss_atlas_weighted-5-randomwalk-ind1000-lr0.05-ep20-lbs10-blend0.8-infl50-rootdissolve-dn310,fold_4,learnls-manifold-nu2-K100-stride4-learnls-bs1.0-bd0.01-bw0.1-knn15-faiss_atlas_weighted-5-randomwalk-ind1000-lr0.05-ep20-lbs10-blend0.8-infl50-rootdissolve-dn3,manifold,18,PA 36:1,PA_36-1,0,0.9825820922851562,0.4551588003661935,0.1864791225270941,0.8962284326553345,444.7335654258728
FOLD-4-learnls-manifold-nu2-K100-stride4-learnls-bs1.0-bd0.01-bw0.1-knn15-faiss_atlas_weighted-5-randomwalk-ind1000-lr0.05-ep20-lbs10-blend0.8-infl50-rootdissolve-dn310,fold_4,learnls-manifold-nu2-K100-stride4-learnls-bs1.0-bd0.01-bw0.1-knn15-faiss_atlas_weighted-5-randomwalk-ind1000-lr0.05-ep20-lbs10-blend0.8-infl50-rootdissolve-dn3,manifold,57,LPC 22:6,LPC_22-6,0,0.8834902048110962,0.4909631550741793,0.2336752417963588,0.8656065464019775,444.7335654258728
FOLD-4-learnls-manifold-nu2-K100-stride4-learnls-bs1.0-bd0.01-bw0.1-knn15-faiss_atlas_weighted-5-randomwalk-ind1000-lr0.05-ep20-lbs10-blend0.8-infl50-rootdissolve-dn310,fold_4,learnls-manifold-nu2-K100-stride4-learnls-bs1.0-bd0.01-bw0.1-knn15-faiss_atlas_weighted-5-randomwalk-ind1000-lr0.05-ep20-lbs10-blend0.8-infl50-rootdissolve-dn3,manifold,86,PE O-36:0 PE O-38:3,PE_O-36-0_PE_O-38-3,0,0.8659511208534241,0.550512164356179,0.3008682240373156,0.8201560378074646,444.7335654258728
FOLD-4-learnls-manifold-nu2-K100-stride4-learnls-bs1.0-bd0.01-bw0.1-knn15-faiss_atlas_weighted-5-randomwalk-ind1000-lr0.05-ep20-lbs10-blend0.8-infl50-rootdissolve-dn310,fold_4,learnls-manifold-nu2-K100-stride4-learnls-bs1.0-bd0.01-bw0.1-knn15-faiss_atlas_weighted-5-randomwalk-ind1000-lr0.05-ep20-lbs10-blend0.8-infl50-rootdissolve-dn3,manifold,171,Hex2Cer 40:1;O2,Hex2Cer_40-1_O2,0,0.7617720365524292,0.6804595001229331,0.4588789266982555,0.7183260917663574,444.7335654258728
FOLD-4-learnls-manifold-nu2-K1300-stride4-learnls-bs1.0-bd0.01-bw0.1-knn15-faiss_atlas_weighted-5-randomwalk-ind1000-lr0.05-ep20-lbs10-blend0.8-infl50-ptls-rootdissolve-dn3-prune0.910,fold_4,learnls-manifold-nu2-K1300-stride4-learnls-bs1.0-bd0.01-bw0.1-knn15-faiss_atlas_weighted-5-randomwalk-ind1000-lr0.05-ep20-lbs10-blend0.8-infl50-ptls-rootdissolve-dn3-prune0.9,manifold,97,PC 35:1 PE 38:1,PC_35-1_PE_38-1,0,1.068750262260437,0.137146893355033,-0.0164255359016682,0.9607672691345216,1002.7714972019196
FOLD-4-learnls-manifold-nu2-K1300-stride4-learnls-bs1.0-bd0.01-bw0.1-knn15-faiss_atlas_weighted-5-randomwalk-ind1000-lr0.05-ep20-lbs10-blend0.8-infl50-ptls-rootdissolve-dn3-prune0.910,fold_4,learnls-manifold-nu2-K1300-stride4-learnls-bs1.0-bd0.01-bw0.1-knn15-faiss_atlas_weighted-5-randomwalk-ind1000-lr0.05-ep20-lbs10-blend0.8-infl50-ptls-rootdissolve-dn3-prune0.9,manifold,18,PA 36:1,PA_36-1,0,0.9473702311515808,0.5237438580799385,0.2437411175921808,0.8271321058273315,1002.7714972019196
FOLD-4-learnls-manifold-nu2-K1300-stride4-learnls-bs1.0-bd0.01-bw0.1-knn15-faiss_atlas_weighted-5-randomwalk-ind1000-lr0.05-ep20-lbs10-blend0.8-infl50-ptls-rootdissolve-dn3-prune0.910,fold_4,learnls-manifold-nu2-K1300-stride4-learnls-bs1.0-bd0.01-bw0.1-knn15-faiss_atlas_weighted-5-randomwalk-ind1000-lr0.05-ep20-lbs10-blend0.8-infl50-ptls-rootdissolve-dn3-prune0.9,manifold,57,LPC 22:6,LPC_22-6,0,0.8145526647567749,0.5986948385054274,0.3486000919242356,0.7615281939506531,1002.7714972019196
FOLD-4-learnls-manifold-nu2-K1300-stride4-learnls-bs1.0-bd0.01-bw0.1-knn15-faiss_atlas_weighted-5-randomwalk-ind1000-lr0.05-ep20-lbs10-blend0.8-infl50-ptls-rootdissolve-dn3-prune0.910,fold_4,learnls-manifold-nu2-K1300-stride4-learnls-bs1.0-bd0.01-bw0.1-knn15-faiss_atlas_weighted-5-randomwalk-ind1000-lr0.05-ep20-lbs10-blend0.8-infl50-ptls-rootdissolve-dn3-prune0.9,manifold,86,PE O-36:0 PE O-38:3,PE_O-36-0_PE_O-38-3,0,0.7867639064788818,0.6533094907818836,0.422886577363106,0.7167053818702698,1002.7714972019196
FOLD-4-learnls-manifold-nu2-K1300-stride4-learnls-bs1.0-bd0.01-bw0.1-knn15-faiss_atlas_weighted-5-randomwalk-ind1000-lr0.05-ep20-lbs10-blend0.8-infl50-ptls-rootdissolve-dn3-prune0.910,fold_4,learnls-manifold-nu2-K1300-stride4-learnls-bs1.0-bd0.01-bw0.1-knn15-faiss_atlas_weighted-5-randomwalk-ind1000-lr0.05-ep20-lbs10-blend0.8-infl50-ptls-rootdissolve-dn3-prune0.9,manifold,171,Hex2Cer 40:1;O2,Hex2Cer_40-1_O2,0,0.6450154781341553,0.786892584315964,0.6120420193831333,0.6001858115196228,1002.7714972019196
FOLD-4-learnls-manifold-nu2-K1300-stride4-learnls-bs1.0-bd0.01-bw0.1-knn15-faiss_atlas_weighted-5-randomwalk-ind1000-lr0.05-ep20-lbs10-blend0.8-infl50-ptls-rootdissolve-dn3-prune0.9510,fold_4,learnls-manifold-nu2-K1300-stride4-learnls-bs1.0-bd0.01-bw0.1-knn15-faiss_atlas_weighted-5-randomwalk-ind1000-lr0.05-ep20-lbs10-blend0.8-infl50-ptls-rootdissolve-dn3-prune0.95,manifold,97,PC 35:1 PE 38:1,PC_35-1_PE_38-1,0,1.0676265954971311,0.1376893570802948,-0.0142892148879281,0.962962806224823,1000.5547314167022
FOLD-4-learnls-manifold-nu2-K1300-stride4-learnls-bs1.0-bd0.01-bw0.1-knn15-faiss_atlas_weighted-5-randomwalk-ind1000-lr0.05-ep20-lbs10-blend0.8-infl50-ptls-rootdissolve-dn3-prune0.9510,fold_4,learnls-manifold-nu2-K1300-stride4-learnls-bs1.0-bd0.01-bw0.1-knn15-faiss_atlas_weighted-5-randomwalk-ind1000-lr0.05-ep20-lbs10-blend0.8-infl50-ptls-rootdissolve-dn3-prune0.95,manifold,18,PA 36:1,PA_36-1,0,0.9471147060394288,0.523026763363893,0.2441490544322669,0.8294340968132019,1000.5547314167022
FOLD-4-learnls-manifold-nu2-K1300-stride4-learnls-bs1.0-bd0.01-bw0.1-knn15-faiss_atlas_weighted-5-randomwalk-ind1000-lr0.05-ep20-lbs10-blend0.8-infl50-ptls-rootdissolve-dn3-prune0.9510,fold_4,learnls-manifold-nu2-K1300-stride4-learnls-bs1.0-bd0.01-bw0.1-knn15-faiss_atlas_weighted-5-randomwalk-ind1000-lr0.05-ep20-lbs10-blend0.8-infl50-ptls-rootdissolve-dn3-prune0.95,manifold,57,LPC 22:6,LPC_22-6,0,0.8160795569419861,0.5978159371162072,0.3461556996422904,0.7637348771095276,1000.5547314167022
FOLD-4-learnls-manifold-nu2-K1300-stride4-learnls-bs1.0-bd0.01-bw0.1-knn15-faiss_atlas_weighted-5-randomwalk-ind1000-lr0.05-ep20-lbs10-blend0.8-infl50-ptls-rootdissolve-dn3-prune0.9510,fold_4,learnls-manifold-nu2-K1300-stride4-learnls-bs1.0-bd0.01-bw0.1-knn15-faiss_atlas_weighted-5-randomwalk-ind1000-lr0.05-ep20-lbs10-blend0.8-infl50-ptls-rootdissolve-dn3-prune0.95,manifold,86,PE O-36:0 PE O-38:3,PE_O-36-0_PE_O-38-3,0,0.7875357866287231,0.6529004673926425,0.4217536262425003,0.7196648120880127,1000.5547314167022
FOLD-4-learnls-manifold-nu2-K1300-stride4-learnls-bs1.0-bd0.01-bw0.1-knn15-faiss_atlas_weighted-5-randomwalk-ind1000-lr0.05-ep20-lbs10-blend0.8-infl50-ptls-rootdissolve-dn3-prune0.9510,fold_4,learnls-manifold-nu2-K1300-stride4-learnls-bs1.0-bd0.01-bw0.1-knn15-faiss_atlas_weighted-5-randomwalk-ind1000-lr0.05-ep20-lbs10-blend0.8-infl50-ptls-rootdissolve-dn3-prune0.95,manifold,171,Hex2Cer 40:1;O2,Hex2Cer_40-1_O2,0,0.6465011239051819,0.7859678444210398,0.6102528172892319,0.5997779965400696,1000.5547314167022
FOLD-4-learnls-manifold-nu2-K1300-stride4-learnls-bs1.0-bd0.01-bw0.1-knn15-faiss_atlas_weighted-5-randomwalk-ind1000-lr0.05-ep20-lbs10-blend0.8-infl50-ptls-rootdissolve-dn3-prune0.9710,fold_4,learnls-manifold-nu2-K1300-stride4-learnls-bs1.0-bd0.01-bw0.1-knn15-faiss_atlas_weighted-5-randomwalk-ind1000-lr0.05-ep20-lbs10-blend0.8-infl50-ptls-rootdissolve-dn3-prune0.97,manifold,97,PC 35:1 PE 38:1,PC_35-1_PE_38-1,0,1.0671107769012451,0.1370595883034133,-0.0133095066572854,0.9632639288902284,1912.6668943405152
FOLD-4-learnls-manifold-nu2-K1300-stride4-learnls-bs1.0-bd0.01-bw0.1-knn15-faiss_atlas_weighted-5-randomwalk-ind1000-lr0.05-ep20-lbs10-blend0.8-infl50-ptls-rootdissolve-dn3-prune0.9710,fold_4,learnls-manifold-nu2-K1300-stride4-learnls-bs1.0-bd0.01-bw0.1-knn15-faiss_atlas_weighted-5-randomwalk-ind1000-lr0.05-ep20-lbs10-blend0.8-infl50-ptls-rootdissolve-dn3-prune0.97,manifold,18,PA 36:1,PA_36-1,0,0.9445414543151855,0.5260183218090632,0.248250656099326,0.8300779461860657,1912.6668943405152
FOLD-4-learnls-manifold-nu2-K1300-stride4-learnls-bs1.0-bd0.01-bw0.1-knn15-faiss_atlas_weighted-5-randomwalk-ind1000-lr0.05-ep20-lbs10-blend0.8-infl50-ptls-rootdissolve-dn3-prune0.9710,fold_4,learnls-manifold-nu2-K1300-stride4-learnls-bs1.0-bd0.01-bw0.1-knn15-faiss_atlas_weighted-5-randomwalk-ind1000-lr0.05-ep20-lbs10-blend0.8-infl50-ptls-rootdissolve-dn3-prune0.97,manifold,57,LPC 22:6,LPC_22-6,0,0.8146045804023743,0.5992033501983637,0.3485169804279092,0.763602614402771,1912.6668943405152
FOLD-4-learnls-manifold-nu2-K1300-stride4-learnls-bs1.0-bd0.01-bw0.1-knn15-faiss_atlas_weighted-5-randomwalk-ind1000-lr0.05-ep20-lbs10-blend0.8-infl50-ptls-rootdissolve-dn3-prune0.9710,fold_4,learnls-manifold-nu2-K1300-stride4-learnls-bs1.0-bd0.01-bw0.1-knn15-faiss_atlas_weighted-5-randomwalk-ind1000-lr0.05-ep20-lbs10-blend0.8-infl50-ptls-rootdissolve-dn3-prune0.97,manifold,86,PE O-36:0 PE O-38:3,PE_O-36-0_PE_O-38-3,0,0.7869415879249573,0.6533367637331636,0.4226259202213083,0.7202789783477783,1912.6668943405152
FOLD-4-learnls-manifold-nu2-K1300-stride4-learnls-bs1.0-bd0.01-bw0.1-knn15-faiss_atlas_weighted-5-randomwalk-ind1000-lr0.05-ep20-lbs10-blend0.8-infl50-ptls-rootdissolve-dn3-prune0.9710,fold_4,learnls-manifold-nu2-K1300-stride4-learnls-bs1.0-bd0.01-bw0.1-knn15-faiss_atlas_weighted-5-randomwalk-ind1000-lr0.05-ep20-lbs10-blend0.8-infl50-ptls-rootdissolve-dn3-prune0.97,manifold,171,Hex2Cer 40:1;O2,Hex2Cer_40-1_O2,0,0.6471362113952637,0.7854979386185968,0.6094866969818092,0.5997172594070435,1912.6668943405152
FOLD-4-learnls-manifold-nu2-K1300-stride4-learnls-bs1.0-bd0.01-bw0.1-knn15-faiss_atlas_weighted-5-randomwalk-ind1000-lr0.05-ep20-lbs10-blend0.8-infl50-ptls-rootdissolve-dn310,fold_4,learnls-manifold-nu2-K1300-stride4-learnls-bs1.0-bd0.01-bw0.1-knn15-faiss_atlas_weighted-5-randomwalk-ind1000-lr0.05-ep20-lbs10-blend0.8-infl50-ptls-rootdissolve-dn3,manifold,97,PC 35:1 PE 38:1,PC_35-1_PE_38-1,0,1.073421835899353,0.1234240348249067,-0.0253307292185203,0.9600470066070556,1940.246338891983
FOLD-4-learnls-manifold-nu2-K1300-stride4-learnls-bs1.0-bd0.01-bw0.1-knn15-faiss_atlas_weighted-5-randomwalk-ind1000-lr0.05-ep20-lbs10-blend0.8-infl50-ptls-rootdissolve-dn310,fold_4,learnls-manifold-nu2-K1300-stride4-learnls-bs1.0-bd0.01-bw0.1-knn15-faiss_atlas_weighted-5-randomwalk-ind1000-lr0.05-ep20-lbs10-blend0.8-infl50-ptls-rootdissolve-dn3,manifold,18,PA 36:1,PA_36-1,0,0.950999915599823,0.5186155000794089,0.237935074503239,0.8379601836204529,1940.246338891983
FOLD-4-learnls-manifold-nu2-K1300-stride4-learnls-bs1.0-bd0.01-bw0.1-knn15-faiss_atlas_weighted-5-randomwalk-ind1000-lr0.05-ep20-lbs10-blend0.8-infl50-ptls-rootdissolve-dn310,fold_4,learnls-manifold-nu2-K1300-stride4-learnls-bs1.0-bd0.01-bw0.1-knn15-faiss_atlas_weighted-5-randomwalk-ind1000-lr0.05-ep20-lbs10-blend0.8-infl50-ptls-rootdissolve-dn3,manifold,57,LPC 22:6,LPC_22-6,0,0.8188925385475159,0.5932074932688125,0.3416403771268272,0.7676408886909485,1940.246338891983
FOLD-4-learnls-manifold-nu2-K1300-stride4-learnls-bs1.0-bd0.01-bw0.1-knn15-faiss_atlas_weighted-5-randomwalk-ind1000-lr0.05-ep20-lbs10-blend0.8-infl50-ptls-rootdissolve-dn310,fold_4,learnls-manifold-nu2-K1300-stride4-learnls-bs1.0-bd0.01-bw0.1-knn15-faiss_atlas_weighted-5-randomwalk-ind1000-lr0.05-ep20-lbs10-blend0.8-infl50-ptls-rootdissolve-dn3,manifold,86,PE O-36:0 PE O-38:3,PE_O-36-0_PE_O-38-3,0,0.7882608771324158,0.6520073421705369,0.4206883868892412,0.7194099426269531,1940.246338891983
FOLD-4-learnls-manifold-nu2-K1300-stride4-learnls-bs1.0-bd0.01-bw0.1-knn15-faiss_atlas_weighted-5-randomwalk-ind1000-lr0.05-ep20-lbs10-blend0.8-infl50-ptls-rootdissolve-dn310,fold_4,learnls-manifold-nu2-K1300-stride4-learnls-bs1.0-bd0.01-bw0.1-knn15-faiss_atlas_weighted-5-randomwalk-ind1000-lr0.05-ep20-lbs10-blend0.8-infl50-ptls-rootdissolve-dn3,manifold,171,Hex2Cer 40:1;O2,Hex2Cer_40-1_O2,0,0.6489511132240295,0.7847050280309215,0.6072932373721012,0.5949327945709229,1940.246338891983
FOLD-4-learnls-manifold-nu2-K1300-stride4-learnls-bs1.0-bd0.01-bw0.1-knn15-faiss_atlas_weighted-5-randomwalk-ind1000-lr0.05-ep20-lbs10-blend0.8-infl50-rootdissolve-dn3-prune0.910,fold_4,learnls-manifold-nu2-K1300-stride4-learnls-bs1.0-bd0.01-bw0.1-knn15-faiss_atlas_weighted-5-randomwalk-ind1000-lr0.05-ep20-lbs10-blend0.8-infl50-rootdissolve-dn3-prune0.9,manifold,97,PC 35:1 PE 38:1,PC_35-1_PE_38-1,0,1.0685064792633057,0.1383073879575726,-0.0159616937764932,0.960781991481781,478.8035377502441
FOLD-4-learnls-manifold-nu2-K1300-stride4-learnls-bs1.0-bd0.01-bw0.1-knn15-faiss_atlas_weighted-5-randomwalk-ind1000-lr0.05-ep20-lbs10-blend0.8-infl50-rootdissolve-dn3-prune0.910,fold_4,learnls-manifold-nu2-K1300-stride4-learnls-bs1.0-bd0.01-bw0.1-knn15-faiss_atlas_weighted-5-randomwalk-ind1000-lr0.05-ep20-lbs10-blend0.8-infl50-rootdissolve-dn3-prune0.9,manifold,18,PA 36:1,PA_36-1,0,0.9475175738334656,0.5239661168867535,0.243505815524923,0.8270163536071777,478.8035377502441
FOLD-4-learnls-manifold-nu2-K1300-stride4-learnls-bs1.0-bd0.01-bw0.1-knn15-faiss_atlas_weighted-5-randomwalk-ind1000-lr0.05-ep20-lbs10-blend0.8-infl50-rootdissolve-dn3-prune0.910,fold_4,learnls-manifold-nu2-K1300-stride4-learnls-bs1.0-bd0.01-bw0.1-knn15-faiss_atlas_weighted-5-randomwalk-ind1000-lr0.05-ep20-lbs10-blend0.8-infl50-rootdissolve-dn3-prune0.9,manifold,57,LPC 22:6,LPC_22-6,0,0.8148285150527954,0.5985187866761331,0.3481588200377056,0.7617335915565491,478.8035377502441
FOLD-4-learnls-manifold-nu2-K1300-stride4-learnls-bs1.0-bd0.01-bw0.1-knn15-faiss_atlas_weighted-5-randomwalk-ind1000-lr0.05-ep20-lbs10-blend0.8-infl50-rootdissolve-dn3-prune0.910,fold_4,learnls-manifold-nu2-K1300-stride4-learnls-bs1.0-bd0.01-bw0.1-knn15-faiss_atlas_weighted-5-randomwalk-ind1000-lr0.05-ep20-lbs10-blend0.8-infl50-rootdissolve-dn3-prune0.9,manifold,86,PE O-36:0 PE O-38:3,PE_O-36-0_PE_O-38-3,0,0.7861443161964417,0.6535898563987602,0.4237951691904826,0.7179527282714844,478.8035377502441
FOLD-4-learnls-manifold-nu2-K1300-stride4-learnls-bs1.0-bd0.01-bw0.1-knn15-faiss_atlas_weighted-5-randomwalk-ind1000-lr0.05-ep20-lbs10-blend0.8-infl50-rootdissolve-dn3-prune0.910,fold_4,learnls-manifold-nu2-K1300-stride4-learnls-bs1.0-bd0.01-bw0.1-knn15-faiss_atlas_weighted-5-randomwalk-ind1000-lr0.05-ep20-lbs10-blend0.8-infl50-rootdissolve-dn3-prune0.9,manifold,171,Hex2Cer 40:1;O2,Hex2Cer_40-1_O2,0,0.6457186341285706,0.7863522982825359,0.6111957531461951,0.5980823636054993,478.8035377502441
FOLD-4-learnls-manifold-nu2-K1300-stride4-learnls-bs1.0-bd0.01-bw0.1-knn15-faiss_atlas_weighted-5-randomwalk-ind1000-lr0.05-ep20-lbs10-blend0.8-infl50-rootdissolve-dn3-prune0.9510,fold_4,learnls-manifold-nu2-K1300-stride4-learnls-bs1.0-bd0.01-bw0.1-knn15-faiss_atlas_weighted-5-randomwalk-ind1000-lr0.05-ep20-lbs10-blend0.8-infl50-rootdissolve-dn3-prune0.95,manifold,97,PC 35:1 PE 38:1,PC_35-1_PE_38-1,0,1.0674084424972534,0.1392441848238294,-0.0138748646024118,0.962067484855652,802.0517634868622
FOLD-4-learnls-manifold-nu2-K1300-stride4-learnls-bs1.0-bd0.01-bw0.1-knn15-faiss_atlas_weighted-5-randomwalk-ind1000-lr0.05-ep20-lbs10-blend0.8-infl50-rootdissolve-dn3-prune0.9510,fold_4,learnls-manifold-nu2-K1300-stride4-learnls-bs1.0-bd0.01-bw0.1-knn15-faiss_atlas_weighted-5-randomwalk-ind1000-lr0.05-ep20-lbs10-blend0.8-infl50-rootdissolve-dn3-prune0.95,manifold,18,PA 36:1,PA_36-1,0,0.9475110769271852,0.5231018702215933,0.2435162237451282,0.8293105959892273,802.0517634868622
FOLD-4-learnls-manifold-nu2-K1300-stride4-learnls-bs1.0-bd0.01-bw0.1-knn15-faiss_atlas_weighted-5-randomwalk-ind1000-lr0.05-ep20-lbs10-blend0.8-infl50-rootdissolve-dn3-prune0.9510,fold_4,learnls-manifold-nu2-K1300-stride4-learnls-bs1.0-bd0.01-bw0.1-knn15-faiss_atlas_weighted-5-randomwalk-ind1000-lr0.05-ep20-lbs10-blend0.8-infl50-rootdissolve-dn3-prune0.95,manifold,57,LPC 22:6,LPC_22-6,0,0.8162152767181396,0.5976275883117838,0.3459381748245563,0.76395583152771,802.0517634868622
FOLD-4-learnls-manifold-nu2-K1300-stride4-learnls-bs1.0-bd0.01-bw0.1-knn15-faiss_atlas_weighted-5-randomwalk-ind1000-lr0.05-ep20-lbs10-blend0.8-infl50-rootdissolve-dn3-prune0.9510,fold_4,learnls-manifold-nu2-K1300-stride4-learnls-bs1.0-bd0.01-bw0.1-knn15-faiss_atlas_weighted-5-randomwalk-ind1000-lr0.05-ep20-lbs10-blend0.8-infl50-rootdissolve-dn3-prune0.95,manifold,86,PE O-36:0 PE O-38:3,PE_O-36-0_PE_O-38-3,0,0.7871108651161194,0.6530843476723062,0.4223774427562728,0.7198853492736816,802.0517634868622
FOLD-4-learnls-manifold-nu2-K1300-stride4-learnls-bs1.0-bd0.01-bw0.1-knn15-faiss_atlas_weighted-5-randomwalk-ind1000-lr0.05-ep20-lbs10-blend0.8-infl50-rootdissolve-dn3-prune0.9510,fold_4,learnls-manifold-nu2-K1300-stride4-learnls-bs1.0-bd0.01-bw0.1-knn15-faiss_atlas_weighted-5-randomwalk-ind1000-lr0.05-ep20-lbs10-blend0.8-infl50-rootdissolve-dn3-prune0.95,manifold,171,Hex2Cer 40:1;O2,Hex2Cer_40-1_O2,0,0.646690845489502,0.7856086966286016,0.6100240184505699,0.5977903604507446,802.0517634868622
FOLD-4-learnls-manifold-nu2-K1300-stride4-learnls-bs1.0-bd0.01-bw0.1-knn15-faiss_atlas_weighted-5-randomwalk-ind1000-lr0.05-ep20-lbs10-blend0.8-infl50-rootdissolve-dn3-prune0.9710,fold_4,learnls-manifold-nu2-K1300-stride4-learnls-bs1.0-bd0.01-bw0.1-knn15-faiss_atlas_weighted-5-randomwalk-ind1000-lr0.05-ep20-lbs10-blend0.8-infl50-rootdissolve-dn3-prune0.97,manifold,97,PC 35:1 PE 38:1,PC_35-1_PE_38-1,0,1.0669621229171753,0.1383277630965115,-0.0130270578793252,0.962434709072113,827.4734499931335
FOLD-4-learnls-manifold-nu2-K1300-stride4-learnls-bs1.0-bd0.01-bw0.1-knn15-faiss_atlas_weighted-5-randomwalk-ind1000-lr0.05-ep20-lbs10-blend0.8-infl50-rootdissolve-dn3-prune0.9710,fold_4,learnls-manifold-nu2-K1300-stride4-learnls-bs1.0-bd0.01-bw0.1-knn15-faiss_atlas_weighted-5-randomwalk-ind1000-lr0.05-ep20-lbs10-blend0.8-infl50-rootdissolve-dn3-prune0.97,manifold,18,PA 36:1,PA_36-1,0,0.945255696773529,0.5260273344712189,0.2471132719520807,0.8297654986381531,827.4734499931335
FOLD-4-learnls-manifold-nu2-K1300-stride4-learnls-bs1.0-bd0.01-bw0.1-knn15-faiss_atlas_weighted-5-randomwalk-ind1000-lr0.05-ep20-lbs10-blend0.8-infl50-rootdissolve-dn3-prune0.9710,fold_4,learnls-manifold-nu2-K1300-stride4-learnls-bs1.0-bd0.01-bw0.1-knn15-faiss_atlas_weighted-5-randomwalk-ind1000-lr0.05-ep20-lbs10-blend0.8-infl50-rootdissolve-dn3-prune0.97,manifold,57,LPC 22:6,LPC_22-6,0,0.8143386244773865,0.5993124688697209,0.3489423792249958,0.7640225887298584,827.4734499931335
FOLD-4-learnls-manifold-nu2-K1300-stride4-learnls-bs1.0-bd0.01-bw0.1-knn15-faiss_atlas_weighted-5-randomwalk-ind1000-lr0.05-ep20-lbs10-blend0.8-infl50-rootdissolve-dn3-prune0.9710,fold_4,learnls-manifold-nu2-K1300-stride4-learnls-bs1.0-bd0.01-bw0.1-knn15-faiss_atlas_weighted-5-randomwalk-ind1000-lr0.05-ep20-lbs10-blend0.8-infl50-rootdissolve-dn3-prune0.97,manifold,86,PE O-36:0 PE O-38:3,PE_O-36-0_PE_O-38-3,0,0.7866163849830627,0.6534437278237445,0.4231029776596389,0.7202121019363403,827.4734499931335
FOLD-4-learnls-manifold-nu2-K1300-stride4-learnls-bs1.0-bd0.01-bw0.1-knn15-faiss_atlas_weighted-5-randomwalk-ind1000-lr0.05-ep20-lbs10-blend0.8-infl50-rootdissolve-dn3-prune0.9710,fold_4,learnls-manifold-nu2-K1300-stride4-learnls-bs1.0-bd0.01-bw0.1-knn15-faiss_atlas_weighted-5-randomwalk-ind1000-lr0.05-ep20-lbs10-blend0.8-infl50-rootdissolve-dn3-prune0.97,manifold,171,Hex2Cer 40:1;O2,Hex2Cer_40-1_O2,0,0.6470833420753479,0.7851178147079886,0.6095505604425744,0.5983465909957886,827.4734499931335
FOLD-4-learnls-manifold-nu2-K1300-stride4-learnls-bs1.0-bd0.01-bw0.1-knn15-faiss_atlas_weighted-5-randomwalk-ind1000-lr0.05-ep20-lbs10-blend0.8-infl50-rootdissolve-dn310,fold_4,learnls-manifold-nu2-K1300-stride4-learnls-bs1.0-bd0.01-bw0.1-knn15-faiss_atlas_weighted-5-randomwalk-ind1000-lr0.05-ep20-lbs10-blend0.8-infl50-rootdissolve-dn3,manifold,97,PC 35:1 PE 38:1,PC_35-1_PE_38-1,0,1.0719521045684814,0.1255770965873896,-0.0225247721044654,0.9608134031295776,772.0550760269165
FOLD-4-learnls-manifold-nu2-K1300-stride4-learnls-bs1.0-bd0.01-bw0.1-knn15-faiss_atlas_weighted-5-randomwalk-ind1000-lr0.05-ep20-lbs10-blend0.8-infl50-rootdissolve-dn310,fold_4,learnls-manifold-nu2-K1300-stride4-learnls-bs1.0-bd0.01-bw0.1-knn15-faiss_atlas_weighted-5-randomwalk-ind1000-lr0.05-ep20-lbs10-blend0.8-infl50-rootdissolve-dn3,manifold,18,PA 36:1,PA_36-1,0,0.9509202241897584,0.5185473239821821,0.2380627523039766,0.8379268050193787,772.0550760269165
FOLD-4-learnls-manifold-nu2-K1300-stride4-learnls-bs1.0-bd0.01-bw0.1-knn15-faiss_atlas_weighted-5-randomwalk-ind1000-lr0.05-ep20-lbs10-blend0.8-infl50-rootdissolve-dn310,fold_4,learnls-manifold-nu2-K1300-stride4-learnls-bs1.0-bd0.01-bw0.1-knn15-faiss_atlas_weighted-5-randomwalk-ind1000-lr0.05-ep20-lbs10-blend0.8-infl50-rootdissolve-dn3,manifold,57,LPC 22:6,LPC_22-6,0,0.8191375136375427,0.5930978374842861,0.341246407046839,0.7675161361694336,772.0550760269165
FOLD-4-learnls-manifold-nu2-K1300-stride4-learnls-bs1.0-bd0.01-bw0.1-knn15-faiss_atlas_weighted-5-randomwalk-ind1000-lr0.05-ep20-lbs10-blend0.8-infl50-rootdissolve-dn310,fold_4,learnls-manifold-nu2-K1300-stride4-learnls-bs1.0-bd0.01-bw0.1-knn15-faiss_atlas_weighted-5-randomwalk-ind1000-lr0.05-ep20-lbs10-blend0.8-infl50-rootdissolve-dn3,manifold,86,PE O-36:0 PE O-38:3,PE_O-36-0_PE_O-38-3,0,0.7881269454956055,0.6519555321735979,0.4208851911711814,0.7193155288696289,772.0550760269165
FOLD-4-learnls-manifold-nu2-K1300-stride4-learnls-bs1.0-bd0.01-bw0.1-knn15-faiss_atlas_weighted-5-randomwalk-ind1000-lr0.05-ep20-lbs10-blend0.8-infl50-rootdissolve-dn310,fold_4,learnls-manifold-nu2-K1300-stride4-learnls-bs1.0-bd0.01-bw0.1-knn15-faiss_atlas_weighted-5-randomwalk-ind1000-lr0.05-ep20-lbs10-blend0.8-infl50-rootdissolve-dn3,manifold,171,Hex2Cer 40:1;O2,Hex2Cer_40-1_O2,0,0.6486377120018005,0.7844128575615078,0.6076724681303842,0.5967462658882141,772.0550760269165
FOLD-4-learnls-manifold-nu2-K300-stride4-learnls-bs1.0-bd0.01-bw0.1-knn15-faiss_atlas_weighted-5-randomwalk-ind1000-lr0.05-ep20-lbs10-blend0.8-infl50-ptls-rootdissolve-dn3-prune0.910,fold_4,learnls-manifold-nu2-K300-stride4-learnls-bs1.0-bd0.01-bw0.1-knn15-faiss_atlas_weighted-5-randomwalk-ind1000-lr0.05-ep20-lbs10-blend0.8-infl50-ptls-rootdissolve-dn3-prune0.9,manifold,97,PC 35:1 PE 38:1,PC_35-1_PE_38-1,0,1.06318998336792,0.1275212143892478,-0.0058767531189354,0.9707720279693604,1488.3708297252656
FOLD-4-learnls-manifold-nu2-K300-stride4-learnls-bs1.0-bd0.01-bw0.1-knn15-faiss_atlas_weighted-5-randomwalk-ind1000-lr0.05-ep20-lbs10-blend0.8-infl50-ptls-rootdissolve-dn3-prune0.910,fold_4,learnls-manifold-nu2-K300-stride4-learnls-bs1.0-bd0.01-bw0.1-knn15-faiss_atlas_weighted-5-randomwalk-ind1000-lr0.05-ep20-lbs10-blend0.8-infl50-ptls-rootdissolve-dn3-prune0.9,manifold,18,PA 36:1,PA_36-1,0,0.9607836604118348,0.5030119076323277,0.2221744134341241,0.8654559254646301,1488.3708297252656
FOLD-4-learnls-manifold-nu2-K300-stride4-learnls-bs1.0-bd0.01-bw0.1-knn15-faiss_atlas_weighted-5-randomwalk-ind1000-lr0.05-ep20-lbs10-blend0.8-infl50-ptls-rootdissolve-dn3-prune0.910,fold_4,learnls-manifold-nu2-K300-stride4-learnls-bs1.0-bd0.01-bw0.1-knn15-faiss_atlas_weighted-5-randomwalk-ind1000-lr0.05-ep20-lbs10-blend0.8-infl50-ptls-rootdissolve-dn3-prune0.9,manifold,57,LPC 22:6,LPC_22-6,0,0.8428136706352234,0.5588668817287716,0.3026151803751217,0.8027617335319519,1488.3708297252656
FOLD-4-learnls-manifold-nu2-K300-stride4-learnls-bs1.0-bd0.01-bw0.1-knn15-faiss_atlas_weighted-5-randomwalk-ind1000-lr0.05-ep20-lbs10-blend0.8-infl50-ptls-rootdissolve-dn3-prune0.910,fold_4,learnls-manifold-nu2-K300-stride4-learnls-bs1.0-bd0.01-bw0.1-knn15-faiss_atlas_weighted-5-randomwalk-ind1000-lr0.05-ep20-lbs10-blend0.8-infl50-ptls-rootdissolve-dn3-prune0.9,manifold,86,PE O-36:0 PE O-38:3,PE_O-36-0_PE_O-38-3,0,0.8156870603561401,0.6176200057712535,0.3796747724827336,0.7630667090415955,1488.3708297252656
FOLD-4-learnls-manifold-nu2-K300-stride4-learnls-bs1.0-bd0.01-bw0.1-knn15-faiss_atlas_weighted-5-randomwalk-ind1000-lr0.05-ep20-lbs10-blend0.8-infl50-ptls-rootdissolve-dn3-prune0.910,fold_4,learnls-manifold-nu2-K300-stride4-learnls-bs1.0-bd0.01-bw0.1-knn15-faiss_atlas_weighted-5-randomwalk-ind1000-lr0.05-ep20-lbs10-blend0.8-infl50-ptls-rootdissolve-dn3-prune0.9,manifold,171,Hex2Cer 40:1;O2,Hex2Cer_40-1_O2,0,0.6894553899765015,0.7513602669105782,0.5567418104609676,0.6361030340194702,1488.3708297252656
FOLD-4-learnls-manifold-nu2-K300-stride4-learnls-bs1.0-bd0.01-bw0.1-knn15-faiss_atlas_weighted-5-randomwalk-ind1000-lr0.05-ep20-lbs10-blend0.8-infl50-ptls-rootdissolve-dn3-prune0.9510,fold_4,learnls-manifold-nu2-K300-stride4-learnls-bs1.0-bd0.01-bw0.1-knn15-faiss_atlas_weighted-5-randomwalk-ind1000-lr0.05-ep20-lbs10-blend0.8-infl50-ptls-rootdissolve-dn3-prune0.95,manifold,97,PC 35:1 PE 38:1,PC_35-1_PE_38-1,0,1.061830997467041,0.1301515070013437,-0.0033070907649264,0.9719685912132264,1186.6284724235534
FOLD-4-learnls-manifold-nu2-K300-stride4-learnls-bs1.0-bd0.01-bw0.1-knn15-faiss_atlas_weighted-5-randomwalk-ind1000-lr0.05-ep20-lbs10-blend0.8-infl50-ptls-rootdissolve-dn3-prune0.9510,fold_4,learnls-manifold-nu2-K300-stride4-learnls-bs1.0-bd0.01-bw0.1-knn15-faiss_atlas_weighted-5-randomwalk-ind1000-lr0.05-ep20-lbs10-blend0.8-infl50-ptls-rootdissolve-dn3-prune0.95,manifold,18,PA 36:1,PA_36-1,0,0.9594924449920654,0.5018430050980544,0.2242636865371033,0.8723926544189453,1186.6284724235534
FOLD-4-learnls-manifold-nu2-K300-stride4-learnls-bs1.0-bd0.01-bw0.1-knn15-faiss_atlas_weighted-5-randomwalk-ind1000-lr0.05-ep20-lbs10-blend0.8-infl50-ptls-rootdissolve-dn3-prune0.9510,fold_4,learnls-manifold-nu2-K300-stride4-learnls-bs1.0-bd0.01-bw0.1-knn15-faiss_atlas_weighted-5-randomwalk-ind1000-lr0.05-ep20-lbs10-blend0.8-infl50-ptls-rootdissolve-dn3-prune0.95,manifold,57,LPC 22:6,LPC_22-6,0,0.8479601144790649,0.5500756481415238,0.2940722836366162,0.8107227087020874,1186.6284724235534
FOLD-4-learnls-manifold-nu2-K300-stride4-learnls-bs1.0-bd0.01-bw0.1-knn15-faiss_atlas_weighted-5-randomwalk-ind1000-lr0.05-ep20-lbs10-blend0.8-infl50-ptls-rootdissolve-dn3-prune0.9510,fold_4,learnls-manifold-nu2-K300-stride4-learnls-bs1.0-bd0.01-bw0.1-knn15-faiss_atlas_weighted-5-randomwalk-ind1000-lr0.05-ep20-lbs10-blend0.8-infl50-ptls-rootdissolve-dn3-prune0.95,manifold,86,PE O-36:0 PE O-38:3,PE_O-36-0_PE_O-38-3,0,0.8304013609886169,0.6005538458234463,0.3570926267432539,0.77161705493927,1186.6284724235534
FOLD-4-learnls-manifold-nu2-K300-stride4-learnls-bs1.0-bd0.01-bw0.1-knn15-faiss_atlas_weighted-5-randomwalk-ind1000-lr0.05-ep20-lbs10-blend0.8-infl50-ptls-rootdissolve-dn3-prune0.9510,fold_4,learnls-manifold-nu2-K300-stride4-learnls-bs1.0-bd0.01-bw0.1-knn15-faiss_atlas_weighted-5-randomwalk-ind1000-lr0.05-ep20-lbs10-blend0.8-infl50-ptls-rootdissolve-dn3-prune0.95,manifold,171,Hex2Cer 40:1;O2,Hex2Cer_40-1_O2,0,0.7039507627487183,0.7394500488234503,0.5379074567193889,0.6438657641410828,1186.6284724235534
FOLD-4-learnls-manifold-nu2-K300-stride4-learnls-bs1.0-bd0.01-bw0.1-knn15-faiss_atlas_weighted-5-randomwalk-ind1000-lr0.05-ep20-lbs10-blend0.8-infl50-ptls-rootdissolve-dn3-prune0.9710,fold_4,learnls-manifold-nu2-K300-stride4-learnls-bs1.0-bd0.01-bw0.1-knn15-faiss_atlas_weighted-5-randomwalk-ind1000-lr0.05-ep20-lbs10-blend0.8-infl50-ptls-rootdissolve-dn3-prune0.97,manifold,97,PC 35:1 PE 38:1,PC_35-1_PE_38-1,0,1.0616360902786257,0.1290304767537653,-0.002938779400023,0.974761724472046,832.5915608882904
FOLD-4-learnls-manifold-nu2-K300-stride4-learnls-bs1.0-bd0.01-bw0.1-knn15-faiss_atlas_weighted-5-randomwalk-ind1000-lr0.05-ep20-lbs10-blend0.8-infl50-ptls-rootdissolve-dn3-prune0.9710,fold_4,learnls-manifold-nu2-K300-stride4-learnls-bs1.0-bd0.01-bw0.1-knn15-faiss_atlas_weighted-5-randomwalk-ind1000-lr0.05-ep20-lbs10-blend0.8-infl50-ptls-rootdissolve-dn3-prune0.97,manifold,18,PA 36:1,PA_36-1,0,0.9615322351455688,0.4982926075839936,0.220961883026863,0.8748825192451477,832.5915608882904
FOLD-4-learnls-manifold-nu2-K300-stride4-learnls-bs1.0-bd0.01-bw0.1-knn15-faiss_atlas_weighted-5-randomwalk-ind1000-lr0.05-ep20-lbs10-blend0.8-infl50-ptls-rootdissolve-dn3-prune0.9710,fold_4,learnls-manifold-nu2-K300-stride4-learnls-bs1.0-bd0.01-bw0.1-knn15-faiss_atlas_weighted-5-randomwalk-ind1000-lr0.05-ep20-lbs10-blend0.8-infl50-ptls-rootdissolve-dn3-prune0.97,manifold,57,LPC 22:6,LPC_22-6,0,0.8514809012413025,0.5440947412516568,0.288198034187714,0.8167663812637329,832.5915608882904
FOLD-4-learnls-manifold-nu2-K300-stride4-learnls-bs1.0-bd0.01-bw0.1-knn15-faiss_atlas_weighted-5-randomwalk-ind1000-lr0.05-ep20-lbs10-blend0.8-infl50-ptls-rootdissolve-dn3-prune0.9710,fold_4,learnls-manifold-nu2-K300-stride4-learnls-bs1.0-bd0.01-bw0.1-knn15-faiss_atlas_weighted-5-randomwalk-ind1000-lr0.05-ep20-lbs10-blend0.8-infl50-ptls-rootdissolve-dn3-prune0.97,manifold,86,PE O-36:0 PE O-38:3,PE_O-36-0_PE_O-38-3,0,0.8327895998954773,0.5966006508635585,0.3533892814623812,0.7785859107971191,832.5915608882904
FOLD-4-learnls-manifold-nu2-K300-stride4-learnls-bs1.0-bd0.01-bw0.1-knn15-faiss_atlas_weighted-5-randomwalk-ind1000-lr0.05-ep20-lbs10-blend0.8-infl50-ptls-rootdissolve-dn3-prune0.9710,fold_4,learnls-manifold-nu2-K300-stride4-learnls-bs1.0-bd0.01-bw0.1-knn15-faiss_atlas_weighted-5-randomwalk-ind1000-lr0.05-ep20-lbs10-blend0.8-infl50-ptls-rootdissolve-dn3-prune0.97,manifold,171,Hex2Cer 40:1;O2,Hex2Cer_40-1_O2,0,0.7123323678970337,0.7312405237291718,0.5268380917139601,0.655398428440094,832.5915608882904
FOLD-4-learnls-manifold-nu2-K300-stride4-learnls-bs1.0-bd0.01-bw0.1-knn15-faiss_atlas_weighted-5-randomwalk-ind1000-lr0.05-ep20-lbs10-blend0.8-infl50-ptls-rootdissolve-dn310,fold_4,learnls-manifold-nu2-K300-stride4-learnls-bs1.0-bd0.01-bw0.1-knn15-faiss_atlas_weighted-5-randomwalk-ind1000-lr0.05-ep20-lbs10-blend0.8-infl50-ptls-rootdissolve-dn3,manifold,97,PC 35:1 PE 38:1,PC_35-1_PE_38-1,0,1.0633254051208496,0.1245127891263983,-0.0061331899067493,0.9735860228538512,1490.098394060135
FOLD-4-learnls-manifold-nu2-K300-stride4-learnls-bs1.0-bd0.01-bw0.1-knn15-faiss_atlas_weighted-5-randomwalk-ind1000-lr0.05-ep20-lbs10-blend0.8-infl50-ptls-rootdissolve-dn310,fold_4,learnls-manifold-nu2-K300-stride4-learnls-bs1.0-bd0.01-bw0.1-knn15-faiss_atlas_weighted-5-randomwalk-ind1000-lr0.05-ep20-lbs10-blend0.8-infl50-ptls-rootdissolve-dn3,manifold,18,PA 36:1,PA_36-1,0,0.9698854088783264,0.4876851422935243,0.2073674395996267,0.8709821105003357,1490.098394060135
FOLD-4-learnls-manifold-nu2-K300-stride4-learnls-bs1.0-bd0.01-bw0.1-knn15-faiss_atlas_weighted-5-randomwalk-ind1000-lr0.05-ep20-lbs10-blend0.8-infl50-ptls-rootdissolve-dn310,fold_4,learnls-manifold-nu2-K300-stride4-learnls-bs1.0-bd0.01-bw0.1-knn15-faiss_atlas_weighted-5-randomwalk-ind1000-lr0.05-ep20-lbs10-blend0.8-infl50-ptls-rootdissolve-dn3,manifold,57,LPC 22:6,LPC_22-6,0,0.8489203453063965,0.5457632187803652,0.2924725936824977,0.8173598647117615,1490.098394060135
FOLD-4-learnls-manifold-nu2-K300-stride4-learnls-bs1.0-bd0.01-bw0.1-knn15-faiss_atlas_weighted-5-randomwalk-ind1000-lr0.05-ep20-lbs10-blend0.8-infl50-ptls-rootdissolve-dn310,fold_4,learnls-manifold-nu2-K300-stride4-learnls-bs1.0-bd0.01-bw0.1-knn15-faiss_atlas_weighted-5-randomwalk-ind1000-lr0.05-ep20-lbs10-blend0.8-infl50-ptls-rootdissolve-dn3,manifold,86,PE O-36:0 PE O-38:3,PE_O-36-0_PE_O-38-3,0,0.8218545317649841,0.6099931873278278,0.3702586764369381,0.768527626991272,1490.098394060135
FOLD-4-learnls-manifold-nu2-K300-stride4-learnls-bs1.0-bd0.01-bw0.1-knn15-faiss_atlas_weighted-5-randomwalk-ind1000-lr0.05-ep20-lbs10-blend0.8-infl50-ptls-rootdissolve-dn310,fold_4,learnls-manifold-nu2-K300-stride4-learnls-bs1.0-bd0.01-bw0.1-knn15-faiss_atlas_weighted-5-randomwalk-ind1000-lr0.05-ep20-lbs10-blend0.8-infl50-ptls-rootdissolve-dn3,manifold,171,Hex2Cer 40:1;O2,Hex2Cer_40-1_O2,0,0.6961039900779724,0.7443835544844911,0.5481517226972549,0.6490187644958496,1490.098394060135
FOLD-4-learnls-manifold-nu2-K300-stride4-learnls-bs1.0-bd0.01-bw0.1-knn15-faiss_atlas_weighted-5-randomwalk-ind1000-lr0.05-ep20-lbs10-blend0.8-infl50-rootdissolve-dn3-prune0.910,fold_4,learnls-manifold-nu2-K300-stride4-learnls-bs1.0-bd0.01-bw0.1-knn15-faiss_atlas_weighted-5-randomwalk-ind1000-lr0.05-ep20-lbs10-blend0.8-infl50-rootdissolve-dn3-prune0.9,manifold,97,PC 35:1 PE 38:1,PC_35-1_PE_38-1,0,1.0635582208633425,0.1255869592045524,-0.0065737823770148,0.971047043800354,452.7825549125672
FOLD-4-learnls-manifold-nu2-K300-stride4-learnls-bs1.0-bd0.01-bw0.1-knn15-faiss_atlas_weighted-5-randomwalk-ind1000-lr0.05-ep20-lbs10-blend0.8-infl50-rootdissolve-dn3-prune0.910,fold_4,learnls-manifold-nu2-K300-stride4-learnls-bs1.0-bd0.01-bw0.1-knn15-faiss_atlas_weighted-5-randomwalk-ind1000-lr0.05-ep20-lbs10-blend0.8-infl50-rootdissolve-dn3-prune0.9,manifold,18,PA 36:1,PA_36-1,0,0.960519552230835,0.5030366054547546,0.2226020223553312,0.8652455806732178,452.7825549125672
FOLD-4-learnls-manifold-nu2-K300-stride4-learnls-bs1.0-bd0.01-bw0.1-knn15-faiss_atlas_weighted-5-randomwalk-ind1000-lr0.05-ep20-lbs10-blend0.8-infl50-rootdissolve-dn3-prune0.910,fold_4,learnls-manifold-nu2-K300-stride4-learnls-bs1.0-bd0.01-bw0.1-knn15-faiss_atlas_weighted-5-randomwalk-ind1000-lr0.05-ep20-lbs10-blend0.8-infl50-rootdissolve-dn3-prune0.9,manifold,57,LPC 22:6,LPC_22-6,0,0.8428772687911987,0.5590442941502731,0.3025099100459323,0.8025732636451721,452.7825549125672
FOLD-4-learnls-manifold-nu2-K300-stride4-learnls-bs1.0-bd0.01-bw0.1-knn15-faiss_atlas_weighted-5-randomwalk-ind1000-lr0.05-ep20-lbs10-blend0.8-infl50-rootdissolve-dn3-prune0.910,fold_4,learnls-manifold-nu2-K300-stride4-learnls-bs1.0-bd0.01-bw0.1-knn15-faiss_atlas_weighted-5-randomwalk-ind1000-lr0.05-ep20-lbs10-blend0.8-infl50-rootdissolve-dn3-prune0.9,manifold,86,PE O-36:0 PE O-38:3,PE_O-36-0_PE_O-38-3,0,0.8157515525817871,0.6174452051273386,0.3795766718189111,0.7628383040428162,452.7825549125672
FOLD-4-learnls-manifold-nu2-K300-stride4-learnls-bs1.0-bd0.01-bw0.1-knn15-faiss_atlas_weighted-5-randomwalk-ind1000-lr0.05-ep20-lbs10-blend0.8-infl50-rootdissolve-dn3-prune0.910,fold_4,learnls-manifold-nu2-K300-stride4-learnls-bs1.0-bd0.01-bw0.1-knn15-faiss_atlas_weighted-5-randomwalk-ind1000-lr0.05-ep20-lbs10-blend0.8-infl50-rootdissolve-dn3-prune0.9,manifold,171,Hex2Cer 40:1;O2,Hex2Cer_40-1_O2,0,0.6893308758735657,0.7513136582231632,0.556901921403679,0.6360647678375244,452.7825549125672
FOLD-4-learnls-manifold-nu2-K300-stride4-learnls-bs1.0-bd0.01-bw0.1-knn15-faiss_atlas_weighted-5-randomwalk-ind1000-lr0.05-ep20-lbs10-blend0.8-infl50-rootdissolve-dn3-prune0.9510,fold_4,learnls-manifold-nu2-K300-stride4-learnls-bs1.0-bd0.01-bw0.1-knn15-faiss_atlas_weighted-5-randomwalk-ind1000-lr0.05-ep20-lbs10-blend0.8-infl50-rootdissolve-dn3-prune0.95,manifold,97,PC 35:1 PE 38:1,PC_35-1_PE_38-1,0,1.062106728553772,0.1292992710322716,-0.0038281362489627,0.9717292189598083,442.5207347393036
FOLD-4-learnls-manifold-nu2-K300-stride4-learnls-bs1.0-bd0.01-bw0.1-knn15-faiss_atlas_weighted-5-randomwalk-ind1000-lr0.05-ep20-lbs10-blend0.8-infl50-rootdissolve-dn3-prune0.9510,fold_4,learnls-manifold-nu2-K300-stride4-learnls-bs1.0-bd0.01-bw0.1-knn15-faiss_atlas_weighted-5-randomwalk-ind1000-lr0.05-ep20-lbs10-blend0.8-infl50-rootdissolve-dn3-prune0.95,manifold,18,PA 36:1,PA_36-1,0,0.9592113494873048,0.5019132986960707,0.2247181606549658,0.8722407221794128,442.5207347393036
FOLD-4-learnls-manifold-nu2-K300-stride4-learnls-bs1.0-bd0.01-bw0.1-knn15-faiss_atlas_weighted-5-randomwalk-ind1000-lr0.05-ep20-lbs10-blend0.8-infl50-rootdissolve-dn3-prune0.9510,fold_4,learnls-manifold-nu2-K300-stride4-learnls-bs1.0-bd0.01-bw0.1-knn15-faiss_atlas_weighted-5-randomwalk-ind1000-lr0.05-ep20-lbs10-blend0.8-infl50-rootdissolve-dn3-prune0.95,manifold,57,LPC 22:6,LPC_22-6,0,0.8480708599090576,0.5500731156154542,0.2938879018296402,0.8105666637420654,442.5207347393036
FOLD-4-learnls-manifold-nu2-K300-stride4-learnls-bs1.0-bd0.01-bw0.1-knn15-faiss_atlas_weighted-5-randomwalk-ind1000-lr0.05-ep20-lbs10-blend0.8-infl50-rootdissolve-dn3-prune0.9510,fold_4,learnls-manifold-nu2-K300-stride4-learnls-bs1.0-bd0.01-bw0.1-knn15-faiss_atlas_weighted-5-randomwalk-ind1000-lr0.05-ep20-lbs10-blend0.8-infl50-rootdissolve-dn3-prune0.95,manifold,86,PE O-36:0 PE O-38:3,PE_O-36-0_PE_O-38-3,0,0.8303515315055847,0.6005426974247763,0.3571698048930344,0.7714322805404663,442.5207347393036
FOLD-4-learnls-manifold-nu2-K300-stride4-learnls-bs1.0-bd0.01-bw0.1-knn15-faiss_atlas_weighted-5-randomwalk-ind1000-lr0.05-ep20-lbs10-blend0.8-infl50-rootdissolve-dn3-prune0.9510,fold_4,learnls-manifold-nu2-K300-stride4-learnls-bs1.0-bd0.01-bw0.1-knn15-faiss_atlas_weighted-5-randomwalk-ind1000-lr0.05-ep20-lbs10-blend0.8-infl50-rootdissolve-dn3-prune0.95,manifold,171,Hex2Cer 40:1;O2,Hex2Cer_40-1_O2,0,0.703882098197937,0.7394313775850531,0.5379976133519138,0.6439236998558044,442.5207347393036
FOLD-4-learnls-manifold-nu2-K300-stride4-learnls-bs1.0-bd0.01-bw0.1-knn15-faiss_atlas_weighted-5-randomwalk-ind1000-lr0.05-ep20-lbs10-blend0.8-infl50-rootdissolve-dn3-prune0.9710,fold_4,learnls-manifold-nu2-K300-stride4-learnls-bs1.0-bd0.01-bw0.1-knn15-faiss_atlas_weighted-5-randomwalk-ind1000-lr0.05-ep20-lbs10-blend0.8-infl50-rootdissolve-dn3-prune0.97,manifold,97,PC 35:1 PE 38:1,PC_35-1_PE_38-1,0,1.061911702156067,0.1283527536486801,-0.0034597097867581,0.9747549891471864,441.5941117286682
FOLD-4-learnls-manifold-nu2-K300-stride4-learnls-bs1.0-bd0.01-bw0.1-knn15-faiss_atlas_weighted-5-randomwalk-ind1000-lr0.05-ep20-lbs10-blend0.8-infl50-rootdissolve-dn3-prune0.9710,fold_4,learnls-manifold-nu2-K300-stride4-learnls-bs1.0-bd0.01-bw0.1-knn15-faiss_atlas_weighted-5-randomwalk-ind1000-lr0.05-ep20-lbs10-blend0.8-infl50-rootdissolve-dn3-prune0.97,manifold,18,PA 36:1,PA_36-1,0,0.9609920978546144,0.4984127171717453,0.2218368274436974,0.8748051524162292,441.5941117286682
FOLD-4-learnls-manifold-nu2-K300-stride4-learnls-bs1.0-bd0.01-bw0.1-knn15-faiss_atlas_weighted-5-randomwalk-ind1000-lr0.05-ep20-lbs10-blend0.8-infl50-rootdissolve-dn3-prune0.9710,fold_4,learnls-manifold-nu2-K300-stride4-learnls-bs1.0-bd0.01-bw0.1-knn15-faiss_atlas_weighted-5-randomwalk-ind1000-lr0.05-ep20-lbs10-blend0.8-infl50-rootdissolve-dn3-prune0.97,manifold,57,LPC 22:6,LPC_22-6,0,0.8517554998397827,0.5439829797698603,0.287738793963934,0.8167073726654053,441.5941117286682
FOLD-4-learnls-manifold-nu2-K300-stride4-learnls-bs1.0-bd0.01-bw0.1-knn15-faiss_atlas_weighted-5-randomwalk-ind1000-lr0.05-ep20-lbs10-blend0.8-infl50-rootdissolve-dn3-prune0.9710,fold_4,learnls-manifold-nu2-K300-stride4-learnls-bs1.0-bd0.01-bw0.1-knn15-faiss_atlas_weighted-5-randomwalk-ind1000-lr0.05-ep20-lbs10-blend0.8-infl50-rootdissolve-dn3-prune0.97,manifold,86,PE O-36:0 PE O-38:3,PE_O-36-0_PE_O-38-3,0,0.8327735066413879,0.5965225063728316,0.3534142437702008,0.7785536646842957,441.5941117286682
FOLD-4-learnls-manifold-nu2-K300-stride4-learnls-bs1.0-bd0.01-bw0.1-knn15-faiss_atlas_weighted-5-randomwalk-ind1000-lr0.05-ep20-lbs10-blend0.8-infl50-rootdissolve-dn3-prune0.9710,fold_4,learnls-manifold-nu2-K300-stride4-learnls-bs1.0-bd0.01-bw0.1-knn15-faiss_atlas_weighted-5-randomwalk-ind1000-lr0.05-ep20-lbs10-blend0.8-infl50-rootdissolve-dn3-prune0.97,manifold,171,Hex2Cer 40:1;O2,Hex2Cer_40-1_O2,0,0.7122604250907898,0.7311481147880146,0.5269336758360685,0.6550875306129456,441.5941117286682
FOLD-4-learnls-manifold-nu2-K300-stride4-learnls-bs1.0-bd0.01-bw0.1-knn15-faiss_atlas_weighted-5-randomwalk-ind1000-lr0.05-ep20-lbs10-blend0.8-infl50-rootdissolve-dn310,fold_4,learnls-manifold-nu2-K300-stride4-learnls-bs1.0-bd0.01-bw0.1-knn15-faiss_atlas_weighted-5-randomwalk-ind1000-lr0.05-ep20-lbs10-blend0.8-infl50-rootdissolve-dn3,manifold,97,PC 35:1 PE 38:1,PC_35-1_PE_38-1,0,1.0632891654968262,0.123994572237004,-0.0060644768177344,0.973662495613098,534.4044212818146
FOLD-4-learnls-manifold-nu2-K300-stride4-learnls-bs1.0-bd0.01-bw0.1-knn15-faiss_atlas_weighted-5-randomwalk-ind1000-lr0.05-ep20-lbs10-blend0.8-infl50-rootdissolve-dn310,fold_4,learnls-manifold-nu2-K300-stride4-learnls-bs1.0-bd0.01-bw0.1-knn15-faiss_atlas_weighted-5-randomwalk-ind1000-lr0.05-ep20-lbs10-blend0.8-infl50-rootdissolve-dn3,manifold,18,PA 36:1,PA_36-1,0,0.9696810245513916,0.4878914411910492,0.2077015380188852,0.87055504322052,534.4044212818146
FOLD-4-learnls-manifold-nu2-K300-stride4-learnls-bs1.0-bd0.01-bw0.1-knn15-faiss_atlas_weighted-5-randomwalk-ind1000-lr0.05-ep20-lbs10-blend0.8-infl50-rootdissolve-dn310,fold_4,learnls-manifold-nu2-K300-stride4-learnls-bs1.0-bd0.01-bw0.1-knn15-faiss_atlas_weighted-5-randomwalk-ind1000-lr0.05-ep20-lbs10-blend0.8-infl50-rootdissolve-dn3,manifold,57,LPC 22:6,LPC_22-6,0,0.849134087562561,0.5457976972847588,0.2921162745706694,0.8174859881401062,534.4044212818146
FOLD-4-learnls-manifold-nu2-K300-stride4-learnls-bs1.0-bd0.01-bw0.1-knn15-faiss_atlas_weighted-5-randomwalk-ind1000-lr0.05-ep20-lbs10-blend0.8-infl50-rootdissolve-dn310,fold_4,learnls-manifold-nu2-K300-stride4-learnls-bs1.0-bd0.01-bw0.1-knn15-faiss_atlas_weighted-5-randomwalk-ind1000-lr0.05-ep20-lbs10-blend0.8-infl50-rootdissolve-dn3,manifold,86,PE O-36:0 PE O-38:3,PE_O-36-0_PE_O-38-3,0,0.8220506906509399,0.6097169791184862,0.3699580434253713,0.768255889415741,534.4044212818146
FOLD-4-learnls-manifold-nu2-K300-stride4-learnls-bs1.0-bd0.01-bw0.1-knn15-faiss_atlas_weighted-5-randomwalk-ind1000-lr0.05-ep20-lbs10-blend0.8-infl50-rootdissolve-dn310,fold_4,learnls-manifold-nu2-K300-stride4-learnls-bs1.0-bd0.01-bw0.1-knn15-faiss_atlas_weighted-5-randomwalk-ind1000-lr0.05-ep20-lbs10-blend0.8-infl50-rootdissolve-dn3,manifold,171,Hex2Cer 40:1;O2,Hex2Cer_40-1_O2,0,0.6959397792816162,0.7443515322403698,0.5483649024270045,0.6492260098457336,534.4044212818146
FOLD-4-spectral-nu2-K100-stride4-bw0.1-knn15-faiss_atlas_weighted-5-randomwalk-lr0.05-ep20-lbs10-rootdissolve-dn310,fold_4,spectral-nu2-K100-stride4-bw0.1-knn15-faiss_atlas_weighted-5-randomwalk-lr0.05-ep20-lbs10-rootdissolve-dn3,spectral,97,PC 35:1 PE 38:1,PC_35-1_PE_38-1,0,1.0588552951812744,0.1266794005276825,0.0023085065768324,1.007242202758789,170.21344275474547
FOLD-4-spectral-nu2-K100-stride4-bw0.1-knn15-faiss_atlas_weighted-5-randomwalk-lr0.05-ep20-lbs10-rootdissolve-dn310,fold_4,spectral-nu2-K100-stride4-bw0.1-knn15-faiss_atlas_weighted-5-randomwalk-lr0.05-ep20-lbs10-rootdissolve-dn3,spectral,18,PA 36:1,PA_36-1,0,0.9955053329467772,0.4423722001364591,0.1649390110991953,0.907923698425293,170.21344275474547
FOLD-4-spectral-nu2-K100-stride4-bw0.1-knn15-faiss_atlas_weighted-5-randomwalk-lr0.05-ep20-lbs10-rootdissolve-dn310,fold_4,spectral-nu2-K100-stride4-bw0.1-knn15-faiss_atlas_weighted-5-randomwalk-lr0.05-ep20-lbs10-rootdissolve-dn3,spectral,57,LPC 22:6,LPC_22-6,0,0.8836812376976013,0.4883702831632204,0.2333438751811357,0.8721938729286194,170.21344275474547
FOLD-4-spectral-nu2-K100-stride4-bw0.1-knn15-faiss_atlas_weighted-5-randomwalk-lr0.05-ep20-lbs10-rootdissolve-dn310,fold_4,spectral-nu2-K100-stride4-bw0.1-knn15-faiss_atlas_weighted-5-randomwalk-lr0.05-ep20-lbs10-rootdissolve-dn3,spectral,86,PE O-36:0 PE O-38:3,PE_O-36-0_PE_O-38-3,0,0.8695304989814758,0.5487899907122651,0.2950766068505858,0.8278730511665344,170.21344275474547
FOLD-4-spectral-nu2-K100-stride4-bw0.1-knn15-faiss_atlas_weighted-5-randomwalk-lr0.05-ep20-lbs10-rootdissolve-dn310,fold_4,spectral-nu2-K100-stride4-bw0.1-knn15-faiss_atlas_weighted-5-randomwalk-lr0.05-ep20-lbs10-rootdissolve-dn3,spectral,171,Hex2Cer 40:1;O2,Hex2Cer_40-1_O2,0,0.7656270861625671,0.6747652268707871,0.4533882370138868,0.7265499234199524,170.21344275474547
FOLD-4-spectral-nu2-K1300-stride4-bw0.1-knn15-faiss_atlas_weighted-5-randomwalk-lr0.05-ep20-lbs10-rootdissolve-dn310,fold_4,spectral-nu2-K1300-stride4-bw0.1-knn15-faiss_atlas_weighted-5-randomwalk-lr0.05-ep20-lbs10-rootdissolve-dn3,spectral,97,PC 35:1 PE 38:1,PC_35-1_PE_38-1,0,1.0827088356018066,0.1222434905013765,-0.0431491726633319,0.9623400568962096,422.1191092967987
FOLD-4-spectral-nu2-K1300-stride4-bw0.1-knn15-faiss_atlas_weighted-5-randomwalk-lr0.05-ep20-lbs10-rootdissolve-dn310,fold_4,spectral-nu2-K1300-stride4-bw0.1-knn15-faiss_atlas_weighted-5-randomwalk-lr0.05-ep20-lbs10-rootdissolve-dn3,spectral,18,PA 36:1,PA_36-1,0,0.9675594568252563,0.503281723475355,0.211164641695657,0.8312571048736572,422.1191092967987
FOLD-4-spectral-nu2-K1300-stride4-bw0.1-knn15-faiss_atlas_weighted-5-randomwalk-lr0.05-ep20-lbs10-rootdissolve-dn310,fold_4,spectral-nu2-K1300-stride4-bw0.1-knn15-faiss_atlas_weighted-5-randomwalk-lr0.05-ep20-lbs10-rootdissolve-dn3,spectral,57,LPC 22:6,LPC_22-6,0,0.8342850804328918,0.5826714180303696,0.3166576581593044,0.7682763934135437,422.1191092967987
FOLD-4-spectral-nu2-K1300-stride4-bw0.1-knn15-faiss_atlas_weighted-5-randomwalk-lr0.05-ep20-lbs10-rootdissolve-dn310,fold_4,spectral-nu2-K1300-stride4-bw0.1-knn15-faiss_atlas_weighted-5-randomwalk-lr0.05-ep20-lbs10-rootdissolve-dn3,spectral,86,PE O-36:0 PE O-38:3,PE_O-36-0_PE_O-38-3,0,0.797335684299469,0.645050670887978,0.4072730155945084,0.7079749703407288,422.1191092967987
FOLD-4-spectral-nu2-K1300-stride4-bw0.1-knn15-faiss_atlas_weighted-5-randomwalk-lr0.05-ep20-lbs10-rootdissolve-dn310,fold_4,spectral-nu2-K1300-stride4-bw0.1-knn15-faiss_atlas_weighted-5-randomwalk-lr0.05-ep20-lbs10-rootdissolve-dn3,spectral,171,Hex2Cer 40:1;O2,Hex2Cer_40-1_O2,0,0.6570401787757874,0.7775953018998022,0.5974421930145556,0.5919523239135742,422.1191092967987
FOLD-5-euclidean-ard-matern-nu1.5-ind1000-5-lr0.05-ep20-lbs1010,fold_5,euclidean-ard-matern-nu1.5-ind1000-5-lr0.05-ep20-lbs10,euclidean,97,PC 35:1 PE 38:1,PC_35-1_PE_38-1,0,1.1308298110961914,0.1619756259045408,0.0169197361699209,0.9709334969520568,398.5782158851624
FOLD-5-euclidean-ard-matern-nu1.5-ind1000-5-lr0.05-ep20-lbs1010,fold_5,euclidean-ard-matern-nu1.5-ind1000-5-lr0.05-ep20-lbs10,euclidean,18,PA 36:1,PA_36-1,0,0.9852479100227356,0.4905869856742518,0.2176465094886949,0.8292421698570251,398.5782158851624
FOLD-5-euclidean-ard-matern-nu1.5-ind1000-5-lr0.05-ep20-lbs1010,fold_5,euclidean-ard-matern-nu1.5-ind1000-5-lr0.05-ep20-lbs10,euclidean,57,LPC 22:6,LPC_22-6,0,0.8235986828804016,0.6060918787231493,0.3672663109782871,0.7755534052848816,398.5782158851624
FOLD-5-euclidean-ard-matern-nu1.5-ind1000-5-lr0.05-ep20-lbs1010,fold_5,euclidean-ard-matern-nu1.5-ind1000-5-lr0.05-ep20-lbs10,euclidean,86,PE O-36:0 PE O-38:3,PE_O-36-0_PE_O-38-3,0,0.7352505326271057,0.6465523443579451,0.4106840986345216,0.7194775938987732,398.5782158851624
FOLD-5-euclidean-ard-matern-nu1.5-ind1000-5-lr0.05-ep20-lbs1010,fold_5,euclidean-ard-matern-nu1.5-ind1000-5-lr0.05-ep20-lbs10,euclidean,171,Hex2Cer 40:1;O2,Hex2Cer_40-1_O2,0,0.6315379738807678,0.7700468849347809,0.5837744830337173,0.596777617931366,398.5782158851624
FOLD-5-euclidean-no-ard-matern-nu1.5-ind1000-5-lr0.05-ep20-lbs1010,fold_5,euclidean-no-ard-matern-nu1.5-ind1000-5-lr0.05-ep20-lbs10,euclidean,97,PC 35:1 PE 38:1,PC_35-1_PE_38-1,0,1.130034327507019,0.1642193411920926,0.0183023320964906,0.971429705619812,615.7273140907288
FOLD-5-euclidean-no-ard-matern-nu1.5-ind1000-5-lr0.05-ep20-lbs1010,fold_5,euclidean-no-ard-matern-nu1.5-ind1000-5-lr0.05-ep20-lbs10,euclidean,18,PA 36:1,PA_36-1,0,0.9831351637840272,0.4917521334279399,0.2209983412148004,0.8282559514045715,615.7273140907288
FOLD-5-euclidean-no-ard-matern-nu1.5-ind1000-5-lr0.05-ep20-lbs1010,fold_5,euclidean-no-ard-matern-nu1.5-ind1000-5-lr0.05-ep20-lbs10,euclidean,57,LPC 22:6,LPC_22-6,0,0.8252300024032593,0.6040832725601517,0.3647572622713166,0.7776336073875427,615.7273140907288
FOLD-5-euclidean-no-ard-matern-nu1.5-ind1000-5-lr0.05-ep20-lbs1010,fold_5,euclidean-no-ard-matern-nu1.5-ind1000-5-lr0.05-ep20-lbs10,euclidean,86,PE O-36:0 PE O-38:3,PE_O-36-0_PE_O-38-3,0,0.7340997457504272,0.6476142607853314,0.4125273756057448,0.7180172801017761,615.7273140907288
FOLD-5-euclidean-no-ard-matern-nu1.5-ind1000-5-lr0.05-ep20-lbs1010,fold_5,euclidean-no-ard-matern-nu1.5-ind1000-5-lr0.05-ep20-lbs10,euclidean,171,Hex2Cer 40:1;O2,Hex2Cer_40-1_O2,0,0.630098819732666,0.7713060527081461,0.5856693244730048,0.5945959091186523,615.7273140907288
FOLD-5-learnls-manifold-nu2-K100-stride4-learnls-bs1.0-bd0.01-bw0.1-knn15-faiss_atlas_weighted-5-randomwalk-ind1000-lr0.05-ep20-lbs10-blend0.8-infl50-ptls-rootdissolve-dn3-prune0.910,fold_5,learnls-manifold-nu2-K100-stride4-learnls-bs1.0-bd0.01-bw0.1-knn15-faiss_atlas_weighted-5-randomwalk-ind1000-lr0.05-ep20-lbs10-blend0.8-infl50-ptls-rootdissolve-dn3-prune0.9,manifold,97,PC 35:1 PE 38:1,PC_35-1_PE_38-1,0,1.1304991245269775,0.1460835010444345,0.0174946208255446,0.9906432628631592,837.3065000534058
FOLD-5-learnls-manifold-nu2-K100-stride4-learnls-bs1.0-bd0.01-bw0.1-knn15-faiss_atlas_weighted-5-randomwalk-ind1000-lr0.05-ep20-lbs10-blend0.8-infl50-ptls-rootdissolve-dn3-prune0.910,fold_5,learnls-manifold-nu2-K100-stride4-learnls-bs1.0-bd0.01-bw0.1-knn15-faiss_atlas_weighted-5-randomwalk-ind1000-lr0.05-ep20-lbs10-blend0.8-infl50-ptls-rootdissolve-dn3-prune0.9,manifold,18,PA 36:1,PA_36-1,0,1.021162986755371,0.4153689500316819,0.1595689493154155,0.8842501044273376,837.3065000534058
FOLD-5-learnls-manifold-nu2-K100-stride4-learnls-bs1.0-bd0.01-bw0.1-knn15-faiss_atlas_weighted-5-randomwalk-ind1000-lr0.05-ep20-lbs10-blend0.8-infl50-ptls-rootdissolve-dn3-prune0.910,fold_5,learnls-manifold-nu2-K100-stride4-learnls-bs1.0-bd0.01-bw0.1-knn15-faiss_atlas_weighted-5-randomwalk-ind1000-lr0.05-ep20-lbs10-blend0.8-infl50-ptls-rootdissolve-dn3-prune0.9,manifold,57,LPC 22:6,LPC_22-6,0,0.8920713067054749,0.5084238093476062,0.2576839363327708,0.861545205116272,837.3065000534058
FOLD-5-learnls-manifold-nu2-K100-stride4-learnls-bs1.0-bd0.01-bw0.1-knn15-faiss_atlas_weighted-5-randomwalk-ind1000-lr0.05-ep20-lbs10-blend0.8-infl50-ptls-rootdissolve-dn3-prune0.910,fold_5,learnls-manifold-nu2-K100-stride4-learnls-bs1.0-bd0.01-bw0.1-knn15-faiss_atlas_weighted-5-randomwalk-ind1000-lr0.05-ep20-lbs10-blend0.8-infl50-ptls-rootdissolve-dn3-prune0.9,manifold,86,PE O-36:0 PE O-38:3,PE_O-36-0_PE_O-38-3,0,0.8103398680686951,0.5441925622401005,0.2841667019951222,0.8065710067749023,837.3065000534058
FOLD-5-learnls-manifold-nu2-K100-stride4-learnls-bs1.0-bd0.01-bw0.1-knn15-faiss_atlas_weighted-5-randomwalk-ind1000-lr0.05-ep20-lbs10-blend0.8-infl50-ptls-rootdissolve-dn3-prune0.910,fold_5,learnls-manifold-nu2-K100-stride4-learnls-bs1.0-bd0.01-bw0.1-knn15-faiss_atlas_weighted-5-randomwalk-ind1000-lr0.05-ep20-lbs10-blend0.8-infl50-ptls-rootdissolve-dn3-prune0.9,manifold,171,Hex2Cer 40:1;O2,Hex2Cer_40-1_O2,0,0.7339064478874207,0.6716725244220947,0.4379031318240403,0.7009327411651611,837.3065000534058
FOLD-5-learnls-manifold-nu2-K100-stride4-learnls-bs1.0-bd0.01-bw0.1-knn15-faiss_atlas_weighted-5-randomwalk-ind1000-lr0.05-ep20-lbs10-blend0.8-infl50-ptls-rootdissolve-dn3-prune0.9510,fold_5,learnls-manifold-nu2-K100-stride4-learnls-bs1.0-bd0.01-bw0.1-knn15-faiss_atlas_weighted-5-randomwalk-ind1000-lr0.05-ep20-lbs10-blend0.8-infl50-ptls-rootdissolve-dn3-prune0.95,manifold,97,PC 35:1 PE 38:1,PC_35-1_PE_38-1,0,1.131865382194519,0.1296641025810435,0.0151183641074222,0.992789089679718,1426.439330625534
FOLD-5-learnls-manifold-nu2-K100-stride4-learnls-bs1.0-bd0.01-bw0.1-knn15-faiss_atlas_weighted-5-randomwalk-ind1000-lr0.05-ep20-lbs10-blend0.8-infl50-ptls-rootdissolve-dn3-prune0.9510,fold_5,learnls-manifold-nu2-K100-stride4-learnls-bs1.0-bd0.01-bw0.1-knn15-faiss_atlas_weighted-5-randomwalk-ind1000-lr0.05-ep20-lbs10-blend0.8-infl50-ptls-rootdissolve-dn3-prune0.95,manifold,18,PA 36:1,PA_36-1,0,1.0250509977340698,0.4174470220529114,0.1531570032603709,0.8920846581459045,1426.439330625534
FOLD-5-learnls-manifold-nu2-K100-stride4-learnls-bs1.0-bd0.01-bw0.1-knn15-faiss_atlas_weighted-5-randomwalk-ind1000-lr0.05-ep20-lbs10-blend0.8-infl50-ptls-rootdissolve-dn3-prune0.9510,fold_5,learnls-manifold-nu2-K100-stride4-learnls-bs1.0-bd0.01-bw0.1-knn15-faiss_atlas_weighted-5-randomwalk-ind1000-lr0.05-ep20-lbs10-blend0.8-infl50-ptls-rootdissolve-dn3-prune0.95,manifold,57,LPC 22:6,LPC_22-6,0,0.8869071006774902,0.5177218896955081,0.2662536934531812,0.8590924739837646,1426.439330625534
FOLD-5-learnls-manifold-nu2-K100-stride4-learnls-bs1.0-bd0.01-bw0.1-knn15-faiss_atlas_weighted-5-randomwalk-ind1000-lr0.05-ep20-lbs10-blend0.8-infl50-ptls-rootdissolve-dn3-prune0.9510,fold_5,learnls-manifold-nu2-K100-stride4-learnls-bs1.0-bd0.01-bw0.1-knn15-faiss_atlas_weighted-5-randomwalk-ind1000-lr0.05-ep20-lbs10-blend0.8-infl50-ptls-rootdissolve-dn3-prune0.95,manifold,86,PE O-36:0 PE O-38:3,PE_O-36-0_PE_O-38-3,0,0.8029389977455139,0.5518400048877576,0.2971824944858005,0.7929146885871887,1426.439330625534
FOLD-5-learnls-manifold-nu2-K100-stride4-learnls-bs1.0-bd0.01-bw0.1-knn15-faiss_atlas_weighted-5-randomwalk-ind1000-lr0.05-ep20-lbs10-blend0.8-infl50-ptls-rootdissolve-dn3-prune0.9510,fold_5,learnls-manifold-nu2-K100-stride4-learnls-bs1.0-bd0.01-bw0.1-knn15-faiss_atlas_weighted-5-randomwalk-ind1000-lr0.05-ep20-lbs10-blend0.8-infl50-ptls-rootdissolve-dn3-prune0.95,manifold,171,Hex2Cer 40:1;O2,Hex2Cer_40-1_O2,0,0.7223759889602661,0.6849843991593318,0.4554267119135132,0.6826539635658264,1426.439330625534
FOLD-5-learnls-manifold-nu2-K100-stride4-learnls-bs1.0-bd0.01-bw0.1-knn15-faiss_atlas_weighted-5-randomwalk-ind1000-lr0.05-ep20-lbs10-blend0.8-infl50-ptls-rootdissolve-dn3-prune0.9710,fold_5,learnls-manifold-nu2-K100-stride4-learnls-bs1.0-bd0.01-bw0.1-knn15-faiss_atlas_weighted-5-randomwalk-ind1000-lr0.05-ep20-lbs10-blend0.8-infl50-ptls-rootdissolve-dn3-prune0.97,manifold,97,PC 35:1 PE 38:1,PC_35-1_PE_38-1,0,1.1337250471115112,0.1299400438589193,0.0118793906913001,0.9919622540473938,830.1516820907593
FOLD-5-learnls-manifold-nu2-K100-stride4-learnls-bs1.0-bd0.01-bw0.1-knn15-faiss_atlas_weighted-5-randomwalk-ind1000-lr0.05-ep20-lbs10-blend0.8-infl50-ptls-rootdissolve-dn3-prune0.9710,fold_5,learnls-manifold-nu2-K100-stride4-learnls-bs1.0-bd0.01-bw0.1-knn15-faiss_atlas_weighted-5-randomwalk-ind1000-lr0.05-ep20-lbs10-blend0.8-infl50-ptls-rootdissolve-dn3-prune0.97,manifold,18,PA 36:1,PA_36-1,0,1.0285097360610962,0.4053016605368099,0.1474325016838829,0.8824596405029297,830.1516820907593
FOLD-5-learnls-manifold-nu2-K100-stride4-learnls-bs1.0-bd0.01-bw0.1-knn15-faiss_atlas_weighted-5-randomwalk-ind1000-lr0.05-ep20-lbs10-blend0.8-infl50-ptls-rootdissolve-dn3-prune0.9710,fold_5,learnls-manifold-nu2-K100-stride4-learnls-bs1.0-bd0.01-bw0.1-knn15-faiss_atlas_weighted-5-randomwalk-ind1000-lr0.05-ep20-lbs10-blend0.8-infl50-ptls-rootdissolve-dn3-prune0.97,manifold,57,LPC 22:6,LPC_22-6,0,0.8906543254852295,0.5106813731555164,0.2600403155529676,0.8595032691955566,830.1516820907593
FOLD-5-learnls-manifold-nu2-K100-stride4-learnls-bs1.0-bd0.01-bw0.1-knn15-faiss_atlas_weighted-5-randomwalk-ind1000-lr0.05-ep20-lbs10-blend0.8-infl50-ptls-rootdissolve-dn3-prune0.9710,fold_5,learnls-manifold-nu2-K100-stride4-learnls-bs1.0-bd0.01-bw0.1-knn15-faiss_atlas_weighted-5-randomwalk-ind1000-lr0.05-ep20-lbs10-blend0.8-infl50-ptls-rootdissolve-dn3-prune0.97,manifold,86,PE O-36:0 PE O-38:3,PE_O-36-0_PE_O-38-3,0,0.8115737438201904,0.5402126662667126,0.2819851007863601,0.8127673864364624,830.1516820907593
FOLD-5-learnls-manifold-nu2-K100-stride4-learnls-bs1.0-bd0.01-bw0.1-knn15-faiss_atlas_weighted-5-randomwalk-ind1000-lr0.05-ep20-lbs10-blend0.8-infl50-ptls-rootdissolve-dn3-prune0.9710,fold_5,learnls-manifold-nu2-K100-stride4-learnls-bs1.0-bd0.01-bw0.1-knn15-faiss_atlas_weighted-5-randomwalk-ind1000-lr0.05-ep20-lbs10-blend0.8-infl50-ptls-rootdissolve-dn3-prune0.97,manifold,171,Hex2Cer 40:1;O2,Hex2Cer_40-1_O2,0,0.7271860241889954,0.6760004877298671,0.4481503303351327,0.7074722051620483,830.1516820907593
FOLD-5-learnls-manifold-nu2-K100-stride4-learnls-bs1.0-bd0.01-bw0.1-knn15-faiss_atlas_weighted-5-randomwalk-ind1000-lr0.05-ep20-lbs10-blend0.8-infl50-ptls-rootdissolve-dn310,fold_5,learnls-manifold-nu2-K100-stride4-learnls-bs1.0-bd0.01-bw0.1-knn15-faiss_atlas_weighted-5-randomwalk-ind1000-lr0.05-ep20-lbs10-blend0.8-infl50-ptls-rootdissolve-dn3,manifold,97,PC 35:1 PE 38:1,PC_35-1_PE_38-1,0,1.13074791431427,0.1464099733392497,0.0170621490063614,1.0055828094482422,397.0723135948181
FOLD-5-learnls-manifold-nu2-K100-stride4-learnls-bs1.0-bd0.01-bw0.1-knn15-faiss_atlas_weighted-5-randomwalk-ind1000-lr0.05-ep20-lbs10-blend0.8-infl50-ptls-rootdissolve-dn310,fold_5,learnls-manifold-nu2-K100-stride4-learnls-bs1.0-bd0.01-bw0.1-knn15-faiss_atlas_weighted-5-randomwalk-ind1000-lr0.05-ep20-lbs10-blend0.8-infl50-ptls-rootdissolve-dn3,manifold,18,PA 36:1,PA_36-1,0,1.0219343900680542,0.4126916998751828,0.1582988288112662,0.910951554775238,397.0723135948181
FOLD-5-learnls-manifold-nu2-K100-stride4-learnls-bs1.0-bd0.01-bw0.1-knn15-faiss_atlas_weighted-5-randomwalk-ind1000-lr0.05-ep20-lbs10-blend0.8-infl50-ptls-rootdissolve-dn310,fold_5,learnls-manifold-nu2-K100-stride4-learnls-bs1.0-bd0.01-bw0.1-knn15-faiss_atlas_weighted-5-randomwalk-ind1000-lr0.05-ep20-lbs10-blend0.8-infl50-ptls-rootdissolve-dn3,manifold,57,LPC 22:6,LPC_22-6,0,0.9067285060882568,0.4837857199530543,0.2330903006237832,0.8640813231468201,397.0723135948181
FOLD-5-learnls-manifold-nu2-K100-stride4-learnls-bs1.0-bd0.01-bw0.1-knn15-faiss_atlas_weighted-5-randomwalk-ind1000-lr0.05-ep20-lbs10-blend0.8-infl50-ptls-rootdissolve-dn310,fold_5,learnls-manifold-nu2-K100-stride4-learnls-bs1.0-bd0.01-bw0.1-knn15-faiss_atlas_weighted-5-randomwalk-ind1000-lr0.05-ep20-lbs10-blend0.8-infl50-ptls-rootdissolve-dn3,manifold,86,PE O-36:0 PE O-38:3,PE_O-36-0_PE_O-38-3,0,0.8216152191162109,0.5310571738516042,0.2641074022943207,0.8157318830490112,397.0723135948181
FOLD-5-learnls-manifold-nu2-K100-stride4-learnls-bs1.0-bd0.01-bw0.1-knn15-faiss_atlas_weighted-5-randomwalk-ind1000-lr0.05-ep20-lbs10-blend0.8-infl50-ptls-rootdissolve-dn310,fold_5,learnls-manifold-nu2-K100-stride4-learnls-bs1.0-bd0.01-bw0.1-knn15-faiss_atlas_weighted-5-randomwalk-ind1000-lr0.05-ep20-lbs10-blend0.8-infl50-ptls-rootdissolve-dn3,manifold,171,Hex2Cer 40:1;O2,Hex2Cer_40-1_O2,0,0.7572786211967468,0.64811903955021,0.4015316912079568,0.705313503742218,397.0723135948181
FOLD-5-learnls-manifold-nu2-K100-stride4-learnls-bs1.0-bd0.01-bw0.1-knn15-faiss_atlas_weighted-5-randomwalk-ind1000-lr0.05-ep20-lbs10-blend0.8-infl50-rootdissolve-dn3-prune0.910,fold_5,learnls-manifold-nu2-K100-stride4-learnls-bs1.0-bd0.01-bw0.1-knn15-faiss_atlas_weighted-5-randomwalk-ind1000-lr0.05-ep20-lbs10-blend0.8-infl50-rootdissolve-dn3-prune0.9,manifold,97,PC 35:1 PE 38:1,PC_35-1_PE_38-1,0,1.1312648057937622,0.1443392720253598,0.0161632445274053,0.991328239440918,474.2716868400574
FOLD-5-learnls-manifold-nu2-K100-stride4-learnls-bs1.0-bd0.01-bw0.1-knn15-faiss_atlas_weighted-5-randomwalk-ind1000-lr0.05-ep20-lbs10-blend0.8-infl50-rootdissolve-dn3-prune0.910,fold_5,learnls-manifold-nu2-K100-stride4-learnls-bs1.0-bd0.01-bw0.1-knn15-faiss_atlas_weighted-5-randomwalk-ind1000-lr0.05-ep20-lbs10-blend0.8-infl50-rootdissolve-dn3-prune0.9,manifold,18,PA 36:1,PA_36-1,0,1.0197200775146484,0.4167613323293864,0.1619423779345381,0.8855459094047546,474.2716868400574
FOLD-5-learnls-manifold-nu2-K100-stride4-learnls-bs1.0-bd0.01-bw0.1-knn15-faiss_atlas_weighted-5-randomwalk-ind1000-lr0.05-ep20-lbs10-blend0.8-infl50-rootdissolve-dn3-prune0.910,fold_5,learnls-manifold-nu2-K100-stride4-learnls-bs1.0-bd0.01-bw0.1-knn15-faiss_atlas_weighted-5-randomwalk-ind1000-lr0.05-ep20-lbs10-blend0.8-infl50-rootdissolve-dn3-prune0.9,manifold,57,LPC 22:6,LPC_22-6,0,0.8920546174049377,0.508422132133326,0.2577117681153155,0.862212061882019,474.2716868400574
FOLD-5-learnls-manifold-nu2-K100-stride4-learnls-bs1.0-bd0.01-bw0.1-knn15-faiss_atlas_weighted-5-randomwalk-ind1000-lr0.05-ep20-lbs10-blend0.8-infl50-rootdissolve-dn3-prune0.910,fold_5,learnls-manifold-nu2-K100-stride4-learnls-bs1.0-bd0.01-bw0.1-knn15-faiss_atlas_weighted-5-randomwalk-ind1000-lr0.05-ep20-lbs10-blend0.8-infl50-rootdissolve-dn3-prune0.9,manifold,86,PE O-36:0 PE O-38:3,PE_O-36-0_PE_O-38-3,0,0.8097869157791138,0.5446797968539487,0.2851432673476729,0.8063985109329224,474.2716868400574
FOLD-5-learnls-manifold-nu2-K100-stride4-learnls-bs1.0-bd0.01-bw0.1-knn15-faiss_atlas_weighted-5-randomwalk-ind1000-lr0.05-ep20-lbs10-blend0.8-infl50-rootdissolve-dn3-prune0.910,fold_5,learnls-manifold-nu2-K100-stride4-learnls-bs1.0-bd0.01-bw0.1-knn15-faiss_atlas_weighted-5-randomwalk-ind1000-lr0.05-ep20-lbs10-blend0.8-infl50-rootdissolve-dn3-prune0.9,manifold,171,Hex2Cer 40:1;O2,Hex2Cer_40-1_O2,0,0.7333295941352844,0.67202639875136,0.4387863885207917,0.7008154988288879,474.2716868400574
FOLD-5-learnls-manifold-nu2-K100-stride4-learnls-bs1.0-bd0.01-bw0.1-knn15-faiss_atlas_weighted-5-randomwalk-ind1000-lr0.05-ep20-lbs10-blend0.8-infl50-rootdissolve-dn3-prune0.9510,fold_5,learnls-manifold-nu2-K100-stride4-learnls-bs1.0-bd0.01-bw0.1-knn15-faiss_atlas_weighted-5-randomwalk-ind1000-lr0.05-ep20-lbs10-blend0.8-infl50-rootdissolve-dn3-prune0.95,manifold,97,PC 35:1 PE 38:1,PC_35-1_PE_38-1,0,1.1318163871765137,0.1298879733206008,0.0152036559234609,0.9913020133972168,362.2236257553101
FOLD-5-learnls-manifold-nu2-K100-stride4-learnls-bs1.0-bd0.01-bw0.1-knn15-faiss_atlas_weighted-5-randomwalk-ind1000-lr0.05-ep20-lbs10-blend0.8-infl50-rootdissolve-dn3-prune0.9510,fold_5,learnls-manifold-nu2-K100-stride4-learnls-bs1.0-bd0.01-bw0.1-knn15-faiss_atlas_weighted-5-randomwalk-ind1000-lr0.05-ep20-lbs10-blend0.8-infl50-rootdissolve-dn3-prune0.95,manifold,18,PA 36:1,PA_36-1,0,1.0221997499465942,0.4196896328939288,0.1578615445496474,0.8910617828369141,362.2236257553101
FOLD-5-learnls-manifold-nu2-K100-stride4-learnls-bs1.0-bd0.01-bw0.1-knn15-faiss_atlas_weighted-5-randomwalk-ind1000-lr0.05-ep20-lbs10-blend0.8-infl50-rootdissolve-dn3-prune0.9510,fold_5,learnls-manifold-nu2-K100-stride4-learnls-bs1.0-bd0.01-bw0.1-knn15-faiss_atlas_weighted-5-randomwalk-ind1000-lr0.05-ep20-lbs10-blend0.8-infl50-rootdissolve-dn3-prune0.95,manifold,57,LPC 22:6,LPC_22-6,0,0.8869121074676514,0.517681258262587,0.2662453844501399,0.8583754301071167,362.2236257553101
FOLD-5-learnls-manifold-nu2-K100-stride4-learnls-bs1.0-bd0.01-bw0.1-knn15-faiss_atlas_weighted-5-randomwalk-ind1000-lr0.05-ep20-lbs10-blend0.8-infl50-rootdissolve-dn3-prune0.9510,fold_5,learnls-manifold-nu2-K100-stride4-learnls-bs1.0-bd0.01-bw0.1-knn15-faiss_atlas_weighted-5-randomwalk-ind1000-lr0.05-ep20-lbs10-blend0.8-infl50-rootdissolve-dn3-prune0.95,manifold,86,PE O-36:0 PE O-38:3,PE_O-36-0_PE_O-38-3,0,0.8032762408256531,0.5519611774602504,0.2965918974443751,0.7941479682922363,362.2236257553101
FOLD-5-learnls-manifold-nu2-K100-stride4-learnls-bs1.0-bd0.01-bw0.1-knn15-faiss_atlas_weighted-5-randomwalk-ind1000-lr0.05-ep20-lbs10-blend0.8-infl50-rootdissolve-dn3-prune0.9510,fold_5,learnls-manifold-nu2-K100-stride4-learnls-bs1.0-bd0.01-bw0.1-knn15-faiss_atlas_weighted-5-randomwalk-ind1000-lr0.05-ep20-lbs10-blend0.8-infl50-rootdissolve-dn3-prune0.95,manifold,171,Hex2Cer 40:1;O2,Hex2Cer_40-1_O2,0,0.7226262092590332,0.6849421834578178,0.4550493609520278,0.6829003691673279,362.2236257553101
FOLD-5-learnls-manifold-nu2-K100-stride4-learnls-bs1.0-bd0.01-bw0.1-knn15-faiss_atlas_weighted-5-randomwalk-ind1000-lr0.05-ep20-lbs10-blend0.8-infl50-rootdissolve-dn3-prune0.9710,fold_5,learnls-manifold-nu2-K100-stride4-learnls-bs1.0-bd0.01-bw0.1-knn15-faiss_atlas_weighted-5-randomwalk-ind1000-lr0.05-ep20-lbs10-blend0.8-infl50-rootdissolve-dn3-prune0.97,manifold,97,PC 35:1 PE 38:1,PC_35-1_PE_38-1,0,1.1340227127075195,0.1189029386906008,0.011360513585895,0.9933432340621948,363.9737890720368
FOLD-5-learnls-manifold-nu2-K100-stride4-learnls-bs1.0-bd0.01-bw0.1-knn15-faiss_atlas_weighted-5-randomwalk-ind1000-lr0.05-ep20-lbs10-blend0.8-infl50-rootdissolve-dn3-prune0.9710,fold_5,learnls-manifold-nu2-K100-stride4-learnls-bs1.0-bd0.01-bw0.1-knn15-faiss_atlas_weighted-5-randomwalk-ind1000-lr0.05-ep20-lbs10-blend0.8-infl50-rootdissolve-dn3-prune0.97,manifold,18,PA 36:1,PA_36-1,0,1.032490372657776,0.407683165349723,0.1408202990482705,0.8931791186332703,363.9737890720368
FOLD-5-learnls-manifold-nu2-K100-stride4-learnls-bs1.0-bd0.01-bw0.1-knn15-faiss_atlas_weighted-5-randomwalk-ind1000-lr0.05-ep20-lbs10-blend0.8-infl50-rootdissolve-dn3-prune0.9710,fold_5,learnls-manifold-nu2-K100-stride4-learnls-bs1.0-bd0.01-bw0.1-knn15-faiss_atlas_weighted-5-randomwalk-ind1000-lr0.05-ep20-lbs10-blend0.8-infl50-rootdissolve-dn3-prune0.97,manifold,57,LPC 22:6,LPC_22-6,0,0.8918872475624084,0.5093824579423442,0.2579902885993723,0.8610695600509644,363.9737890720368
FOLD-5-learnls-manifold-nu2-K100-stride4-learnls-bs1.0-bd0.01-bw0.1-knn15-faiss_atlas_weighted-5-randomwalk-ind1000-lr0.05-ep20-lbs10-blend0.8-infl50-rootdissolve-dn3-prune0.9710,fold_5,learnls-manifold-nu2-K100-stride4-learnls-bs1.0-bd0.01-bw0.1-knn15-faiss_atlas_weighted-5-randomwalk-ind1000-lr0.05-ep20-lbs10-blend0.8-infl50-rootdissolve-dn3-prune0.97,manifold,86,PE O-36:0 PE O-38:3,PE_O-36-0_PE_O-38-3,0,0.8072736859321594,0.5446935628157603,0.2895735740941922,0.7975308895111084,363.9737890720368
FOLD-5-learnls-manifold-nu2-K100-stride4-learnls-bs1.0-bd0.01-bw0.1-knn15-faiss_atlas_weighted-5-randomwalk-ind1000-lr0.05-ep20-lbs10-blend0.8-infl50-rootdissolve-dn3-prune0.9710,fold_5,learnls-manifold-nu2-K100-stride4-learnls-bs1.0-bd0.01-bw0.1-knn15-faiss_atlas_weighted-5-randomwalk-ind1000-lr0.05-ep20-lbs10-blend0.8-infl50-rootdissolve-dn3-prune0.97,manifold,171,Hex2Cer 40:1;O2,Hex2Cer_40-1_O2,0,0.726443886756897,0.6786185644637681,0.4492761104116972,0.6868358254432678,363.9737890720368
FOLD-5-learnls-manifold-nu2-K100-stride4-learnls-bs1.0-bd0.01-bw0.1-knn15-faiss_atlas_weighted-5-randomwalk-ind1000-lr0.05-ep20-lbs10-blend0.8-infl50-rootdissolve-dn310,fold_5,learnls-manifold-nu2-K100-stride4-learnls-bs1.0-bd0.01-bw0.1-knn15-faiss_atlas_weighted-5-randomwalk-ind1000-lr0.05-ep20-lbs10-blend0.8-infl50-rootdissolve-dn3,manifold,97,PC 35:1 PE 38:1,PC_35-1_PE_38-1,0,1.1300642490386963,0.1518531514019372,0.0182504443859501,0.9922859072685242,465.06475920677184
FOLD-5-learnls-manifold-nu2-K100-stride4-learnls-bs1.0-bd0.01-bw0.1-knn15-faiss_atlas_weighted-5-randomwalk-ind1000-lr0.05-ep20-lbs10-blend0.8-infl50-rootdissolve-dn310,fold_5,learnls-manifold-nu2-K100-stride4-learnls-bs1.0-bd0.01-bw0.1-knn15-faiss_atlas_weighted-5-randomwalk-ind1000-lr0.05-ep20-lbs10-blend0.8-infl50-rootdissolve-dn3,manifold,18,PA 36:1,PA_36-1,0,1.0235939025878906,0.4059332667567603,0.1555628838348405,0.8886385560035706,465.06475920677184
FOLD-5-learnls-manifold-nu2-K100-stride4-learnls-bs1.0-bd0.01-bw0.1-knn15-faiss_atlas_weighted-5-randomwalk-ind1000-lr0.05-ep20-lbs10-blend0.8-infl50-rootdissolve-dn310,fold_5,learnls-manifold-nu2-K100-stride4-learnls-bs1.0-bd0.01-bw0.1-knn15-faiss_atlas_weighted-5-randomwalk-ind1000-lr0.05-ep20-lbs10-blend0.8-infl50-rootdissolve-dn3,manifold,57,LPC 22:6,LPC_22-6,0,0.904571533203125,0.4871987655160068,0.236734710421111,0.8706899881362915,465.06475920677184
FOLD-5-learnls-manifold-nu2-K100-stride4-learnls-bs1.0-bd0.01-bw0.1-knn15-faiss_atlas_weighted-5-randomwalk-ind1000-lr0.05-ep20-lbs10-blend0.8-infl50-rootdissolve-dn310,fold_5,learnls-manifold-nu2-K100-stride4-learnls-bs1.0-bd0.01-bw0.1-knn15-faiss_atlas_weighted-5-randomwalk-ind1000-lr0.05-ep20-lbs10-blend0.8-infl50-rootdissolve-dn3,manifold,86,PE O-36:0 PE O-38:3,PE_O-36-0_PE_O-38-3,0,0.8192442059516907,0.5278423429497946,0.268348474833074,0.8119798898696899,465.06475920677184
FOLD-5-learnls-manifold-nu2-K100-stride4-learnls-bs1.0-bd0.01-bw0.1-knn15-faiss_atlas_weighted-5-randomwalk-ind1000-lr0.05-ep20-lbs10-blend0.8-infl50-rootdissolve-dn310,fold_5,learnls-manifold-nu2-K100-stride4-learnls-bs1.0-bd0.01-bw0.1-knn15-faiss_atlas_weighted-5-randomwalk-ind1000-lr0.05-ep20-lbs10-blend0.8-infl50-rootdissolve-dn3,manifold,171,Hex2Cer 40:1;O2,Hex2Cer_40-1_O2,0,0.7550251483917236,0.6483320899394114,0.4050881465545582,0.7113772034645081,465.06475920677184
FOLD-5-learnls-manifold-nu2-K1300-stride4-learnls-bs1.0-bd0.01-bw0.1-knn15-faiss_atlas_weighted-5-randomwalk-ind1000-lr0.05-ep20-lbs10-blend0.8-infl50-ptls-rootdissolve-dn3-prune0.910,fold_5,learnls-manifold-nu2-K1300-stride4-learnls-bs1.0-bd0.01-bw0.1-knn15-faiss_atlas_weighted-5-randomwalk-ind1000-lr0.05-ep20-lbs10-blend0.8-infl50-ptls-rootdissolve-dn3-prune0.9,manifold,97,PC 35:1 PE 38:1,PC_35-1_PE_38-1,0,1.1382282972335815,0.1497222834587647,0.0040140600106982,0.9712504148483276,1062.552220773697
FOLD-5-learnls-manifold-nu2-K1300-stride4-learnls-bs1.0-bd0.01-bw0.1-knn15-faiss_atlas_weighted-5-randomwalk-ind1000-lr0.05-ep20-lbs10-blend0.8-infl50-ptls-rootdissolve-dn3-prune0.910,fold_5,learnls-manifold-nu2-K1300-stride4-learnls-bs1.0-bd0.01-bw0.1-knn15-faiss_atlas_weighted-5-randomwalk-ind1000-lr0.05-ep20-lbs10-blend0.8-infl50-ptls-rootdissolve-dn3-prune0.9,manifold,18,PA 36:1,PA_36-1,0,1.0092155933380127,0.4589399322150663,0.1791196765077026,0.8205454349517822,1062.552220773697
FOLD-5-learnls-manifold-nu2-K1300-stride4-learnls-bs1.0-bd0.01-bw0.1-knn15-faiss_atlas_weighted-5-randomwalk-ind1000-lr0.05-ep20-lbs10-blend0.8-infl50-ptls-rootdissolve-dn3-prune0.910,fold_5,learnls-manifold-nu2-K1300-stride4-learnls-bs1.0-bd0.01-bw0.1-knn15-faiss_atlas_weighted-5-randomwalk-ind1000-lr0.05-ep20-lbs10-blend0.8-infl50-ptls-rootdissolve-dn3-prune0.9,manifold,57,LPC 22:6,LPC_22-6,0,0.8293377161026001,0.6016013924326815,0.3584175605037282,0.7676702737808228,1062.552220773697
FOLD-5-learnls-manifold-nu2-K1300-stride4-learnls-bs1.0-bd0.01-bw0.1-knn15-faiss_atlas_weighted-5-randomwalk-ind1000-lr0.05-ep20-lbs10-blend0.8-infl50-ptls-rootdissolve-dn3-prune0.910,fold_5,learnls-manifold-nu2-K1300-stride4-learnls-bs1.0-bd0.01-bw0.1-knn15-faiss_atlas_weighted-5-randomwalk-ind1000-lr0.05-ep20-lbs10-blend0.8-infl50-ptls-rootdissolve-dn3-prune0.9,manifold,86,PE O-36:0 PE O-38:3,PE_O-36-0_PE_O-38-3,0,0.7527342438697815,0.6313534046706217,0.3823238355444999,0.7112458944320679,1062.552220773697
FOLD-5-learnls-manifold-nu2-K1300-stride4-learnls-bs1.0-bd0.01-bw0.1-knn15-faiss_atlas_weighted-5-randomwalk-ind1000-lr0.05-ep20-lbs10-blend0.8-infl50-ptls-rootdissolve-dn3-prune0.910,fold_5,learnls-manifold-nu2-K1300-stride4-learnls-bs1.0-bd0.01-bw0.1-knn15-faiss_atlas_weighted-5-randomwalk-ind1000-lr0.05-ep20-lbs10-blend0.8-infl50-ptls-rootdissolve-dn3-prune0.9,manifold,171,Hex2Cer 40:1;O2,Hex2Cer_40-1_O2,0,0.6458397507667542,0.7588022845841081,0.5647093792988573,0.5888657569885254,1062.552220773697
FOLD-5-learnls-manifold-nu2-K1300-stride4-learnls-bs1.0-bd0.01-bw0.1-knn15-faiss_atlas_weighted-5-randomwalk-ind1000-lr0.05-ep20-lbs10-blend0.8-infl50-ptls-rootdissolve-dn3-prune0.9510,fold_5,learnls-manifold-nu2-K1300-stride4-learnls-bs1.0-bd0.01-bw0.1-knn15-faiss_atlas_weighted-5-randomwalk-ind1000-lr0.05-ep20-lbs10-blend0.8-infl50-ptls-rootdissolve-dn3-prune0.95,manifold,97,PC 35:1 PE 38:1,PC_35-1_PE_38-1,0,1.1422275304794312,0.1416727991283825,-0.0029972390393335,0.9740155935287476,2117.030553483963
FOLD-5-learnls-manifold-nu2-K1300-stride4-learnls-bs1.0-bd0.01-bw0.1-knn15-faiss_atlas_weighted-5-randomwalk-ind1000-lr0.05-ep20-lbs10-blend0.8-infl50-ptls-rootdissolve-dn3-prune0.9510,fold_5,learnls-manifold-nu2-K1300-stride4-learnls-bs1.0-bd0.01-bw0.1-knn15-faiss_atlas_weighted-5-randomwalk-ind1000-lr0.05-ep20-lbs10-blend0.8-infl50-ptls-rootdissolve-dn3-prune0.95,manifold,18,PA 36:1,PA_36-1,0,1.02725088596344,0.4398285475350064,0.1495181818500183,0.822868824005127,2117.030553483963
FOLD-5-learnls-manifold-nu2-K1300-stride4-learnls-bs1.0-bd0.01-bw0.1-knn15-faiss_atlas_weighted-5-randomwalk-ind1000-lr0.05-ep20-lbs10-blend0.8-infl50-ptls-rootdissolve-dn3-prune0.9510,fold_5,learnls-manifold-nu2-K1300-stride4-learnls-bs1.0-bd0.01-bw0.1-knn15-faiss_atlas_weighted-5-randomwalk-ind1000-lr0.05-ep20-lbs10-blend0.8-infl50-ptls-rootdissolve-dn3-prune0.95,manifold,57,LPC 22:6,LPC_22-6,0,0.8352903723716736,0.594400508386232,0.349174436372627,0.7714135050773621,2117.030553483963
FOLD-5-learnls-manifold-nu2-K1300-stride4-learnls-bs1.0-bd0.01-bw0.1-knn15-faiss_atlas_weighted-5-randomwalk-ind1000-lr0.05-ep20-lbs10-blend0.8-infl50-ptls-rootdissolve-dn3-prune0.9510,fold_5,learnls-manifold-nu2-K1300-stride4-learnls-bs1.0-bd0.01-bw0.1-knn15-faiss_atlas_weighted-5-randomwalk-ind1000-lr0.05-ep20-lbs10-blend0.8-infl50-ptls-rootdissolve-dn3-prune0.95,manifold,86,PE O-36:0 PE O-38:3,PE_O-36-0_PE_O-38-3,0,0.7583927512168884,0.6248117231035398,0.3730024126769393,0.7128856182098389,2117.030553483963
FOLD-5-learnls-manifold-nu2-K1300-stride4-learnls-bs1.0-bd0.01-bw0.1-knn15-faiss_atlas_weighted-5-randomwalk-ind1000-lr0.05-ep20-lbs10-blend0.8-infl50-ptls-rootdissolve-dn3-prune0.9510,fold_5,learnls-manifold-nu2-K1300-stride4-learnls-bs1.0-bd0.01-bw0.1-knn15-faiss_atlas_weighted-5-randomwalk-ind1000-lr0.05-ep20-lbs10-blend0.8-infl50-ptls-rootdissolve-dn3-prune0.95,manifold,171,Hex2Cer 40:1;O2,Hex2Cer_40-1_O2,0,0.6622005105018616,0.7458550213224291,0.5423759915004209,0.589047372341156,2117.030553483963
FOLD-5-learnls-manifold-nu2-K1300-stride4-learnls-bs1.0-bd0.01-bw0.1-knn15-faiss_atlas_weighted-5-randomwalk-ind1000-lr0.05-ep20-lbs10-blend0.8-infl50-ptls-rootdissolve-dn3-prune0.9710,fold_5,learnls-manifold-nu2-K1300-stride4-learnls-bs1.0-bd0.01-bw0.1-knn15-faiss_atlas_weighted-5-randomwalk-ind1000-lr0.05-ep20-lbs10-blend0.8-infl50-ptls-rootdissolve-dn3-prune0.97,manifold,97,PC 35:1 PE 38:1,PC_35-1_PE_38-1,0,1.1403875350952148,0.1447307150131502,0.0002316017981207,0.9732350707054138,2006.813253736496
FOLD-5-learnls-manifold-nu2-K1300-stride4-learnls-bs1.0-bd0.01-bw0.1-knn15-faiss_atlas_weighted-5-randomwalk-ind1000-lr0.05-ep20-lbs10-blend0.8-infl50-ptls-rootdissolve-dn3-prune0.9710,fold_5,learnls-manifold-nu2-K1300-stride4-learnls-bs1.0-bd0.01-bw0.1-knn15-faiss_atlas_weighted-5-randomwalk-ind1000-lr0.05-ep20-lbs10-blend0.8-infl50-ptls-rootdissolve-dn3-prune0.97,manifold,18,PA 36:1,PA_36-1,0,1.0204697847366333,0.446035135762315,0.1607096705659597,0.8223559260368347,2006.813253736496
FOLD-5-learnls-manifold-nu2-K1300-stride4-learnls-bs1.0-bd0.01-bw0.1-knn15-faiss_atlas_weighted-5-randomwalk-ind1000-lr0.05-ep20-lbs10-blend0.8-infl50-ptls-rootdissolve-dn3-prune0.9710,fold_5,learnls-manifold-nu2-K1300-stride4-learnls-bs1.0-bd0.01-bw0.1-knn15-faiss_atlas_weighted-5-randomwalk-ind1000-lr0.05-ep20-lbs10-blend0.8-infl50-ptls-rootdissolve-dn3-prune0.97,manifold,57,LPC 22:6,LPC_22-6,0,0.8292956352233887,0.600691796149863,0.3584826139177828,0.7725347280502319,2006.813253736496
FOLD-5-learnls-manifold-nu2-K1300-stride4-learnls-bs1.0-bd0.01-bw0.1-knn15-faiss_atlas_weighted-5-randomwalk-ind1000-lr0.05-ep20-lbs10-blend0.8-infl50-ptls-rootdissolve-dn3-prune0.9710,fold_5,learnls-manifold-nu2-K1300-stride4-learnls-bs1.0-bd0.01-bw0.1-knn15-faiss_atlas_weighted-5-randomwalk-ind1000-lr0.05-ep20-lbs10-blend0.8-infl50-ptls-rootdissolve-dn3-prune0.97,manifold,86,PE O-36:0 PE O-38:3,PE_O-36-0_PE_O-38-3,0,0.749326229095459,0.6336483911572633,0.3879043104899934,0.7127587795257568,2006.813253736496
FOLD-5-learnls-manifold-nu2-K1300-stride4-learnls-bs1.0-bd0.01-bw0.1-knn15-faiss_atlas_weighted-5-randomwalk-ind1000-lr0.05-ep20-lbs10-blend0.8-infl50-ptls-rootdissolve-dn3-prune0.9710,fold_5,learnls-manifold-nu2-K1300-stride4-learnls-bs1.0-bd0.01-bw0.1-knn15-faiss_atlas_weighted-5-randomwalk-ind1000-lr0.05-ep20-lbs10-blend0.8-infl50-ptls-rootdissolve-dn3-prune0.97,manifold,171,Hex2Cer 40:1;O2,Hex2Cer_40-1_O2,0,0.6539220213890076,0.7519133340641494,0.5537464005041222,0.591208279132843,2006.813253736496
FOLD-5-learnls-manifold-nu2-K1300-stride4-learnls-bs1.0-bd0.01-bw0.1-knn15-faiss_atlas_weighted-5-randomwalk-ind1000-lr0.05-ep20-lbs10-blend0.8-infl50-ptls-rootdissolve-dn310,fold_5,learnls-manifold-nu2-K1300-stride4-learnls-bs1.0-bd0.01-bw0.1-knn15-faiss_atlas_weighted-5-randomwalk-ind1000-lr0.05-ep20-lbs10-blend0.8-infl50-ptls-rootdissolve-dn3,manifold,97,PC 35:1 PE 38:1,PC_35-1_PE_38-1,0,1.138871192932129,0.1435063814313816,0.0028886756964644,0.9731848239898682,1064.5289469718932
FOLD-5-learnls-manifold-nu2-K1300-stride4-learnls-bs1.0-bd0.01-bw0.1-knn15-faiss_atlas_weighted-5-randomwalk-ind1000-lr0.05-ep20-lbs10-blend0.8-infl50-ptls-rootdissolve-dn310,fold_5,learnls-manifold-nu2-K1300-stride4-learnls-bs1.0-bd0.01-bw0.1-knn15-faiss_atlas_weighted-5-randomwalk-ind1000-lr0.05-ep20-lbs10-blend0.8-infl50-ptls-rootdissolve-dn3,manifold,18,PA 36:1,PA_36-1,0,1.019865870475769,0.4449706472794447,0.1617026070126574,0.8259565234184265,1064.5289469718932
FOLD-5-learnls-manifold-nu2-K1300-stride4-learnls-bs1.0-bd0.01-bw0.1-knn15-faiss_atlas_weighted-5-randomwalk-ind1000-lr0.05-ep20-lbs10-blend0.8-infl50-ptls-rootdissolve-dn310,fold_5,learnls-manifold-nu2-K1300-stride4-learnls-bs1.0-bd0.01-bw0.1-knn15-faiss_atlas_weighted-5-randomwalk-ind1000-lr0.05-ep20-lbs10-blend0.8-infl50-ptls-rootdissolve-dn3,manifold,57,LPC 22:6,LPC_22-6,0,0.8483516573905945,0.5809739588416432,0.3286616020028075,0.7711923122406006,1064.5289469718932
FOLD-5-learnls-manifold-nu2-K1300-stride4-learnls-bs1.0-bd0.01-bw0.1-knn15-faiss_atlas_weighted-5-randomwalk-ind1000-lr0.05-ep20-lbs10-blend0.8-infl50-ptls-rootdissolve-dn310,fold_5,learnls-manifold-nu2-K1300-stride4-learnls-bs1.0-bd0.01-bw0.1-knn15-faiss_atlas_weighted-5-randomwalk-ind1000-lr0.05-ep20-lbs10-blend0.8-infl50-ptls-rootdissolve-dn3,manifold,86,PE O-36:0 PE O-38:3,PE_O-36-0_PE_O-38-3,0,0.7635861039161682,0.6202159845486066,0.3643858615757691,0.7154448628425598,1064.5289469718932
FOLD-5-learnls-manifold-nu2-K1300-stride4-learnls-bs1.0-bd0.01-bw0.1-knn15-faiss_atlas_weighted-5-randomwalk-ind1000-lr0.05-ep20-lbs10-blend0.8-infl50-ptls-rootdissolve-dn310,fold_5,learnls-manifold-nu2-K1300-stride4-learnls-bs1.0-bd0.01-bw0.1-knn15-faiss_atlas_weighted-5-randomwalk-ind1000-lr0.05-ep20-lbs10-blend0.8-infl50-ptls-rootdissolve-dn3,manifold,171,Hex2Cer 40:1;O2,Hex2Cer_40-1_O2,0,0.6548038125038147,0.7511660144895201,0.5525420591769139,0.593021810054779,1064.5289469718932
FOLD-5-learnls-manifold-nu2-K1300-stride4-learnls-bs1.0-bd0.01-bw0.1-knn15-faiss_atlas_weighted-5-randomwalk-ind1000-lr0.05-ep20-lbs10-blend0.8-infl50-rootdissolve-dn3-prune0.910,fold_5,learnls-manifold-nu2-K1300-stride4-learnls-bs1.0-bd0.01-bw0.1-knn15-faiss_atlas_weighted-5-randomwalk-ind1000-lr0.05-ep20-lbs10-blend0.8-infl50-rootdissolve-dn3-prune0.9,manifold,97,PC 35:1 PE 38:1,PC_35-1_PE_38-1,0,1.1397385597229004,0.1480777666071309,0.0013691229373521,0.9708787798881532,517.8327979564667
FOLD-5-learnls-manifold-nu2-K1300-stride4-learnls-bs1.0-bd0.01-bw0.1-knn15-faiss_atlas_weighted-5-randomwalk-ind1000-lr0.05-ep20-lbs10-blend0.8-infl50-rootdissolve-dn3-prune0.910,fold_5,learnls-manifold-nu2-K1300-stride4-learnls-bs1.0-bd0.01-bw0.1-knn15-faiss_atlas_weighted-5-randomwalk-ind1000-lr0.05-ep20-lbs10-blend0.8-infl50-rootdissolve-dn3-prune0.9,manifold,18,PA 36:1,PA_36-1,0,1.0107159614562988,0.4571418808584372,0.1766770831995759,0.8210459351539612,517.8327979564667
FOLD-5-learnls-manifold-nu2-K1300-stride4-learnls-bs1.0-bd0.01-bw0.1-knn15-faiss_atlas_weighted-5-randomwalk-ind1000-lr0.05-ep20-lbs10-blend0.8-infl50-rootdissolve-dn3-prune0.910,fold_5,learnls-manifold-nu2-K1300-stride4-learnls-bs1.0-bd0.01-bw0.1-knn15-faiss_atlas_weighted-5-randomwalk-ind1000-lr0.05-ep20-lbs10-blend0.8-infl50-rootdissolve-dn3-prune0.9,manifold,57,LPC 22:6,LPC_22-6,0,0.829687237739563,0.6012107266564749,0.3578765295658647,0.7674131393432617,517.8327979564667
FOLD-5-learnls-manifold-nu2-K1300-stride4-learnls-bs1.0-bd0.01-bw0.1-knn15-faiss_atlas_weighted-5-randomwalk-ind1000-lr0.05-ep20-lbs10-blend0.8-infl50-rootdissolve-dn3-prune0.910,fold_5,learnls-manifold-nu2-K1300-stride4-learnls-bs1.0-bd0.01-bw0.1-knn15-faiss_atlas_weighted-5-randomwalk-ind1000-lr0.05-ep20-lbs10-blend0.8-infl50-rootdissolve-dn3-prune0.9,manifold,86,PE O-36:0 PE O-38:3,PE_O-36-0_PE_O-38-3,0,0.7518448233604431,0.6319878977680218,0.3837826047105818,0.7107155919075012,517.8327979564667
FOLD-5-learnls-manifold-nu2-K1300-stride4-learnls-bs1.0-bd0.01-bw0.1-knn15-faiss_atlas_weighted-5-randomwalk-ind1000-lr0.05-ep20-lbs10-blend0.8-infl50-rootdissolve-dn3-prune0.910,fold_5,learnls-manifold-nu2-K1300-stride4-learnls-bs1.0-bd0.01-bw0.1-knn15-faiss_atlas_weighted-5-randomwalk-ind1000-lr0.05-ep20-lbs10-blend0.8-infl50-rootdissolve-dn3-prune0.9,manifold,171,Hex2Cer 40:1;O2,Hex2Cer_40-1_O2,0,0.6457388401031494,0.7585977587542102,0.5648454160965087,0.5893693566322327,517.8327979564667
FOLD-5-learnls-manifold-nu2-K1300-stride4-learnls-bs1.0-bd0.01-bw0.1-knn15-faiss_atlas_weighted-5-randomwalk-ind1000-lr0.05-ep20-lbs10-blend0.8-infl50-rootdissolve-dn3-prune0.9510,fold_5,learnls-manifold-nu2-K1300-stride4-learnls-bs1.0-bd0.01-bw0.1-knn15-faiss_atlas_weighted-5-randomwalk-ind1000-lr0.05-ep20-lbs10-blend0.8-infl50-rootdissolve-dn3-prune0.95,manifold,97,PC 35:1 PE 38:1,PC_35-1_PE_38-1,0,1.143726825714111,0.1400844592028318,-0.0056320435340118,0.9733543395996094,559.7733387470246
FOLD-5-learnls-manifold-nu2-K1300-stride4-learnls-bs1.0-bd0.01-bw0.1-knn15-faiss_atlas_weighted-5-randomwalk-ind1000-lr0.05-ep20-lbs10-blend0.8-infl50-rootdissolve-dn3-prune0.9510,fold_5,learnls-manifold-nu2-K1300-stride4-learnls-bs1.0-bd0.01-bw0.1-knn15-faiss_atlas_weighted-5-randomwalk-ind1000-lr0.05-ep20-lbs10-blend0.8-infl50-rootdissolve-dn3-prune0.95,manifold,18,PA 36:1,PA_36-1,0,1.028396725654602,0.438132986582925,0.1476198591958685,0.8230429291725159,559.7733387470246
FOLD-5-learnls-manifold-nu2-K1300-stride4-learnls-bs1.0-bd0.01-bw0.1-knn15-faiss_atlas_weighted-5-randomwalk-ind1000-lr0.05-ep20-lbs10-blend0.8-infl50-rootdissolve-dn3-prune0.9510,fold_5,learnls-manifold-nu2-K1300-stride4-learnls-bs1.0-bd0.01-bw0.1-knn15-faiss_atlas_weighted-5-randomwalk-ind1000-lr0.05-ep20-lbs10-blend0.8-infl50-rootdissolve-dn3-prune0.95,manifold,57,LPC 22:6,LPC_22-6,0,0.8359974026679993,0.5936565500491094,0.3480721086358238,0.7711318135261536,559.7733387470246
FOLD-5-learnls-manifold-nu2-K1300-stride4-learnls-bs1.0-bd0.01-bw0.1-knn15-faiss_atlas_weighted-5-randomwalk-ind1000-lr0.05-ep20-lbs10-blend0.8-infl50-rootdissolve-dn3-prune0.9510,fold_5,learnls-manifold-nu2-K1300-stride4-learnls-bs1.0-bd0.01-bw0.1-knn15-faiss_atlas_weighted-5-randomwalk-ind1000-lr0.05-ep20-lbs10-blend0.8-infl50-rootdissolve-dn3-prune0.95,manifold,86,PE O-36:0 PE O-38:3,PE_O-36-0_PE_O-38-3,0,0.7568440437316895,0.6259305992997372,0.3755606270639021,0.7127249240875244,559.7733387470246
FOLD-5-learnls-manifold-nu2-K1300-stride4-learnls-bs1.0-bd0.01-bw0.1-knn15-faiss_atlas_weighted-5-randomwalk-ind1000-lr0.05-ep20-lbs10-blend0.8-infl50-rootdissolve-dn3-prune0.9510,fold_5,learnls-manifold-nu2-K1300-stride4-learnls-bs1.0-bd0.01-bw0.1-knn15-faiss_atlas_weighted-5-randomwalk-ind1000-lr0.05-ep20-lbs10-blend0.8-infl50-rootdissolve-dn3-prune0.95,manifold,171,Hex2Cer 40:1;O2,Hex2Cer_40-1_O2,0,0.6631724834442139,0.7449168006578117,0.5410316078476303,0.5896298289299011,559.7733387470246
FOLD-5-learnls-manifold-nu2-K1300-stride4-learnls-bs1.0-bd0.01-bw0.1-knn15-faiss_atlas_weighted-5-randomwalk-ind1000-lr0.05-ep20-lbs10-blend0.8-infl50-rootdissolve-dn3-prune0.9710,fold_5,learnls-manifold-nu2-K1300-stride4-learnls-bs1.0-bd0.01-bw0.1-knn15-faiss_atlas_weighted-5-randomwalk-ind1000-lr0.05-ep20-lbs10-blend0.8-infl50-rootdissolve-dn3-prune0.97,manifold,97,PC 35:1 PE 38:1,PC_35-1_PE_38-1,0,1.14144766330719,0.1435444152585426,-0.001628004754963,0.9731846451759338,1586.7093570709228
FOLD-5-learnls-manifold-nu2-K1300-stride4-learnls-bs1.0-bd0.01-bw0.1-knn15-faiss_atlas_weighted-5-randomwalk-ind1000-lr0.05-ep20-lbs10-blend0.8-infl50-rootdissolve-dn3-prune0.9710,fold_5,learnls-manifold-nu2-K1300-stride4-learnls-bs1.0-bd0.01-bw0.1-knn15-faiss_atlas_weighted-5-randomwalk-ind1000-lr0.05-ep20-lbs10-blend0.8-infl50-rootdissolve-dn3-prune0.97,manifold,18,PA 36:1,PA_36-1,0,1.0215373039245603,0.4443978902275165,0.1589527123647787,0.822563111782074,1586.7093570709228
FOLD-5-learnls-manifold-nu2-K1300-stride4-learnls-bs1.0-bd0.01-bw0.1-knn15-faiss_atlas_weighted-5-randomwalk-ind1000-lr0.05-ep20-lbs10-blend0.8-infl50-rootdissolve-dn3-prune0.9710,fold_5,learnls-manifold-nu2-K1300-stride4-learnls-bs1.0-bd0.01-bw0.1-knn15-faiss_atlas_weighted-5-randomwalk-ind1000-lr0.05-ep20-lbs10-blend0.8-infl50-rootdissolve-dn3-prune0.97,manifold,57,LPC 22:6,LPC_22-6,0,0.8295519948005676,0.6004016117878964,0.3580858759107815,0.7724263668060303,1586.7093570709228
FOLD-5-learnls-manifold-nu2-K1300-stride4-learnls-bs1.0-bd0.01-bw0.1-knn15-faiss_atlas_weighted-5-randomwalk-ind1000-lr0.05-ep20-lbs10-blend0.8-infl50-rootdissolve-dn3-prune0.9710,fold_5,learnls-manifold-nu2-K1300-stride4-learnls-bs1.0-bd0.01-bw0.1-knn15-faiss_atlas_weighted-5-randomwalk-ind1000-lr0.05-ep20-lbs10-blend0.8-infl50-rootdissolve-dn3-prune0.97,manifold,86,PE O-36:0 PE O-38:3,PE_O-36-0_PE_O-38-3,0,0.7482762336730957,0.6343766557083657,0.3896184708376033,0.713119626045227,1586.7093570709228
FOLD-5-learnls-manifold-nu2-K1300-stride4-learnls-bs1.0-bd0.01-bw0.1-knn15-faiss_atlas_weighted-5-randomwalk-ind1000-lr0.05-ep20-lbs10-blend0.8-infl50-rootdissolve-dn3-prune0.9710,fold_5,learnls-manifold-nu2-K1300-stride4-learnls-bs1.0-bd0.01-bw0.1-knn15-faiss_atlas_weighted-5-randomwalk-ind1000-lr0.05-ep20-lbs10-blend0.8-infl50-rootdissolve-dn3-prune0.97,manifold,171,Hex2Cer 40:1;O2,Hex2Cer_40-1_O2,0,0.6559590697288513,0.7503443530504685,0.5509618028321954,0.5916128158569336,1586.7093570709228
FOLD-5-learnls-manifold-nu2-K1300-stride4-learnls-bs1.0-bd0.01-bw0.1-knn15-faiss_atlas_weighted-5-randomwalk-ind1000-lr0.05-ep20-lbs10-blend0.8-infl50-rootdissolve-dn310,fold_5,learnls-manifold-nu2-K1300-stride4-learnls-bs1.0-bd0.01-bw0.1-knn15-faiss_atlas_weighted-5-randomwalk-ind1000-lr0.05-ep20-lbs10-blend0.8-infl50-rootdissolve-dn3,manifold,97,PC 35:1 PE 38:1,PC_35-1_PE_38-1,0,1.1397260427474976,0.1423085215884604,0.0013911696469809,0.9742898344993592,513.6447801113129
FOLD-5-learnls-manifold-nu2-K1300-stride4-learnls-bs1.0-bd0.01-bw0.1-knn15-faiss_atlas_weighted-5-randomwalk-ind1000-lr0.05-ep20-lbs10-blend0.8-infl50-rootdissolve-dn310,fold_5,learnls-manifold-nu2-K1300-stride4-learnls-bs1.0-bd0.01-bw0.1-knn15-faiss_atlas_weighted-5-randomwalk-ind1000-lr0.05-ep20-lbs10-blend0.8-infl50-rootdissolve-dn3,manifold,18,PA 36:1,PA_36-1,0,1.0205398797988892,0.4441548835541538,0.160594279350634,0.8259229063987732,513.6447801113129
FOLD-5-learnls-manifold-nu2-K1300-stride4-learnls-bs1.0-bd0.01-bw0.1-knn15-faiss_atlas_weighted-5-randomwalk-ind1000-lr0.05-ep20-lbs10-blend0.8-infl50-rootdissolve-dn310,fold_5,learnls-manifold-nu2-K1300-stride4-learnls-bs1.0-bd0.01-bw0.1-knn15-faiss_atlas_weighted-5-randomwalk-ind1000-lr0.05-ep20-lbs10-blend0.8-infl50-rootdissolve-dn3,manifold,57,LPC 22:6,LPC_22-6,0,0.8476167321205139,0.5816611632578725,0.3298242544527474,0.7710001468658447,513.6447801113129
FOLD-5-learnls-manifold-nu2-K1300-stride4-learnls-bs1.0-bd0.01-bw0.1-knn15-faiss_atlas_weighted-5-randomwalk-ind1000-lr0.05-ep20-lbs10-blend0.8-infl50-rootdissolve-dn310,fold_5,learnls-manifold-nu2-K1300-stride4-learnls-bs1.0-bd0.01-bw0.1-knn15-faiss_atlas_weighted-5-randomwalk-ind1000-lr0.05-ep20-lbs10-blend0.8-infl50-rootdissolve-dn3,manifold,86,PE O-36:0 PE O-38:3,PE_O-36-0_PE_O-38-3,0,0.7645840644836426,0.6192330904296404,0.36272341103462,0.7161729335784912,513.6447801113129
FOLD-5-learnls-manifold-nu2-K1300-stride4-learnls-bs1.0-bd0.01-bw0.1-knn15-faiss_atlas_weighted-5-randomwalk-ind1000-lr0.05-ep20-lbs10-blend0.8-infl50-rootdissolve-dn310,fold_5,learnls-manifold-nu2-K1300-stride4-learnls-bs1.0-bd0.01-bw0.1-knn15-faiss_atlas_weighted-5-randomwalk-ind1000-lr0.05-ep20-lbs10-blend0.8-infl50-rootdissolve-dn3,manifold,171,Hex2Cer 40:1;O2,Hex2Cer_40-1_O2,0,0.6544522643089294,0.751142288606691,0.5530224580126203,0.5903555750846863,513.6447801113129
FOLD-5-learnls-manifold-nu2-K300-stride4-learnls-bs1.0-bd0.01-bw0.1-knn15-faiss_atlas_weighted-5-randomwalk-ind1000-lr0.05-ep20-lbs10-blend0.8-infl50-ptls-rootdissolve-dn3-prune0.910,fold_5,learnls-manifold-nu2-K300-stride4-learnls-bs1.0-bd0.01-bw0.1-knn15-faiss_atlas_weighted-5-randomwalk-ind1000-lr0.05-ep20-lbs10-blend0.8-infl50-ptls-rootdissolve-dn3-prune0.9,manifold,97,PC 35:1 PE 38:1,PC_35-1_PE_38-1,0,1.1467242240905762,0.107489455893359,-0.0109098922027246,0.977996289730072,625.4174993038177
FOLD-5-learnls-manifold-nu2-K300-stride4-learnls-bs1.0-bd0.01-bw0.1-knn15-faiss_atlas_weighted-5-randomwalk-ind1000-lr0.05-ep20-lbs10-blend0.8-infl50-ptls-rootdissolve-dn3-prune0.910,fold_5,learnls-manifold-nu2-K300-stride4-learnls-bs1.0-bd0.01-bw0.1-knn15-faiss_atlas_weighted-5-randomwalk-ind1000-lr0.05-ep20-lbs10-blend0.8-infl50-ptls-rootdissolve-dn3-prune0.9,manifold,18,PA 36:1,PA_36-1,0,1.0473182201385498,0.4222321484537158,0.1159653697947005,0.8453263640403748,625.4174993038177
FOLD-5-learnls-manifold-nu2-K300-stride4-learnls-bs1.0-bd0.01-bw0.1-knn15-faiss_atlas_weighted-5-randomwalk-ind1000-lr0.05-ep20-lbs10-blend0.8-infl50-ptls-rootdissolve-dn3-prune0.910,fold_5,learnls-manifold-nu2-K300-stride4-learnls-bs1.0-bd0.01-bw0.1-knn15-faiss_atlas_weighted-5-randomwalk-ind1000-lr0.05-ep20-lbs10-blend0.8-infl50-ptls-rootdissolve-dn3-prune0.9,manifold,57,LPC 22:6,LPC_22-6,0,0.8599427342414856,0.5582449254027277,0.3101911611122445,0.811759889125824,625.4174993038177
FOLD-5-learnls-manifold-nu2-K300-stride4-learnls-bs1.0-bd0.01-bw0.1-knn15-faiss_atlas_weighted-5-randomwalk-ind1000-lr0.05-ep20-lbs10-blend0.8-infl50-ptls-rootdissolve-dn3-prune0.910,fold_5,learnls-manifold-nu2-K300-stride4-learnls-bs1.0-bd0.01-bw0.1-knn15-faiss_atlas_weighted-5-randomwalk-ind1000-lr0.05-ep20-lbs10-blend0.8-infl50-ptls-rootdissolve-dn3-prune0.9,manifold,86,PE O-36:0 PE O-38:3,PE_O-36-0_PE_O-38-3,0,0.7763726711273193,0.5957606105450309,0.3429204103974447,0.7337089776992798,625.4174993038177
FOLD-5-learnls-manifold-nu2-K300-stride4-learnls-bs1.0-bd0.01-bw0.1-knn15-faiss_atlas_weighted-5-randomwalk-ind1000-lr0.05-ep20-lbs10-blend0.8-infl50-ptls-rootdissolve-dn3-prune0.910,fold_5,learnls-manifold-nu2-K300-stride4-learnls-bs1.0-bd0.01-bw0.1-knn15-faiss_atlas_weighted-5-randomwalk-ind1000-lr0.05-ep20-lbs10-blend0.8-infl50-ptls-rootdissolve-dn3-prune0.9,manifold,171,Hex2Cer 40:1;O2,Hex2Cer_40-1_O2,0,0.6759177446365356,0.7281776128182078,0.5232206500231187,0.6073370575904846,625.4174993038177
FOLD-5-learnls-manifold-nu2-K300-stride4-learnls-bs1.0-bd0.01-bw0.1-knn15-faiss_atlas_weighted-5-randomwalk-ind1000-lr0.05-ep20-lbs10-blend0.8-infl50-ptls-rootdissolve-dn3-prune0.9510,fold_5,learnls-manifold-nu2-K300-stride4-learnls-bs1.0-bd0.01-bw0.1-knn15-faiss_atlas_weighted-5-randomwalk-ind1000-lr0.05-ep20-lbs10-blend0.8-infl50-ptls-rootdissolve-dn3-prune0.95,manifold,97,PC 35:1 PE 38:1,PC_35-1_PE_38-1,0,1.144532322883606,0.1193723713478028,-0.0070489343422264,0.9842929840087892,1704.3866032123565
FOLD-5-learnls-manifold-nu2-K300-stride4-learnls-bs1.0-bd0.01-bw0.1-knn15-faiss_atlas_weighted-5-randomwalk-ind1000-lr0.05-ep20-lbs10-blend0.8-infl50-ptls-rootdissolve-dn3-prune0.9510,fold_5,learnls-manifold-nu2-K300-stride4-learnls-bs1.0-bd0.01-bw0.1-knn15-faiss_atlas_weighted-5-randomwalk-ind1000-lr0.05-ep20-lbs10-blend0.8-infl50-ptls-rootdissolve-dn3-prune0.95,manifold,18,PA 36:1,PA_36-1,0,1.0265551805496216,0.4252627680291364,0.1506698176970551,0.855857253074646,1704.3866032123565
FOLD-5-learnls-manifold-nu2-K300-stride4-learnls-bs1.0-bd0.01-bw0.1-knn15-faiss_atlas_weighted-5-randomwalk-ind1000-lr0.05-ep20-lbs10-blend0.8-infl50-ptls-rootdissolve-dn3-prune0.9510,fold_5,learnls-manifold-nu2-K300-stride4-learnls-bs1.0-bd0.01-bw0.1-knn15-faiss_atlas_weighted-5-randomwalk-ind1000-lr0.05-ep20-lbs10-blend0.8-infl50-ptls-rootdissolve-dn3-prune0.95,manifold,57,LPC 22:6,LPC_22-6,0,0.8667628169059753,0.5476854974645579,0.2992062537745166,0.814379870891571,1704.3866032123565
FOLD-5-learnls-manifold-nu2-K300-stride4-learnls-bs1.0-bd0.01-bw0.1-knn15-faiss_atlas_weighted-5-randomwalk-ind1000-lr0.05-ep20-lbs10-blend0.8-infl50-ptls-rootdissolve-dn3-prune0.9510,fold_5,learnls-manifold-nu2-K300-stride4-learnls-bs1.0-bd0.01-bw0.1-knn15-faiss_atlas_weighted-5-randomwalk-ind1000-lr0.05-ep20-lbs10-blend0.8-infl50-ptls-rootdissolve-dn3-prune0.95,manifold,86,PE O-36:0 PE O-38:3,PE_O-36-0_PE_O-38-3,0,0.8005591034889221,0.5641289248769086,0.3013425681521433,0.7595484852790833,1704.3866032123565
FOLD-5-learnls-manifold-nu2-K300-stride4-learnls-bs1.0-bd0.01-bw0.1-knn15-faiss_atlas_weighted-5-randomwalk-ind1000-lr0.05-ep20-lbs10-blend0.8-infl50-ptls-rootdissolve-dn3-prune0.9510,fold_5,learnls-manifold-nu2-K300-stride4-learnls-bs1.0-bd0.01-bw0.1-knn15-faiss_atlas_weighted-5-randomwalk-ind1000-lr0.05-ep20-lbs10-blend0.8-infl50-ptls-rootdissolve-dn3-prune0.95,manifold,171,Hex2Cer 40:1;O2,Hex2Cer_40-1_O2,0,0.6899390816688538,0.7153863914728497,0.5032346905321563,0.6392505764961243,1704.3866032123565
FOLD-5-learnls-manifold-nu2-K300-stride4-learnls-bs1.0-bd0.01-bw0.1-knn15-faiss_atlas_weighted-5-randomwalk-ind1000-lr0.05-ep20-lbs10-blend0.8-infl50-ptls-rootdissolve-dn3-prune0.9710,fold_5,learnls-manifold-nu2-K300-stride4-learnls-bs1.0-bd0.01-bw0.1-knn15-faiss_atlas_weighted-5-randomwalk-ind1000-lr0.05-ep20-lbs10-blend0.8-infl50-ptls-rootdissolve-dn3-prune0.97,manifold,97,PC 35:1 PE 38:1,PC_35-1_PE_38-1,0,1.1389577388763428,0.1311674711504897,0.002737132404521,0.9855924248695374,880.3220186710357
FOLD-5-learnls-manifold-nu2-K300-stride4-learnls-bs1.0-bd0.01-bw0.1-knn15-faiss_atlas_weighted-5-randomwalk-ind1000-lr0.05-ep20-lbs10-blend0.8-infl50-ptls-rootdissolve-dn3-prune0.9710,fold_5,learnls-manifold-nu2-K300-stride4-learnls-bs1.0-bd0.01-bw0.1-knn15-faiss_atlas_weighted-5-randomwalk-ind1000-lr0.05-ep20-lbs10-blend0.8-infl50-ptls-rootdissolve-dn3-prune0.97,manifold,18,PA 36:1,PA_36-1,0,1.0150099992752075,0.4352775879002206,0.169666526975396,0.858198881149292,880.3220186710357
FOLD-5-learnls-manifold-nu2-K300-stride4-learnls-bs1.0-bd0.01-bw0.1-knn15-faiss_atlas_weighted-5-randomwalk-ind1000-lr0.05-ep20-lbs10-blend0.8-infl50-ptls-rootdissolve-dn3-prune0.9710,fold_5,learnls-manifold-nu2-K300-stride4-learnls-bs1.0-bd0.01-bw0.1-knn15-faiss_atlas_weighted-5-randomwalk-ind1000-lr0.05-ep20-lbs10-blend0.8-infl50-ptls-rootdissolve-dn3-prune0.97,manifold,57,LPC 22:6,LPC_22-6,0,0.8664286136627197,0.547960525146646,0.2997465416308074,0.8165356516838074,880.3220186710357
FOLD-5-learnls-manifold-nu2-K300-stride4-learnls-bs1.0-bd0.01-bw0.1-knn15-faiss_atlas_weighted-5-randomwalk-ind1000-lr0.05-ep20-lbs10-blend0.8-infl50-ptls-rootdissolve-dn3-prune0.9710,fold_5,learnls-manifold-nu2-K300-stride4-learnls-bs1.0-bd0.01-bw0.1-knn15-faiss_atlas_weighted-5-randomwalk-ind1000-lr0.05-ep20-lbs10-blend0.8-infl50-ptls-rootdissolve-dn3-prune0.97,manifold,86,PE O-36:0 PE O-38:3,PE_O-36-0_PE_O-38-3,0,0.7991970777511597,0.5654937525893258,0.3037178245597581,0.7617127299308777,880.3220186710357
FOLD-5-learnls-manifold-nu2-K300-stride4-learnls-bs1.0-bd0.01-bw0.1-knn15-faiss_atlas_weighted-5-randomwalk-ind1000-lr0.05-ep20-lbs10-blend0.8-infl50-ptls-rootdissolve-dn3-prune0.9710,fold_5,learnls-manifold-nu2-K300-stride4-learnls-bs1.0-bd0.01-bw0.1-knn15-faiss_atlas_weighted-5-randomwalk-ind1000-lr0.05-ep20-lbs10-blend0.8-infl50-ptls-rootdissolve-dn3-prune0.97,manifold,171,Hex2Cer 40:1;O2,Hex2Cer_40-1_O2,0,0.6884874701499939,0.7181758401947661,0.5053228553761062,0.6467557549476624,880.3220186710357
FOLD-5-learnls-manifold-nu2-K300-stride4-learnls-bs1.0-bd0.01-bw0.1-knn15-faiss_atlas_weighted-5-randomwalk-ind1000-lr0.05-ep20-lbs10-blend0.8-infl50-ptls-rootdissolve-dn310,fold_5,learnls-manifold-nu2-K300-stride4-learnls-bs1.0-bd0.01-bw0.1-knn15-faiss_atlas_weighted-5-randomwalk-ind1000-lr0.05-ep20-lbs10-blend0.8-infl50-ptls-rootdissolve-dn3,manifold,97,PC 35:1 PE 38:1,PC_35-1_PE_38-1,0,1.1434985399246216,0.1114673024823482,-0.005230637532942,0.9846358299255372,1121.0405628681185
FOLD-5-learnls-manifold-nu2-K300-stride4-learnls-bs1.0-bd0.01-bw0.1-knn15-faiss_atlas_weighted-5-randomwalk-ind1000-lr0.05-ep20-lbs10-blend0.8-infl50-ptls-rootdissolve-dn310,fold_5,learnls-manifold-nu2-K300-stride4-learnls-bs1.0-bd0.01-bw0.1-knn15-faiss_atlas_weighted-5-randomwalk-ind1000-lr0.05-ep20-lbs10-blend0.8-infl50-ptls-rootdissolve-dn3,manifold,18,PA 36:1,PA_36-1,0,1.047176718711853,0.404538288989611,0.1162041484805364,0.8631186485290527,1121.0405628681185
FOLD-5-learnls-manifold-nu2-K300-stride4-learnls-bs1.0-bd0.01-bw0.1-knn15-faiss_atlas_weighted-5-randomwalk-ind1000-lr0.05-ep20-lbs10-blend0.8-infl50-ptls-rootdissolve-dn310,fold_5,learnls-manifold-nu2-K300-stride4-learnls-bs1.0-bd0.01-bw0.1-knn15-faiss_atlas_weighted-5-randomwalk-ind1000-lr0.05-ep20-lbs10-blend0.8-infl50-ptls-rootdissolve-dn3,manifold,57,LPC 22:6,LPC_22-6,0,0.8795442581176758,0.5327761024919561,0.2783857836335608,0.8219810128211975,1121.0405628681185
FOLD-5-learnls-manifold-nu2-K300-stride4-learnls-bs1.0-bd0.01-bw0.1-knn15-faiss_atlas_weighted-5-randomwalk-ind1000-lr0.05-ep20-lbs10-blend0.8-infl50-ptls-rootdissolve-dn310,fold_5,learnls-manifold-nu2-K300-stride4-learnls-bs1.0-bd0.01-bw0.1-knn15-faiss_atlas_weighted-5-randomwalk-ind1000-lr0.05-ep20-lbs10-blend0.8-infl50-ptls-rootdissolve-dn3,manifold,86,PE O-36:0 PE O-38:3,PE_O-36-0_PE_O-38-3,0,0.7958172559738159,0.5740931949456956,0.3095945848543319,0.7603886723518372,1121.0405628681185
FOLD-5-learnls-manifold-nu2-K300-stride4-learnls-bs1.0-bd0.01-bw0.1-knn15-faiss_atlas_weighted-5-randomwalk-ind1000-lr0.05-ep20-lbs10-blend0.8-infl50-ptls-rootdissolve-dn310,fold_5,learnls-manifold-nu2-K300-stride4-learnls-bs1.0-bd0.01-bw0.1-knn15-faiss_atlas_weighted-5-randomwalk-ind1000-lr0.05-ep20-lbs10-blend0.8-infl50-ptls-rootdissolve-dn3,manifold,171,Hex2Cer 40:1;O2,Hex2Cer_40-1_O2,0,0.7066198587417603,0.7040280489935594,0.4789235922118631,0.6395933628082275,1121.0405628681185
FOLD-5-learnls-manifold-nu2-K300-stride4-learnls-bs1.0-bd0.01-bw0.1-knn15-faiss_atlas_weighted-5-randomwalk-ind1000-lr0.05-ep20-lbs10-blend0.8-infl50-rootdissolve-dn3-prune0.910,fold_5,learnls-manifold-nu2-K300-stride4-learnls-bs1.0-bd0.01-bw0.1-knn15-faiss_atlas_weighted-5-randomwalk-ind1000-lr0.05-ep20-lbs10-blend0.8-infl50-rootdissolve-dn3-prune0.9,manifold,97,PC 35:1 PE 38:1,PC_35-1_PE_38-1,0,1.1469806432724,0.1122128879195702,-0.0113620724441516,0.9849470257759094,475.62923412323
FOLD-5-learnls-manifold-nu2-K300-stride4-learnls-bs1.0-bd0.01-bw0.1-knn15-faiss_atlas_weighted-5-randomwalk-ind1000-lr0.05-ep20-lbs10-blend0.8-infl50-rootdissolve-dn3-prune0.910,fold_5,learnls-manifold-nu2-K300-stride4-learnls-bs1.0-bd0.01-bw0.1-knn15-faiss_atlas_weighted-5-randomwalk-ind1000-lr0.05-ep20-lbs10-blend0.8-infl50-rootdissolve-dn3-prune0.9,manifold,18,PA 36:1,PA_36-1,0,1.0324493646621704,0.423328458858724,0.1408887049685344,0.8539908528327942,475.62923412323
FOLD-5-learnls-manifold-nu2-K300-stride4-learnls-bs1.0-bd0.01-bw0.1-knn15-faiss_atlas_weighted-5-randomwalk-ind1000-lr0.05-ep20-lbs10-blend0.8-infl50-rootdissolve-dn3-prune0.910,fold_5,learnls-manifold-nu2-K300-stride4-learnls-bs1.0-bd0.01-bw0.1-knn15-faiss_atlas_weighted-5-randomwalk-ind1000-lr0.05-ep20-lbs10-blend0.8-infl50-rootdissolve-dn3-prune0.9,manifold,57,LPC 22:6,LPC_22-6,0,0.8533790111541748,0.566733374713656,0.3206813112282327,0.8105695843696594,475.62923412323
FOLD-5-learnls-manifold-nu2-K300-stride4-learnls-bs1.0-bd0.01-bw0.1-knn15-faiss_atlas_weighted-5-randomwalk-ind1000-lr0.05-ep20-lbs10-blend0.8-infl50-rootdissolve-dn3-prune0.910,fold_5,learnls-manifold-nu2-K300-stride4-learnls-bs1.0-bd0.01-bw0.1-knn15-faiss_atlas_weighted-5-randomwalk-ind1000-lr0.05-ep20-lbs10-blend0.8-infl50-rootdissolve-dn3-prune0.9,manifold,86,PE O-36:0 PE O-38:3,PE_O-36-0_PE_O-38-3,0,0.7782959342002869,0.5933076392506673,0.3396608768262147,0.750758945941925,475.62923412323
FOLD-5-learnls-manifold-nu2-K300-stride4-learnls-bs1.0-bd0.01-bw0.1-knn15-faiss_atlas_weighted-5-randomwalk-ind1000-lr0.05-ep20-lbs10-blend0.8-infl50-rootdissolve-dn3-prune0.910,fold_5,learnls-manifold-nu2-K300-stride4-learnls-bs1.0-bd0.01-bw0.1-knn15-faiss_atlas_weighted-5-randomwalk-ind1000-lr0.05-ep20-lbs10-blend0.8-infl50-rootdissolve-dn3-prune0.9,manifold,171,Hex2Cer 40:1;O2,Hex2Cer_40-1_O2,0,0.6754605174064636,0.7288620848883705,0.5238654266559872,0.6292509436607361,475.62923412323
FOLD-5-learnls-manifold-nu2-K300-stride4-learnls-bs1.0-bd0.01-bw0.1-knn15-faiss_atlas_weighted-5-randomwalk-ind1000-lr0.05-ep20-lbs10-blend0.8-infl50-rootdissolve-dn3-prune0.9510,fold_5,learnls-manifold-nu2-K300-stride4-learnls-bs1.0-bd0.01-bw0.1-knn15-faiss_atlas_weighted-5-randomwalk-ind1000-lr0.05-ep20-lbs10-blend0.8-infl50-rootdissolve-dn3-prune0.95,manifold,97,PC 35:1 PE 38:1,PC_35-1_PE_38-1,0,1.1470947265625,0.116093828249872,-0.0115631651592507,0.9973270297050476,352.9491777420044
FOLD-5-learnls-manifold-nu2-K300-stride4-learnls-bs1.0-bd0.01-bw0.1-knn15-faiss_atlas_weighted-5-randomwalk-ind1000-lr0.05-ep20-lbs10-blend0.8-infl50-rootdissolve-dn3-prune0.9510,fold_5,learnls-manifold-nu2-K300-stride4-learnls-bs1.0-bd0.01-bw0.1-knn15-faiss_atlas_weighted-5-randomwalk-ind1000-lr0.05-ep20-lbs10-blend0.8-infl50-rootdissolve-dn3-prune0.95,manifold,18,PA 36:1,PA_36-1,0,1.032336711883545,0.4263766453767614,0.1410761208473462,0.8721678256988525,352.9491777420044
FOLD-5-learnls-manifold-nu2-K300-stride4-learnls-bs1.0-bd0.01-bw0.1-knn15-faiss_atlas_weighted-5-randomwalk-ind1000-lr0.05-ep20-lbs10-blend0.8-infl50-rootdissolve-dn3-prune0.9510,fold_5,learnls-manifold-nu2-K300-stride4-learnls-bs1.0-bd0.01-bw0.1-knn15-faiss_atlas_weighted-5-randomwalk-ind1000-lr0.05-ep20-lbs10-blend0.8-infl50-rootdissolve-dn3-prune0.95,manifold,57,LPC 22:6,LPC_22-6,0,0.8718951940536499,0.5413448099244855,0.2908823891018305,0.8168408870697021,352.9491777420044
FOLD-5-learnls-manifold-nu2-K300-stride4-learnls-bs1.0-bd0.01-bw0.1-knn15-faiss_atlas_weighted-5-randomwalk-ind1000-lr0.05-ep20-lbs10-blend0.8-infl50-rootdissolve-dn3-prune0.9510,fold_5,learnls-manifold-nu2-K300-stride4-learnls-bs1.0-bd0.01-bw0.1-knn15-faiss_atlas_weighted-5-randomwalk-ind1000-lr0.05-ep20-lbs10-blend0.8-infl50-rootdissolve-dn3-prune0.95,manifold,86,PE O-36:0 PE O-38:3,PE_O-36-0_PE_O-38-3,0,0.794853687286377,0.5693796839476154,0.3112654826463074,0.7687961459159851,352.9491777420044
FOLD-5-learnls-manifold-nu2-K300-stride4-learnls-bs1.0-bd0.01-bw0.1-knn15-faiss_atlas_weighted-5-randomwalk-ind1000-lr0.05-ep20-lbs10-blend0.8-infl50-rootdissolve-dn3-prune0.9510,fold_5,learnls-manifold-nu2-K300-stride4-learnls-bs1.0-bd0.01-bw0.1-knn15-faiss_atlas_weighted-5-randomwalk-ind1000-lr0.05-ep20-lbs10-blend0.8-infl50-rootdissolve-dn3-prune0.95,manifold,171,Hex2Cer 40:1;O2,Hex2Cer_40-1_O2,0,0.6889234781265259,0.7157438720420262,0.5046961036189265,0.6408185362815857,352.9491777420044
FOLD-5-learnls-manifold-nu2-K300-stride4-learnls-bs1.0-bd0.01-bw0.1-knn15-faiss_atlas_weighted-5-randomwalk-ind1000-lr0.05-ep20-lbs10-blend0.8-infl50-rootdissolve-dn3-prune0.9710,fold_5,learnls-manifold-nu2-K300-stride4-learnls-bs1.0-bd0.01-bw0.1-knn15-faiss_atlas_weighted-5-randomwalk-ind1000-lr0.05-ep20-lbs10-blend0.8-infl50-rootdissolve-dn3-prune0.97,manifold,97,PC 35:1 PE 38:1,PC_35-1_PE_38-1,0,1.1404659748077393,0.1284895760449985,9.419957750489429e-05,0.9852668046951294,490.0530682563782
FOLD-5-learnls-manifold-nu2-K300-stride4-learnls-bs1.0-bd0.01-bw0.1-knn15-faiss_atlas_weighted-5-randomwalk-ind1000-lr0.05-ep20-lbs10-blend0.8-infl50-rootdissolve-dn3-prune0.9710,fold_5,learnls-manifold-nu2-K300-stride4-learnls-bs1.0-bd0.01-bw0.1-knn15-faiss_atlas_weighted-5-randomwalk-ind1000-lr0.05-ep20-lbs10-blend0.8-infl50-rootdissolve-dn3-prune0.97,manifold,18,PA 36:1,PA_36-1,0,1.0139367580413818,0.4355803830979727,0.1714214423376614,0.8591415286064148,490.0530682563782
FOLD-5-learnls-manifold-nu2-K300-stride4-learnls-bs1.0-bd0.01-bw0.1-knn15-faiss_atlas_weighted-5-randomwalk-ind1000-lr0.05-ep20-lbs10-blend0.8-infl50-rootdissolve-dn3-prune0.9710,fold_5,learnls-manifold-nu2-K300-stride4-learnls-bs1.0-bd0.01-bw0.1-knn15-faiss_atlas_weighted-5-randomwalk-ind1000-lr0.05-ep20-lbs10-blend0.8-infl50-rootdissolve-dn3-prune0.97,manifold,57,LPC 22:6,LPC_22-6,0,0.8668243288993835,0.5474444514577683,0.2991068159495028,0.8169298768043518,490.0530682563782
FOLD-5-learnls-manifold-nu2-K300-stride4-learnls-bs1.0-bd0.01-bw0.1-knn15-faiss_atlas_weighted-5-randomwalk-ind1000-lr0.05-ep20-lbs10-blend0.8-infl50-rootdissolve-dn3-prune0.9710,fold_5,learnls-manifold-nu2-K300-stride4-learnls-bs1.0-bd0.01-bw0.1-knn15-faiss_atlas_weighted-5-randomwalk-ind1000-lr0.05-ep20-lbs10-blend0.8-infl50-rootdissolve-dn3-prune0.97,manifold,86,PE O-36:0 PE O-38:3,PE_O-36-0_PE_O-38-3,0,0.7972236275672913,0.5676699859502595,0.3071522241177221,0.7623129487037659,490.0530682563782
FOLD-5-learnls-manifold-nu2-K300-stride4-learnls-bs1.0-bd0.01-bw0.1-knn15-faiss_atlas_weighted-5-randomwalk-ind1000-lr0.05-ep20-lbs10-blend0.8-infl50-rootdissolve-dn3-prune0.9710,fold_5,learnls-manifold-nu2-K300-stride4-learnls-bs1.0-bd0.01-bw0.1-knn15-faiss_atlas_weighted-5-randomwalk-ind1000-lr0.05-ep20-lbs10-blend0.8-infl50-rootdissolve-dn3-prune0.97,manifold,171,Hex2Cer 40:1;O2,Hex2Cer_40-1_O2,0,0.6884165406227112,0.7181905893317911,0.5054247696103468,0.646918773651123,490.0530682563782
FOLD-5-learnls-manifold-nu2-K300-stride4-learnls-bs1.0-bd0.01-bw0.1-knn15-faiss_atlas_weighted-5-randomwalk-ind1000-lr0.05-ep20-lbs10-blend0.8-infl50-rootdissolve-dn310,fold_5,learnls-manifold-nu2-K300-stride4-learnls-bs1.0-bd0.01-bw0.1-knn15-faiss_atlas_weighted-5-randomwalk-ind1000-lr0.05-ep20-lbs10-blend0.8-infl50-rootdissolve-dn3,manifold,97,PC 35:1 PE 38:1,PC_35-1_PE_38-1,0,1.1471160650253296,0.1053223059067086,-0.0116009117984636,0.9949385523796082,232.3056728363037
FOLD-5-learnls-manifold-nu2-K300-stride4-learnls-bs1.0-bd0.01-bw0.1-knn15-faiss_atlas_weighted-5-randomwalk-ind1000-lr0.05-ep20-lbs10-blend0.8-infl50-rootdissolve-dn310,fold_5,learnls-manifold-nu2-K300-stride4-learnls-bs1.0-bd0.01-bw0.1-knn15-faiss_atlas_weighted-5-randomwalk-ind1000-lr0.05-ep20-lbs10-blend0.8-infl50-rootdissolve-dn3,manifold,18,PA 36:1,PA_36-1,0,1.0578962564468384,0.4020273963495596,0.0980175123825222,0.8800734281539917,232.3056728363037
FOLD-5-learnls-manifold-nu2-K300-stride4-learnls-bs1.0-bd0.01-bw0.1-knn15-faiss_atlas_weighted-5-randomwalk-ind1000-lr0.05-ep20-lbs10-blend0.8-infl50-rootdissolve-dn310,fold_5,learnls-manifold-nu2-K300-stride4-learnls-bs1.0-bd0.01-bw0.1-knn15-faiss_atlas_weighted-5-randomwalk-ind1000-lr0.05-ep20-lbs10-blend0.8-infl50-rootdissolve-dn3,manifold,57,LPC 22:6,LPC_22-6,0,0.8929319381713867,0.5177508169964538,0.256251004848945,0.8169836401939392,232.3056728363037
FOLD-5-learnls-manifold-nu2-K300-stride4-learnls-bs1.0-bd0.01-bw0.1-knn15-faiss_atlas_weighted-5-randomwalk-ind1000-lr0.05-ep20-lbs10-blend0.8-infl50-rootdissolve-dn310,fold_5,learnls-manifold-nu2-K300-stride4-learnls-bs1.0-bd0.01-bw0.1-knn15-faiss_atlas_weighted-5-randomwalk-ind1000-lr0.05-ep20-lbs10-blend0.8-infl50-rootdissolve-dn3,manifold,86,PE O-36:0 PE O-38:3,PE_O-36-0_PE_O-38-3,0,0.7942044734954834,0.5746725836395753,0.3123900722539942,0.7678507566452026,232.3056728363037
FOLD-5-learnls-manifold-nu2-K300-stride4-learnls-bs1.0-bd0.01-bw0.1-knn15-faiss_atlas_weighted-5-randomwalk-ind1000-lr0.05-ep20-lbs10-blend0.8-infl50-rootdissolve-dn310,fold_5,learnls-manifold-nu2-K300-stride4-learnls-bs1.0-bd0.01-bw0.1-knn15-faiss_atlas_weighted-5-randomwalk-ind1000-lr0.05-ep20-lbs10-blend0.8-infl50-rootdissolve-dn3,manifold,171,Hex2Cer 40:1;O2,Hex2Cer_40-1_O2,0,0.7095759510993958,0.701758650774512,0.4745546570912884,0.6357171535491943,232.3056728363037
FOLD-5-spectral-nu2-K100-stride4-bw0.1-knn15-faiss_atlas_weighted-5-randomwalk-lr0.05-ep20-lbs10-rootdissolve-dn310,fold_5,spectral-nu2-K100-stride4-bw0.1-knn15-faiss_atlas_weighted-5-randomwalk-lr0.05-ep20-lbs10-rootdissolve-dn3,spectral,97,PC 35:1 PE 38:1,PC_35-1_PE_38-1,0,1.1284617185592651,0.1528514731349547,0.021032783679912,0.9933450818061828,100.642751789093
FOLD-5-spectral-nu2-K100-stride4-bw0.1-knn15-faiss_atlas_weighted-5-randomwalk-lr0.05-ep20-lbs10-rootdissolve-dn310,fold_5,spectral-nu2-K100-stride4-bw0.1-knn15-faiss_atlas_weighted-5-randomwalk-lr0.05-ep20-lbs10-rootdissolve-dn3,spectral,18,PA 36:1,PA_36-1,0,1.0241962671279907,0.4128211904954653,0.1545686049511411,0.8873237371444702,100.642751789093
FOLD-5-spectral-nu2-K100-stride4-bw0.1-knn15-faiss_atlas_weighted-5-randomwalk-lr0.05-ep20-lbs10-rootdissolve-dn310,fold_5,spectral-nu2-K100-stride4-bw0.1-knn15-faiss_atlas_weighted-5-randomwalk-lr0.05-ep20-lbs10-rootdissolve-dn3,spectral,57,LPC 22:6,LPC_22-6,0,0.9046545028686525,0.4872847966306942,0.2365947408739449,0.8542503118515015,100.642751789093
FOLD-5-spectral-nu2-K100-stride4-bw0.1-knn15-faiss_atlas_weighted-5-randomwalk-lr0.05-ep20-lbs10-rootdissolve-dn310,fold_5,spectral-nu2-K100-stride4-bw0.1-knn15-faiss_atlas_weighted-5-randomwalk-lr0.05-ep20-lbs10-rootdissolve-dn3,spectral,86,PE O-36:0 PE O-38:3,PE_O-36-0_PE_O-38-3,0,0.8172453045845032,0.5302296208119078,0.2719145567684071,0.8157503008842468,100.642751789093
FOLD-5-spectral-nu2-K100-stride4-bw0.1-knn15-faiss_atlas_weighted-5-randomwalk-lr0.05-ep20-lbs10-rootdissolve-dn310,fold_5,spectral-nu2-K100-stride4-bw0.1-knn15-faiss_atlas_weighted-5-randomwalk-lr0.05-ep20-lbs10-rootdissolve-dn3,spectral,171,Hex2Cer 40:1;O2,Hex2Cer_40-1_O2,0,0.7574977874755859,0.6496998273166755,0.4011852130419384,0.7183609008789062,100.642751789093
FOLD-5-spectral-nu2-K1300-stride4-bw0.1-knn15-faiss_atlas_weighted-5-randomwalk-lr0.05-ep20-lbs10-rootdissolve-dn310,fold_5,spectral-nu2-K1300-stride4-bw0.1-knn15-faiss_atlas_weighted-5-randomwalk-lr0.05-ep20-lbs10-rootdissolve-dn3,spectral,97,PC 35:1 PE 38:1,PC_35-1_PE_38-1,0,1.159854292869568,0.126077808944031,-0.0341923310409209,0.9778941869735718,183.06866359710693
FOLD-5-spectral-nu2-K1300-stride4-bw0.1-knn15-faiss_atlas_weighted-5-randomwalk-lr0.05-ep20-lbs10-rootdissolve-dn310,fold_5,spectral-nu2-K1300-stride4-bw0.1-knn15-faiss_atlas_weighted-5-randomwalk-lr0.05-ep20-lbs10-rootdissolve-dn3,spectral,18,PA 36:1,PA_36-1,0,1.077092170715332,0.3909978872686294,0.0649869083208914,0.8226109147071838,183.06866359710693
FOLD-5-spectral-nu2-K1300-stride4-bw0.1-knn15-faiss_atlas_weighted-5-randomwalk-lr0.05-ep20-lbs10-rootdissolve-dn310,fold_5,spectral-nu2-K1300-stride4-bw0.1-knn15-faiss_atlas_weighted-5-randomwalk-lr0.05-ep20-lbs10-rootdissolve-dn3,spectral,57,LPC 22:6,LPC_22-6,0,0.8708437085151672,0.5573551516325089,0.2925917469307353,0.7469627261161804,183.06866359710693
FOLD-5-spectral-nu2-K1300-stride4-bw0.1-knn15-faiss_atlas_weighted-5-randomwalk-lr0.05-ep20-lbs10-rootdissolve-dn310,fold_5,spectral-nu2-K1300-stride4-bw0.1-knn15-faiss_atlas_weighted-5-randomwalk-lr0.05-ep20-lbs10-rootdissolve-dn3,spectral,86,PE O-36:0 PE O-38:3,PE_O-36-0_PE_O-38-3,0,0.8180118203163147,0.5798547990561215,0.2705480757912607,0.716564953327179,183.06866359710693
FOLD-5-spectral-nu2-K1300-stride4-bw0.1-knn15-faiss_atlas_weighted-5-randomwalk-lr0.05-ep20-lbs10-rootdissolve-dn310,fold_5,spectral-nu2-K1300-stride4-bw0.1-knn15-faiss_atlas_weighted-5-randomwalk-lr0.05-ep20-lbs10-rootdissolve-dn3,spectral,171,Hex2Cer 40:1;O2,Hex2Cer_40-1_O2,0,0.7116556763648987,0.7147045305344695,0.4714700604925409,0.571251392364502,183.06866359710693
FOLD-6-euclidean-ard-matern-nu1.5-ind1000-5-lr0.05-ep20-lbs1010,fold_6,euclidean-ard-matern-nu1.5-ind1000-5-lr0.05-ep20-lbs10,euclidean,97,PC 35:1 PE 38:1,PC_35-1_PE_38-1,0,0.9049574732780457,0.2054705286182567,0.0285163650728411,0.9799191951751708,528.7199368000031
FOLD-6-euclidean-ard-matern-nu1.5-ind1000-5-lr0.05-ep20-lbs1010,fold_6,euclidean-ard-matern-nu1.5-ind1000-5-lr0.05-ep20-lbs10,euclidean,18,PA 36:1,PA_36-1,0,0.7495293617248535,0.4423172048735996,0.1412265373004737,0.8513147234916687,528.7199368000031
FOLD-6-euclidean-ard-matern-nu1.5-ind1000-5-lr0.05-ep20-lbs1010,fold_6,euclidean-ard-matern-nu1.5-ind1000-5-lr0.05-ep20-lbs10,euclidean,57,LPC 22:6,LPC_22-6,0,0.7502164840698242,0.631483590979668,0.3955555304208231,0.7947297096252441,528.7199368000031
FOLD-6-euclidean-ard-matern-nu1.5-ind1000-5-lr0.05-ep20-lbs1010,fold_6,euclidean-ard-matern-nu1.5-ind1000-5-lr0.05-ep20-lbs10,euclidean,86,PE O-36:0 PE O-38:3,PE_O-36-0_PE_O-38-3,0,0.7341095805168152,0.6980863333589848,0.4863259034663607,0.7366132140159607,528.7199368000031
FOLD-6-euclidean-ard-matern-nu1.5-ind1000-5-lr0.05-ep20-lbs1010,fold_6,euclidean-ard-matern-nu1.5-ind1000-5-lr0.05-ep20-lbs10,euclidean,171,Hex2Cer 40:1;O2,Hex2Cer_40-1_O2,0,0.5766918063163757,0.8145514755611447,0.6634059830296237,0.6090649962425232,528.7199368000031
FOLD-6-euclidean-no-ard-matern-nu1.5-ind1000-5-lr0.05-ep20-lbs1010,fold_6,euclidean-no-ard-matern-nu1.5-ind1000-5-lr0.05-ep20-lbs10,euclidean,97,PC 35:1 PE 38:1,PC_35-1_PE_38-1,0,0.903150200843811,0.2138972004973413,0.0323927372712039,0.9779395461082458,547.4299501895905
FOLD-6-euclidean-no-ard-matern-nu1.5-ind1000-5-lr0.05-ep20-lbs1010,fold_6,euclidean-no-ard-matern-nu1.5-ind1000-5-lr0.05-ep20-lbs10,euclidean,18,PA 36:1,PA_36-1,0,0.7483401894569397,0.4435166695372226,0.1439494414336587,0.8520516753196716,547.4299501895905
FOLD-6-euclidean-no-ard-matern-nu1.5-ind1000-5-lr0.05-ep20-lbs1010,fold_6,euclidean-no-ard-matern-nu1.5-ind1000-5-lr0.05-ep20-lbs10,euclidean,57,LPC 22:6,LPC_22-6,0,0.7508670687675476,0.630359622230846,0.3945067965342385,0.7960436940193176,547.4299501895905
FOLD-6-euclidean-no-ard-matern-nu1.5-ind1000-5-lr0.05-ep20-lbs1010,fold_6,euclidean-no-ard-matern-nu1.5-ind1000-5-lr0.05-ep20-lbs10,euclidean,86,PE O-36:0 PE O-38:3,PE_O-36-0_PE_O-38-3,0,0.7348987460136414,0.6976603532391429,0.4852209156218416,0.7365297675132751,547.4299501895905
FOLD-6-euclidean-no-ard-matern-nu1.5-ind1000-5-lr0.05-ep20-lbs1010,fold_6,euclidean-no-ard-matern-nu1.5-ind1000-5-lr0.05-ep20-lbs10,euclidean,171,Hex2Cer 40:1;O2,Hex2Cer_40-1_O2,0,0.5766558647155762,0.8145809986313783,0.6634479670143651,0.6090139150619507,547.4299501895905
FOLD-6-learnls-manifold-nu2-K100-stride4-learnls-bs1.0-bd0.01-bw0.1-knn15-faiss_atlas_weighted-5-randomwalk-ind1000-lr0.05-ep20-lbs10-blend0.8-infl50-ptls-rootdissolve-dn3-prune0.910,fold_6,learnls-manifold-nu2-K100-stride4-learnls-bs1.0-bd0.01-bw0.1-knn15-faiss_atlas_weighted-5-randomwalk-ind1000-lr0.05-ep20-lbs10-blend0.8-infl50-ptls-rootdissolve-dn3-prune0.9,manifold,97,PC 35:1 PE 38:1,PC_35-1_PE_38-1,0,0.9137454032897948,0.1450586652462576,0.0095569020162574,0.9981947541236876,2154.0986153125764
FOLD-6-learnls-manifold-nu2-K100-stride4-learnls-bs1.0-bd0.01-bw0.1-knn15-faiss_atlas_weighted-5-randomwalk-ind1000-lr0.05-ep20-lbs10-blend0.8-infl50-ptls-rootdissolve-dn3-prune0.910,fold_6,learnls-manifold-nu2-K100-stride4-learnls-bs1.0-bd0.01-bw0.1-knn15-faiss_atlas_weighted-5-randomwalk-ind1000-lr0.05-ep20-lbs10-blend0.8-infl50-ptls-rootdissolve-dn3-prune0.9,manifold,18,PA 36:1,PA_36-1,0,0.7660902142524719,0.36939710565726,0.1028581485500405,0.9161668419837952,2154.0986153125764
FOLD-6-learnls-manifold-nu2-K100-stride4-learnls-bs1.0-bd0.01-bw0.1-knn15-faiss_atlas_weighted-5-randomwalk-ind1000-lr0.05-ep20-lbs10-blend0.8-infl50-ptls-rootdissolve-dn3-prune0.910,fold_6,learnls-manifold-nu2-K100-stride4-learnls-bs1.0-bd0.01-bw0.1-knn15-faiss_atlas_weighted-5-randomwalk-ind1000-lr0.05-ep20-lbs10-blend0.8-infl50-ptls-rootdissolve-dn3-prune0.9,manifold,57,LPC 22:6,LPC_22-6,0,0.8176568150520325,0.5322690552206988,0.2819985405440675,0.8760710954666138,2154.0986153125764
FOLD-6-learnls-manifold-nu2-K100-stride4-learnls-bs1.0-bd0.01-bw0.1-knn15-faiss_atlas_weighted-5-randomwalk-ind1000-lr0.05-ep20-lbs10-blend0.8-infl50-ptls-rootdissolve-dn3-prune0.910,fold_6,learnls-manifold-nu2-K100-stride4-learnls-bs1.0-bd0.01-bw0.1-knn15-faiss_atlas_weighted-5-randomwalk-ind1000-lr0.05-ep20-lbs10-blend0.8-infl50-ptls-rootdissolve-dn3-prune0.9,manifold,86,PE O-36:0 PE O-38:3,PE_O-36-0_PE_O-38-3,0,0.8228175640106201,0.5979536107563251,0.3546831380261684,0.8220349550247192,2154.0986153125764
FOLD-6-learnls-manifold-nu2-K100-stride4-learnls-bs1.0-bd0.01-bw0.1-knn15-faiss_atlas_weighted-5-randomwalk-ind1000-lr0.05-ep20-lbs10-blend0.8-infl50-ptls-rootdissolve-dn3-prune0.910,fold_6,learnls-manifold-nu2-K100-stride4-learnls-bs1.0-bd0.01-bw0.1-knn15-faiss_atlas_weighted-5-randomwalk-ind1000-lr0.05-ep20-lbs10-blend0.8-infl50-ptls-rootdissolve-dn3-prune0.9,manifold,171,Hex2Cer 40:1;O2,Hex2Cer_40-1_O2,0,0.6798608303070068,0.7296426327246582,0.5322014987629952,0.7117956876754761,2154.0986153125764
FOLD-6-learnls-manifold-nu2-K100-stride4-learnls-bs1.0-bd0.01-bw0.1-knn15-faiss_atlas_weighted-5-randomwalk-ind1000-lr0.05-ep20-lbs10-blend0.8-infl50-ptls-rootdissolve-dn3-prune0.9510,fold_6,learnls-manifold-nu2-K100-stride4-learnls-bs1.0-bd0.01-bw0.1-knn15-faiss_atlas_weighted-5-randomwalk-ind1000-lr0.05-ep20-lbs10-blend0.8-infl50-ptls-rootdissolve-dn3-prune0.95,manifold,97,PC 35:1 PE 38:1,PC_35-1_PE_38-1,0,0.9126487374305724,0.1463635890154842,0.011932869154548,0.9993868470191956,2260.8664878368377
FOLD-6-learnls-manifold-nu2-K100-stride4-learnls-bs1.0-bd0.01-bw0.1-knn15-faiss_atlas_weighted-5-randomwalk-ind1000-lr0.05-ep20-lbs10-blend0.8-infl50-ptls-rootdissolve-dn3-prune0.9510,fold_6,learnls-manifold-nu2-K100-stride4-learnls-bs1.0-bd0.01-bw0.1-knn15-faiss_atlas_weighted-5-randomwalk-ind1000-lr0.05-ep20-lbs10-blend0.8-infl50-ptls-rootdissolve-dn3-prune0.95,manifold,18,PA 36:1,PA_36-1,0,0.7680533528327942,0.3661804012495818,0.0982543186436876,0.9179155230522156,2260.8664878368377
FOLD-6-learnls-manifold-nu2-K100-stride4-learnls-bs1.0-bd0.01-bw0.1-knn15-faiss_atlas_weighted-5-randomwalk-ind1000-lr0.05-ep20-lbs10-blend0.8-infl50-ptls-rootdissolve-dn3-prune0.9510,fold_6,learnls-manifold-nu2-K100-stride4-learnls-bs1.0-bd0.01-bw0.1-knn15-faiss_atlas_weighted-5-randomwalk-ind1000-lr0.05-ep20-lbs10-blend0.8-infl50-ptls-rootdissolve-dn3-prune0.95,manifold,57,LPC 22:6,LPC_22-6,0,0.814644455909729,0.5368621022881858,0.2872792965311607,0.8775097131729126,2260.8664878368377
FOLD-6-learnls-manifold-nu2-K100-stride4-learnls-bs1.0-bd0.01-bw0.1-knn15-faiss_atlas_weighted-5-randomwalk-ind1000-lr0.05-ep20-lbs10-blend0.8-infl50-ptls-rootdissolve-dn3-prune0.9510,fold_6,learnls-manifold-nu2-K100-stride4-learnls-bs1.0-bd0.01-bw0.1-knn15-faiss_atlas_weighted-5-randomwalk-ind1000-lr0.05-ep20-lbs10-blend0.8-infl50-ptls-rootdissolve-dn3-prune0.95,manifold,86,PE O-36:0 PE O-38:3,PE_O-36-0_PE_O-38-3,0,0.8258858919143677,0.5950650916593087,0.3498613728864487,0.8276160955429077,2260.8664878368377
FOLD-6-learnls-manifold-nu2-K100-stride4-learnls-bs1.0-bd0.01-bw0.1-knn15-faiss_atlas_weighted-5-randomwalk-ind1000-lr0.05-ep20-lbs10-blend0.8-infl50-ptls-rootdissolve-dn3-prune0.9510,fold_6,learnls-manifold-nu2-K100-stride4-learnls-bs1.0-bd0.01-bw0.1-knn15-faiss_atlas_weighted-5-randomwalk-ind1000-lr0.05-ep20-lbs10-blend0.8-infl50-ptls-rootdissolve-dn3-prune0.95,manifold,171,Hex2Cer 40:1;O2,Hex2Cer_40-1_O2,0,0.6789677739143372,0.7307031503225759,0.5334296209556788,0.7181636691093445,2260.8664878368377
FOLD-6-learnls-manifold-nu2-K100-stride4-learnls-bs1.0-bd0.01-bw0.1-knn15-faiss_atlas_weighted-5-randomwalk-ind1000-lr0.05-ep20-lbs10-blend0.8-infl50-ptls-rootdissolve-dn3-prune0.9710,fold_6,learnls-manifold-nu2-K100-stride4-learnls-bs1.0-bd0.01-bw0.1-knn15-faiss_atlas_weighted-5-randomwalk-ind1000-lr0.05-ep20-lbs10-blend0.8-infl50-ptls-rootdissolve-dn3-prune0.97,manifold,97,PC 35:1 PE 38:1,PC_35-1_PE_38-1,0,0.9119487404823304,0.1471775480453281,0.0134478924127812,1.0001050233840942,2175.3325106143952
FOLD-6-learnls-manifold-nu2-K100-stride4-learnls-bs1.0-bd0.01-bw0.1-knn15-faiss_atlas_weighted-5-randomwalk-ind1000-lr0.05-ep20-lbs10-blend0.8-infl50-ptls-rootdissolve-dn3-prune0.9710,fold_6,learnls-manifold-nu2-K100-stride4-learnls-bs1.0-bd0.01-bw0.1-knn15-faiss_atlas_weighted-5-randomwalk-ind1000-lr0.05-ep20-lbs10-blend0.8-infl50-ptls-rootdissolve-dn3-prune0.97,manifold,18,PA 36:1,PA_36-1,0,0.7704019546508789,0.3575426325623403,0.0927309712671599,0.9195652604103088,2175.3325106143952
FOLD-6-learnls-manifold-nu2-K100-stride4-learnls-bs1.0-bd0.01-bw0.1-knn15-faiss_atlas_weighted-5-randomwalk-ind1000-lr0.05-ep20-lbs10-blend0.8-infl50-ptls-rootdissolve-dn3-prune0.9710,fold_6,learnls-manifold-nu2-K100-stride4-learnls-bs1.0-bd0.01-bw0.1-knn15-faiss_atlas_weighted-5-randomwalk-ind1000-lr0.05-ep20-lbs10-blend0.8-infl50-ptls-rootdissolve-dn3-prune0.97,manifold,57,LPC 22:6,LPC_22-6,0,0.8147794008255005,0.5370698724648041,0.2870431582847976,0.8801863789558411,2175.3325106143952
FOLD-6-learnls-manifold-nu2-K100-stride4-learnls-bs1.0-bd0.01-bw0.1-knn15-faiss_atlas_weighted-5-randomwalk-ind1000-lr0.05-ep20-lbs10-blend0.8-infl50-ptls-rootdissolve-dn3-prune0.9710,fold_6,learnls-manifold-nu2-K100-stride4-learnls-bs1.0-bd0.01-bw0.1-knn15-faiss_atlas_weighted-5-randomwalk-ind1000-lr0.05-ep20-lbs10-blend0.8-infl50-ptls-rootdissolve-dn3-prune0.97,manifold,86,PE O-36:0 PE O-38:3,PE_O-36-0_PE_O-38-3,0,0.8305875658988953,0.5878470482931545,0.3424379251003852,0.8318411111831665,2175.3325106143952
FOLD-6-learnls-manifold-nu2-K100-stride4-learnls-bs1.0-bd0.01-bw0.1-knn15-faiss_atlas_weighted-5-randomwalk-ind1000-lr0.05-ep20-lbs10-blend0.8-infl50-ptls-rootdissolve-dn3-prune0.9710,fold_6,learnls-manifold-nu2-K100-stride4-learnls-bs1.0-bd0.01-bw0.1-knn15-faiss_atlas_weighted-5-randomwalk-ind1000-lr0.05-ep20-lbs10-blend0.8-infl50-ptls-rootdissolve-dn3-prune0.97,manifold,171,Hex2Cer 40:1;O2,Hex2Cer_40-1_O2,0,0.6837142705917358,0.7263723018947492,0.5268834911068276,0.7251490354537964,2175.3325106143952
FOLD-6-learnls-manifold-nu2-K100-stride4-learnls-bs1.0-bd0.01-bw0.1-knn15-faiss_atlas_weighted-5-randomwalk-ind1000-lr0.05-ep20-lbs10-blend0.8-infl50-ptls-rootdissolve-dn310,fold_6,learnls-manifold-nu2-K100-stride4-learnls-bs1.0-bd0.01-bw0.1-knn15-faiss_atlas_weighted-5-randomwalk-ind1000-lr0.05-ep20-lbs10-blend0.8-infl50-ptls-rootdissolve-dn3,manifold,97,PC 35:1 PE 38:1,PC_35-1_PE_38-1,0,0.9142133593559264,0.1424720261112474,0.0085421270974139,0.9998897910118104,1964.631768989563
FOLD-6-learnls-manifold-nu2-K100-stride4-learnls-bs1.0-bd0.01-bw0.1-knn15-faiss_atlas_weighted-5-randomwalk-ind1000-lr0.05-ep20-lbs10-blend0.8-infl50-ptls-rootdissolve-dn310,fold_6,learnls-manifold-nu2-K100-stride4-learnls-bs1.0-bd0.01-bw0.1-knn15-faiss_atlas_weighted-5-randomwalk-ind1000-lr0.05-ep20-lbs10-blend0.8-infl50-ptls-rootdissolve-dn3,manifold,18,PA 36:1,PA_36-1,0,0.7680180668830872,0.362435659149994,0.0983372241611867,0.9234814047813416,1964.631768989563
FOLD-6-learnls-manifold-nu2-K100-stride4-learnls-bs1.0-bd0.01-bw0.1-knn15-faiss_atlas_weighted-5-randomwalk-ind1000-lr0.05-ep20-lbs10-blend0.8-infl50-ptls-rootdissolve-dn310,fold_6,learnls-manifold-nu2-K100-stride4-learnls-bs1.0-bd0.01-bw0.1-knn15-faiss_atlas_weighted-5-randomwalk-ind1000-lr0.05-ep20-lbs10-blend0.8-infl50-ptls-rootdissolve-dn3,manifold,57,LPC 22:6,LPC_22-6,0,0.8293758034706116,0.511985563271124,0.2612696958841003,0.8821758031845093,1964.631768989563
FOLD-6-learnls-manifold-nu2-K100-stride4-learnls-bs1.0-bd0.01-bw0.1-knn15-faiss_atlas_weighted-5-randomwalk-ind1000-lr0.05-ep20-lbs10-blend0.8-infl50-ptls-rootdissolve-dn310,fold_6,learnls-manifold-nu2-K100-stride4-learnls-bs1.0-bd0.01-bw0.1-knn15-faiss_atlas_weighted-5-randomwalk-ind1000-lr0.05-ep20-lbs10-blend0.8-infl50-ptls-rootdissolve-dn3,manifold,86,PE O-36:0 PE O-38:3,PE_O-36-0_PE_O-38-3,0,0.8309632539749146,0.5868461305166821,0.3418429894288289,0.8300207853317261,1964.631768989563
FOLD-6-learnls-manifold-nu2-K100-stride4-learnls-bs1.0-bd0.01-bw0.1-knn15-faiss_atlas_weighted-5-randomwalk-ind1000-lr0.05-ep20-lbs10-blend0.8-infl50-ptls-rootdissolve-dn310,fold_6,learnls-manifold-nu2-K100-stride4-learnls-bs1.0-bd0.01-bw0.1-knn15-faiss_atlas_weighted-5-randomwalk-ind1000-lr0.05-ep20-lbs10-blend0.8-infl50-ptls-rootdissolve-dn3,manifold,171,Hex2Cer 40:1;O2,Hex2Cer_40-1_O2,0,0.6962546706199646,0.7137486324576368,0.509368882094106,0.7289599180221558,1964.631768989563
FOLD-6-learnls-manifold-nu2-K100-stride4-learnls-bs1.0-bd0.01-bw0.1-knn15-faiss_atlas_weighted-5-randomwalk-ind1000-lr0.05-ep20-lbs10-blend0.8-infl50-rootdissolve-dn3-prune0.910,fold_6,learnls-manifold-nu2-K100-stride4-learnls-bs1.0-bd0.01-bw0.1-knn15-faiss_atlas_weighted-5-randomwalk-ind1000-lr0.05-ep20-lbs10-blend0.8-infl50-rootdissolve-dn3-prune0.9,manifold,97,PC 35:1 PE 38:1,PC_35-1_PE_38-1,0,0.9135191440582277,0.1447360430556362,0.0100472915708409,0.9972664713859558,1200.507752084732
FOLD-6-learnls-manifold-nu2-K100-stride4-learnls-bs1.0-bd0.01-bw0.1-knn15-faiss_atlas_weighted-5-randomwalk-ind1000-lr0.05-ep20-lbs10-blend0.8-infl50-rootdissolve-dn3-prune0.910,fold_6,learnls-manifold-nu2-K100-stride4-learnls-bs1.0-bd0.01-bw0.1-knn15-faiss_atlas_weighted-5-randomwalk-ind1000-lr0.05-ep20-lbs10-blend0.8-infl50-rootdissolve-dn3-prune0.9,manifold,18,PA 36:1,PA_36-1,0,0.7669646143913269,0.3704863338347208,0.1008090023344967,0.9152352809906006,1200.507752084732
FOLD-6-learnls-manifold-nu2-K100-stride4-learnls-bs1.0-bd0.01-bw0.1-knn15-faiss_atlas_weighted-5-randomwalk-ind1000-lr0.05-ep20-lbs10-blend0.8-infl50-rootdissolve-dn3-prune0.910,fold_6,learnls-manifold-nu2-K100-stride4-learnls-bs1.0-bd0.01-bw0.1-knn15-faiss_atlas_weighted-5-randomwalk-ind1000-lr0.05-ep20-lbs10-blend0.8-infl50-rootdissolve-dn3-prune0.9,manifold,57,LPC 22:6,LPC_22-6,0,0.8173620700836182,0.5325623883942238,0.2825161364982167,0.8759801983833313,1200.507752084732
FOLD-6-learnls-manifold-nu2-K100-stride4-learnls-bs1.0-bd0.01-bw0.1-knn15-faiss_atlas_weighted-5-randomwalk-ind1000-lr0.05-ep20-lbs10-blend0.8-infl50-rootdissolve-dn3-prune0.910,fold_6,learnls-manifold-nu2-K100-stride4-learnls-bs1.0-bd0.01-bw0.1-knn15-faiss_atlas_weighted-5-randomwalk-ind1000-lr0.05-ep20-lbs10-blend0.8-infl50-rootdissolve-dn3-prune0.9,manifold,86,PE O-36:0 PE O-38:3,PE_O-36-0_PE_O-38-3,0,0.8227897882461548,0.5979827542651629,0.3547267065475702,0.8211593627929688,1200.507752084732
FOLD-6-learnls-manifold-nu2-K100-stride4-learnls-bs1.0-bd0.01-bw0.1-knn15-faiss_atlas_weighted-5-randomwalk-ind1000-lr0.05-ep20-lbs10-blend0.8-infl50-rootdissolve-dn3-prune0.910,fold_6,learnls-manifold-nu2-K100-stride4-learnls-bs1.0-bd0.01-bw0.1-knn15-faiss_atlas_weighted-5-randomwalk-ind1000-lr0.05-ep20-lbs10-blend0.8-infl50-rootdissolve-dn3-prune0.9,manifold,171,Hex2Cer 40:1;O2,Hex2Cer_40-1_O2,0,0.6801167726516724,0.7294327929271057,0.5318492030982875,0.7119023203849792,1200.507752084732
FOLD-6-learnls-manifold-nu2-K100-stride4-learnls-bs1.0-bd0.01-bw0.1-knn15-faiss_atlas_weighted-5-randomwalk-ind1000-lr0.05-ep20-lbs10-blend0.8-infl50-rootdissolve-dn3-prune0.9510,fold_6,learnls-manifold-nu2-K100-stride4-learnls-bs1.0-bd0.01-bw0.1-knn15-faiss_atlas_weighted-5-randomwalk-ind1000-lr0.05-ep20-lbs10-blend0.8-infl50-rootdissolve-dn3-prune0.95,manifold,97,PC 35:1 PE 38:1,PC_35-1_PE_38-1,0,0.908416509628296,0.1585381208866734,0.0210755322298973,0.9812241196632384,594.1809068202972
FOLD-6-learnls-manifold-nu2-K100-stride4-learnls-bs1.0-bd0.01-bw0.1-knn15-faiss_atlas_weighted-5-randomwalk-ind1000-lr0.05-ep20-lbs10-blend0.8-infl50-rootdissolve-dn3-prune0.9510,fold_6,learnls-manifold-nu2-K100-stride4-learnls-bs1.0-bd0.01-bw0.1-knn15-faiss_atlas_weighted-5-randomwalk-ind1000-lr0.05-ep20-lbs10-blend0.8-infl50-rootdissolve-dn3-prune0.95,manifold,18,PA 36:1,PA_36-1,0,0.7763252854347229,0.3602753452124276,0.0787260718467757,0.8959777355194092,594.1809068202972
FOLD-6-learnls-manifold-nu2-K100-stride4-learnls-bs1.0-bd0.01-bw0.1-knn15-faiss_atlas_weighted-5-randomwalk-ind1000-lr0.05-ep20-lbs10-blend0.8-infl50-rootdissolve-dn3-prune0.9510,fold_6,learnls-manifold-nu2-K100-stride4-learnls-bs1.0-bd0.01-bw0.1-knn15-faiss_atlas_weighted-5-randomwalk-ind1000-lr0.05-ep20-lbs10-blend0.8-infl50-rootdissolve-dn3-prune0.95,manifold,57,LPC 22:6,LPC_22-6,0,0.8145223259925842,0.5365174222198863,0.2874929674044583,0.8635685443878174,594.1809068202972
FOLD-6-learnls-manifold-nu2-K100-stride4-learnls-bs1.0-bd0.01-bw0.1-knn15-faiss_atlas_weighted-5-randomwalk-ind1000-lr0.05-ep20-lbs10-blend0.8-infl50-rootdissolve-dn3-prune0.9510,fold_6,learnls-manifold-nu2-K100-stride4-learnls-bs1.0-bd0.01-bw0.1-knn15-faiss_atlas_weighted-5-randomwalk-ind1000-lr0.05-ep20-lbs10-blend0.8-infl50-rootdissolve-dn3-prune0.95,manifold,86,PE O-36:0 PE O-38:3,PE_O-36-0_PE_O-38-3,0,0.8236510157585144,0.5966165876026444,0.3533751946242727,0.8215153813362122,594.1809068202972
FOLD-6-learnls-manifold-nu2-K100-stride4-learnls-bs1.0-bd0.01-bw0.1-knn15-faiss_atlas_weighted-5-randomwalk-ind1000-lr0.05-ep20-lbs10-blend0.8-infl50-rootdissolve-dn3-prune0.9510,fold_6,learnls-manifold-nu2-K100-stride4-learnls-bs1.0-bd0.01-bw0.1-knn15-faiss_atlas_weighted-5-randomwalk-ind1000-lr0.05-ep20-lbs10-blend0.8-infl50-rootdissolve-dn3-prune0.95,manifold,171,Hex2Cer 40:1;O2,Hex2Cer_40-1_O2,0,0.6772462725639343,0.7324072510110979,0.5357925796823764,0.7259162068367004,594.1809068202972
FOLD-6-learnls-manifold-nu2-K100-stride4-learnls-bs1.0-bd0.01-bw0.1-knn15-faiss_atlas_weighted-5-randomwalk-ind1000-lr0.05-ep20-lbs10-blend0.8-infl50-rootdissolve-dn3-prune0.9710,fold_6,learnls-manifold-nu2-K100-stride4-learnls-bs1.0-bd0.01-bw0.1-knn15-faiss_atlas_weighted-5-randomwalk-ind1000-lr0.05-ep20-lbs10-blend0.8-infl50-rootdissolve-dn3-prune0.97,manifold,97,PC 35:1 PE 38:1,PC_35-1_PE_38-1,0,0.911835789680481,0.147143711767135,0.0136923222843552,0.9998999834060668,847.1888272762299
FOLD-6-learnls-manifold-nu2-K100-stride4-learnls-bs1.0-bd0.01-bw0.1-knn15-faiss_atlas_weighted-5-randomwalk-ind1000-lr0.05-ep20-lbs10-blend0.8-infl50-rootdissolve-dn3-prune0.9710,fold_6,learnls-manifold-nu2-K100-stride4-learnls-bs1.0-bd0.01-bw0.1-knn15-faiss_atlas_weighted-5-randomwalk-ind1000-lr0.05-ep20-lbs10-blend0.8-infl50-rootdissolve-dn3-prune0.97,manifold,18,PA 36:1,PA_36-1,0,0.7708719968795776,0.3581657637015342,0.0916235747807767,0.9194063544273376,847.1888272762299
FOLD-6-learnls-manifold-nu2-K100-stride4-learnls-bs1.0-bd0.01-bw0.1-knn15-faiss_atlas_weighted-5-randomwalk-ind1000-lr0.05-ep20-lbs10-blend0.8-infl50-rootdissolve-dn3-prune0.9710,fold_6,learnls-manifold-nu2-K100-stride4-learnls-bs1.0-bd0.01-bw0.1-knn15-faiss_atlas_weighted-5-randomwalk-ind1000-lr0.05-ep20-lbs10-blend0.8-infl50-rootdissolve-dn3-prune0.97,manifold,57,LPC 22:6,LPC_22-6,0,0.8148033618927002,0.5370588594170685,0.2870011473748874,0.8799174427986145,847.1888272762299
FOLD-6-learnls-manifold-nu2-K100-stride4-learnls-bs1.0-bd0.01-bw0.1-knn15-faiss_atlas_weighted-5-randomwalk-ind1000-lr0.05-ep20-lbs10-blend0.8-infl50-rootdissolve-dn3-prune0.9710,fold_6,learnls-manifold-nu2-K100-stride4-learnls-bs1.0-bd0.01-bw0.1-knn15-faiss_atlas_weighted-5-randomwalk-ind1000-lr0.05-ep20-lbs10-blend0.8-infl50-rootdissolve-dn3-prune0.97,manifold,86,PE O-36:0 PE O-38:3,PE_O-36-0_PE_O-38-3,0,0.8303830027580261,0.5879121254080082,0.3427618208637221,0.8318878412246704,847.1888272762299
FOLD-6-learnls-manifold-nu2-K100-stride4-learnls-bs1.0-bd0.01-bw0.1-knn15-faiss_atlas_weighted-5-randomwalk-ind1000-lr0.05-ep20-lbs10-blend0.8-infl50-rootdissolve-dn3-prune0.9710,fold_6,learnls-manifold-nu2-K100-stride4-learnls-bs1.0-bd0.01-bw0.1-knn15-faiss_atlas_weighted-5-randomwalk-ind1000-lr0.05-ep20-lbs10-blend0.8-infl50-rootdissolve-dn3-prune0.97,manifold,171,Hex2Cer 40:1;O2,Hex2Cer_40-1_O2,0,0.6837472319602966,0.7263620971587794,0.5268378815620913,0.7252174019813538,847.1888272762299
FOLD-6-learnls-manifold-nu2-K100-stride4-learnls-bs1.0-bd0.01-bw0.1-knn15-faiss_atlas_weighted-5-randomwalk-ind1000-lr0.05-ep20-lbs10-blend0.8-infl50-rootdissolve-dn310,fold_6,learnls-manifold-nu2-K100-stride4-learnls-bs1.0-bd0.01-bw0.1-knn15-faiss_atlas_weighted-5-randomwalk-ind1000-lr0.05-ep20-lbs10-blend0.8-infl50-rootdissolve-dn3,manifold,97,PC 35:1 PE 38:1,PC_35-1_PE_38-1,0,0.9131370782852172,0.1440209059628032,0.0108752595155121,0.9996469616889954,625.1055681705475
FOLD-6-learnls-manifold-nu2-K100-stride4-learnls-bs1.0-bd0.01-bw0.1-knn15-faiss_atlas_weighted-5-randomwalk-ind1000-lr0.05-ep20-lbs10-blend0.8-infl50-rootdissolve-dn310,fold_6,learnls-manifold-nu2-K100-stride4-learnls-bs1.0-bd0.01-bw0.1-knn15-faiss_atlas_weighted-5-randomwalk-ind1000-lr0.05-ep20-lbs10-blend0.8-infl50-rootdissolve-dn3,manifold,18,PA 36:1,PA_36-1,0,0.7693463563919067,0.3628970560906814,0.0952156178662375,0.9226865172386168,625.1055681705475
FOLD-6-learnls-manifold-nu2-K100-stride4-learnls-bs1.0-bd0.01-bw0.1-knn15-faiss_atlas_weighted-5-randomwalk-ind1000-lr0.05-ep20-lbs10-blend0.8-infl50-rootdissolve-dn310,fold_6,learnls-manifold-nu2-K100-stride4-learnls-bs1.0-bd0.01-bw0.1-knn15-faiss_atlas_weighted-5-randomwalk-ind1000-lr0.05-ep20-lbs10-blend0.8-infl50-rootdissolve-dn3,manifold,57,LPC 22:6,LPC_22-6,0,0.8290775418281555,0.5122851676812942,0.2618009107595942,0.8819197416305542,625.1055681705475
FOLD-6-learnls-manifold-nu2-K100-stride4-learnls-bs1.0-bd0.01-bw0.1-knn15-faiss_atlas_weighted-5-randomwalk-ind1000-lr0.05-ep20-lbs10-blend0.8-infl50-rootdissolve-dn310,fold_6,learnls-manifold-nu2-K100-stride4-learnls-bs1.0-bd0.01-bw0.1-knn15-faiss_atlas_weighted-5-randomwalk-ind1000-lr0.05-ep20-lbs10-blend0.8-infl50-rootdissolve-dn3,manifold,86,PE O-36:0 PE O-38:3,PE_O-36-0_PE_O-38-3,0,0.8307721018791199,0.5870728903235058,0.3421457838236499,0.831293523311615,625.1055681705475
FOLD-6-learnls-manifold-nu2-K100-stride4-learnls-bs1.0-bd0.01-bw0.1-knn15-faiss_atlas_weighted-5-randomwalk-ind1000-lr0.05-ep20-lbs10-blend0.8-infl50-rootdissolve-dn310,fold_6,learnls-manifold-nu2-K100-stride4-learnls-bs1.0-bd0.01-bw0.1-knn15-faiss_atlas_weighted-5-randomwalk-ind1000-lr0.05-ep20-lbs10-blend0.8-infl50-rootdissolve-dn3,manifold,171,Hex2Cer 40:1;O2,Hex2Cer_40-1_O2,0,0.6959400177001953,0.7140434597212513,0.5098122518258864,0.728425145149231,625.1055681705475
FOLD-6-learnls-manifold-nu2-K1300-stride4-learnls-bs1.0-bd0.01-bw0.1-knn15-faiss_atlas_weighted-5-randomwalk-ind1000-lr0.05-ep20-lbs10-blend0.8-infl50-ptls-rootdissolve-dn3-prune0.910,fold_6,learnls-manifold-nu2-K1300-stride4-learnls-bs1.0-bd0.01-bw0.1-knn15-faiss_atlas_weighted-5-randomwalk-ind1000-lr0.05-ep20-lbs10-blend0.8-infl50-ptls-rootdissolve-dn3-prune0.9,manifold,97,PC 35:1 PE 38:1,PC_35-1_PE_38-1,0,0.9072818756103516,0.1990526001949046,0.0235194909875409,0.981951892375946,2662.6408121109007
FOLD-6-learnls-manifold-nu2-K1300-stride4-learnls-bs1.0-bd0.01-bw0.1-knn15-faiss_atlas_weighted-5-randomwalk-ind1000-lr0.05-ep20-lbs10-blend0.8-infl50-ptls-rootdissolve-dn3-prune0.910,fold_6,learnls-manifold-nu2-K1300-stride4-learnls-bs1.0-bd0.01-bw0.1-knn15-faiss_atlas_weighted-5-randomwalk-ind1000-lr0.05-ep20-lbs10-blend0.8-infl50-ptls-rootdissolve-dn3-prune0.9,manifold,18,PA 36:1,PA_36-1,0,0.7491446733474731,0.4509362690216587,0.1421078328081555,0.8519548177719116,2662.6408121109007
FOLD-6-learnls-manifold-nu2-K1300-stride4-learnls-bs1.0-bd0.01-bw0.1-knn15-faiss_atlas_weighted-5-randomwalk-ind1000-lr0.05-ep20-lbs10-blend0.8-infl50-ptls-rootdissolve-dn3-prune0.910,fold_6,learnls-manifold-nu2-K1300-stride4-learnls-bs1.0-bd0.01-bw0.1-knn15-faiss_atlas_weighted-5-randomwalk-ind1000-lr0.05-ep20-lbs10-blend0.8-infl50-ptls-rootdissolve-dn3-prune0.9,manifold,57,LPC 22:6,LPC_22-6,0,0.7439733743667603,0.6400014878576126,0.4055737474593401,0.7933501601219177,2662.6408121109007
FOLD-6-learnls-manifold-nu2-K1300-stride4-learnls-bs1.0-bd0.01-bw0.1-knn15-faiss_atlas_weighted-5-randomwalk-ind1000-lr0.05-ep20-lbs10-blend0.8-infl50-ptls-rootdissolve-dn3-prune0.910,fold_6,learnls-manifold-nu2-K1300-stride4-learnls-bs1.0-bd0.01-bw0.1-knn15-faiss_atlas_weighted-5-randomwalk-ind1000-lr0.05-ep20-lbs10-blend0.8-infl50-ptls-rootdissolve-dn3-prune0.9,manifold,86,PE O-36:0 PE O-38:3,PE_O-36-0_PE_O-38-3,0,0.7296045422554016,0.7020074358771211,0.4926111065584965,0.732208788394928,2662.6408121109007
FOLD-6-learnls-manifold-nu2-K1300-stride4-learnls-bs1.0-bd0.01-bw0.1-knn15-faiss_atlas_weighted-5-randomwalk-ind1000-lr0.05-ep20-lbs10-blend0.8-infl50-ptls-rootdissolve-dn3-prune0.910,fold_6,learnls-manifold-nu2-K1300-stride4-learnls-bs1.0-bd0.01-bw0.1-knn15-faiss_atlas_weighted-5-randomwalk-ind1000-lr0.05-ep20-lbs10-blend0.8-infl50-ptls-rootdissolve-dn3-prune0.9,manifold,171,Hex2Cer 40:1;O2,Hex2Cer_40-1_O2,0,0.5694748759269714,0.8196420775059109,0.6717777636139234,0.6036850810050964,2662.6408121109007
FOLD-6-learnls-manifold-nu2-K1300-stride4-learnls-bs1.0-bd0.01-bw0.1-knn15-faiss_atlas_weighted-5-randomwalk-ind1000-lr0.05-ep20-lbs10-blend0.8-infl50-ptls-rootdissolve-dn3-prune0.9510,fold_6,learnls-manifold-nu2-K1300-stride4-learnls-bs1.0-bd0.01-bw0.1-knn15-faiss_atlas_weighted-5-randomwalk-ind1000-lr0.05-ep20-lbs10-blend0.8-infl50-ptls-rootdissolve-dn3-prune0.95,manifold,97,PC 35:1 PE 38:1,PC_35-1_PE_38-1,0,0.906408667564392,0.2017573673774324,0.0253981844197884,0.9816291332244872,2863.2202331066133
FOLD-6-learnls-manifold-nu2-K1300-stride4-learnls-bs1.0-bd0.01-bw0.1-knn15-faiss_atlas_weighted-5-randomwalk-ind1000-lr0.05-ep20-lbs10-blend0.8-infl50-ptls-rootdissolve-dn3-prune0.9510,fold_6,learnls-manifold-nu2-K1300-stride4-learnls-bs1.0-bd0.01-bw0.1-knn15-faiss_atlas_weighted-5-randomwalk-ind1000-lr0.05-ep20-lbs10-blend0.8-infl50-ptls-rootdissolve-dn3-prune0.95,manifold,18,PA 36:1,PA_36-1,0,0.7455234527587891,0.4534820098854935,0.150381628224937,0.852358877658844,2863.2202331066133
FOLD-6-learnls-manifold-nu2-K1300-stride4-learnls-bs1.0-bd0.01-bw0.1-knn15-faiss_atlas_weighted-5-randomwalk-ind1000-lr0.05-ep20-lbs10-blend0.8-infl50-ptls-rootdissolve-dn3-prune0.9510,fold_6,learnls-manifold-nu2-K1300-stride4-learnls-bs1.0-bd0.01-bw0.1-knn15-faiss_atlas_weighted-5-randomwalk-ind1000-lr0.05-ep20-lbs10-blend0.8-infl50-ptls-rootdissolve-dn3-prune0.95,manifold,57,LPC 22:6,LPC_22-6,0,0.7434230446815491,0.6409077693496404,0.4064528603735863,0.7944586873054504,2863.2202331066133
FOLD-6-learnls-manifold-nu2-K1300-stride4-learnls-bs1.0-bd0.01-bw0.1-knn15-faiss_atlas_weighted-5-randomwalk-ind1000-lr0.05-ep20-lbs10-blend0.8-infl50-ptls-rootdissolve-dn3-prune0.9510,fold_6,learnls-manifold-nu2-K1300-stride4-learnls-bs1.0-bd0.01-bw0.1-knn15-faiss_atlas_weighted-5-randomwalk-ind1000-lr0.05-ep20-lbs10-blend0.8-infl50-ptls-rootdissolve-dn3-prune0.95,manifold,86,PE O-36:0 PE O-38:3,PE_O-36-0_PE_O-38-3,0,0.7300922274589539,0.7014674749154817,0.4919325848834985,0.7327743172645569,2863.2202331066133
FOLD-6-learnls-manifold-nu2-K1300-stride4-learnls-bs1.0-bd0.01-bw0.1-knn15-faiss_atlas_weighted-5-randomwalk-ind1000-lr0.05-ep20-lbs10-blend0.8-infl50-ptls-rootdissolve-dn3-prune0.9510,fold_6,learnls-manifold-nu2-K1300-stride4-learnls-bs1.0-bd0.01-bw0.1-knn15-faiss_atlas_weighted-5-randomwalk-ind1000-lr0.05-ep20-lbs10-blend0.8-infl50-ptls-rootdissolve-dn3-prune0.95,manifold,171,Hex2Cer 40:1;O2,Hex2Cer_40-1_O2,0,0.5707428455352783,0.8188052484404872,0.6703145601111684,0.6057750582695007,2863.2202331066133
FOLD-6-learnls-manifold-nu2-K1300-stride4-learnls-bs1.0-bd0.01-bw0.1-knn15-faiss_atlas_weighted-5-randomwalk-ind1000-lr0.05-ep20-lbs10-blend0.8-infl50-ptls-rootdissolve-dn3-prune0.9710,fold_6,learnls-manifold-nu2-K1300-stride4-learnls-bs1.0-bd0.01-bw0.1-knn15-faiss_atlas_weighted-5-randomwalk-ind1000-lr0.05-ep20-lbs10-blend0.8-infl50-ptls-rootdissolve-dn3-prune0.97,manifold,97,PC 35:1 PE 38:1,PC_35-1_PE_38-1,0,0.9056394696235656,0.2023611477320266,0.0270516556129291,0.9828214049339294,1887.5477380752563
FOLD-6-learnls-manifold-nu2-K1300-stride4-learnls-bs1.0-bd0.01-bw0.1-knn15-faiss_atlas_weighted-5-randomwalk-ind1000-lr0.05-ep20-lbs10-blend0.8-infl50-ptls-rootdissolve-dn3-prune0.9710,fold_6,learnls-manifold-nu2-K1300-stride4-learnls-bs1.0-bd0.01-bw0.1-knn15-faiss_atlas_weighted-5-randomwalk-ind1000-lr0.05-ep20-lbs10-blend0.8-infl50-ptls-rootdissolve-dn3-prune0.97,manifold,18,PA 36:1,PA_36-1,0,0.7474634647369385,0.4514649616761215,0.1459540683719722,0.8536934852600098,1887.5477380752563
FOLD-6-learnls-manifold-nu2-K1300-stride4-learnls-bs1.0-bd0.01-bw0.1-knn15-faiss_atlas_weighted-5-randomwalk-ind1000-lr0.05-ep20-lbs10-blend0.8-infl50-ptls-rootdissolve-dn3-prune0.9710,fold_6,learnls-manifold-nu2-K1300-stride4-learnls-bs1.0-bd0.01-bw0.1-knn15-faiss_atlas_weighted-5-randomwalk-ind1000-lr0.05-ep20-lbs10-blend0.8-infl50-ptls-rootdissolve-dn3-prune0.97,manifold,57,LPC 22:6,LPC_22-6,0,0.7448233962059021,0.6386034380652399,0.4042146637465237,0.7959687113761902,1887.5477380752563
FOLD-6-learnls-manifold-nu2-K1300-stride4-learnls-bs1.0-bd0.01-bw0.1-knn15-faiss_atlas_weighted-5-randomwalk-ind1000-lr0.05-ep20-lbs10-blend0.8-infl50-ptls-rootdissolve-dn3-prune0.9710,fold_6,learnls-manifold-nu2-K1300-stride4-learnls-bs1.0-bd0.01-bw0.1-knn15-faiss_atlas_weighted-5-randomwalk-ind1000-lr0.05-ep20-lbs10-blend0.8-infl50-ptls-rootdissolve-dn3-prune0.97,manifold,86,PE O-36:0 PE O-38:3,PE_O-36-0_PE_O-38-3,0,0.7327800393104553,0.698879972590462,0.488184838427709,0.7329534888267517,1887.5477380752563
FOLD-6-learnls-manifold-nu2-K1300-stride4-learnls-bs1.0-bd0.01-bw0.1-knn15-faiss_atlas_weighted-5-randomwalk-ind1000-lr0.05-ep20-lbs10-blend0.8-infl50-ptls-rootdissolve-dn3-prune0.9710,fold_6,learnls-manifold-nu2-K1300-stride4-learnls-bs1.0-bd0.01-bw0.1-knn15-faiss_atlas_weighted-5-randomwalk-ind1000-lr0.05-ep20-lbs10-blend0.8-infl50-ptls-rootdissolve-dn3-prune0.97,manifold,171,Hex2Cer 40:1;O2,Hex2Cer_40-1_O2,0,0.5716891884803772,0.8181499015572394,0.6692203298490977,0.6063084602355957,1887.5477380752563
FOLD-6-learnls-manifold-nu2-K1300-stride4-learnls-bs1.0-bd0.01-bw0.1-knn15-faiss_atlas_weighted-5-randomwalk-ind1000-lr0.05-ep20-lbs10-blend0.8-infl50-ptls-rootdissolve-dn310,fold_6,learnls-manifold-nu2-K1300-stride4-learnls-bs1.0-bd0.01-bw0.1-knn15-faiss_atlas_weighted-5-randomwalk-ind1000-lr0.05-ep20-lbs10-blend0.8-infl50-ptls-rootdissolve-dn3,manifold,97,PC 35:1 PE 38:1,PC_35-1_PE_38-1,0,0.9072204828262328,0.1986158849266796,0.0236515647081341,0.979975402355194,1718.0186060905455
FOLD-6-learnls-manifold-nu2-K1300-stride4-learnls-bs1.0-bd0.01-bw0.1-knn15-faiss_atlas_weighted-5-randomwalk-ind1000-lr0.05-ep20-lbs10-blend0.8-infl50-ptls-rootdissolve-dn310,fold_6,learnls-manifold-nu2-K1300-stride4-learnls-bs1.0-bd0.01-bw0.1-knn15-faiss_atlas_weighted-5-randomwalk-ind1000-lr0.05-ep20-lbs10-blend0.8-infl50-ptls-rootdissolve-dn3,manifold,18,PA 36:1,PA_36-1,0,0.752915620803833,0.4451558264938838,0.1334495178775837,0.8567582368850708,1718.0186060905455
FOLD-6-learnls-manifold-nu2-K1300-stride4-learnls-bs1.0-bd0.01-bw0.1-knn15-faiss_atlas_weighted-5-randomwalk-ind1000-lr0.05-ep20-lbs10-blend0.8-infl50-ptls-rootdissolve-dn310,fold_6,learnls-manifold-nu2-K1300-stride4-learnls-bs1.0-bd0.01-bw0.1-knn15-faiss_atlas_weighted-5-randomwalk-ind1000-lr0.05-ep20-lbs10-blend0.8-infl50-ptls-rootdissolve-dn3,manifold,57,LPC 22:6,LPC_22-6,0,0.749738335609436,0.6326178953818583,0.3963258073789009,0.7976058721542358,1718.0186060905455
FOLD-6-learnls-manifold-nu2-K1300-stride4-learnls-bs1.0-bd0.01-bw0.1-knn15-faiss_atlas_weighted-5-randomwalk-ind1000-lr0.05-ep20-lbs10-blend0.8-infl50-ptls-rootdissolve-dn310,fold_6,learnls-manifold-nu2-K1300-stride4-learnls-bs1.0-bd0.01-bw0.1-knn15-faiss_atlas_weighted-5-randomwalk-ind1000-lr0.05-ep20-lbs10-blend0.8-infl50-ptls-rootdissolve-dn3,manifold,86,PE O-36:0 PE O-38:3,PE_O-36-0_PE_O-38-3,0,0.7350415587425232,0.6967434301431761,0.4850207940670327,0.7344380021095276,1718.0186060905455
FOLD-6-learnls-manifold-nu2-K1300-stride4-learnls-bs1.0-bd0.01-bw0.1-knn15-faiss_atlas_weighted-5-randomwalk-ind1000-lr0.05-ep20-lbs10-blend0.8-infl50-ptls-rootdissolve-dn310,fold_6,learnls-manifold-nu2-K1300-stride4-learnls-bs1.0-bd0.01-bw0.1-knn15-faiss_atlas_weighted-5-randomwalk-ind1000-lr0.05-ep20-lbs10-blend0.8-infl50-ptls-rootdissolve-dn3,manifold,171,Hex2Cer 40:1;O2,Hex2Cer_40-1_O2,0,0.5739032030105591,0.8166006511728297,0.6666533608614853,0.6045410633087158,1718.0186060905455
FOLD-6-learnls-manifold-nu2-K1300-stride4-learnls-bs1.0-bd0.01-bw0.1-knn15-faiss_atlas_weighted-5-randomwalk-ind1000-lr0.05-ep20-lbs10-blend0.8-infl50-rootdissolve-dn3-prune0.910,fold_6,learnls-manifold-nu2-K1300-stride4-learnls-bs1.0-bd0.01-bw0.1-knn15-faiss_atlas_weighted-5-randomwalk-ind1000-lr0.05-ep20-lbs10-blend0.8-infl50-rootdissolve-dn3-prune0.9,manifold,97,PC 35:1 PE 38:1,PC_35-1_PE_38-1,0,0.9075759649276732,0.2008213131767714,0.0228862340427918,0.9813297390937804,1080.840106964111
FOLD-6-learnls-manifold-nu2-K1300-stride4-learnls-bs1.0-bd0.01-bw0.1-knn15-faiss_atlas_weighted-5-randomwalk-ind1000-lr0.05-ep20-lbs10-blend0.8-infl50-rootdissolve-dn3-prune0.910,fold_6,learnls-manifold-nu2-K1300-stride4-learnls-bs1.0-bd0.01-bw0.1-knn15-faiss_atlas_weighted-5-randomwalk-ind1000-lr0.05-ep20-lbs10-blend0.8-infl50-rootdissolve-dn3-prune0.9,manifold,18,PA 36:1,PA_36-1,0,0.7491213083267212,0.451111949161063,0.1421613873630526,0.8506274819374084,1080.840106964111
FOLD-6-learnls-manifold-nu2-K1300-stride4-learnls-bs1.0-bd0.01-bw0.1-knn15-faiss_atlas_weighted-5-randomwalk-ind1000-lr0.05-ep20-lbs10-blend0.8-infl50-rootdissolve-dn3-prune0.910,fold_6,learnls-manifold-nu2-K1300-stride4-learnls-bs1.0-bd0.01-bw0.1-knn15-faiss_atlas_weighted-5-randomwalk-ind1000-lr0.05-ep20-lbs10-blend0.8-infl50-rootdissolve-dn3-prune0.9,manifold,57,LPC 22:6,LPC_22-6,0,0.7441766858100891,0.6400277704820798,0.4052488553950626,0.7934344410896301,1080.840106964111
FOLD-6-learnls-manifold-nu2-K1300-stride4-learnls-bs1.0-bd0.01-bw0.1-knn15-faiss_atlas_weighted-5-randomwalk-ind1000-lr0.05-ep20-lbs10-blend0.8-infl50-rootdissolve-dn3-prune0.910,fold_6,learnls-manifold-nu2-K1300-stride4-learnls-bs1.0-bd0.01-bw0.1-knn15-faiss_atlas_weighted-5-randomwalk-ind1000-lr0.05-ep20-lbs10-blend0.8-infl50-rootdissolve-dn3-prune0.9,manifold,86,PE O-36:0 PE O-38:3,PE_O-36-0_PE_O-38-3,0,0.7297508120536804,0.7018424677993176,0.4924076729765905,0.7305902242660522,1080.840106964111
FOLD-6-learnls-manifold-nu2-K1300-stride4-learnls-bs1.0-bd0.01-bw0.1-knn15-faiss_atlas_weighted-5-randomwalk-ind1000-lr0.05-ep20-lbs10-blend0.8-infl50-rootdissolve-dn3-prune0.910,fold_6,learnls-manifold-nu2-K1300-stride4-learnls-bs1.0-bd0.01-bw0.1-knn15-faiss_atlas_weighted-5-randomwalk-ind1000-lr0.05-ep20-lbs10-blend0.8-infl50-rootdissolve-dn3-prune0.9,manifold,171,Hex2Cer 40:1;O2,Hex2Cer_40-1_O2,0,0.5701990127563477,0.8191747519086342,0.6709425071022908,0.603550910949707,1080.840106964111
FOLD-6-learnls-manifold-nu2-K1300-stride4-learnls-bs1.0-bd0.01-bw0.1-knn15-faiss_atlas_weighted-5-randomwalk-ind1000-lr0.05-ep20-lbs10-blend0.8-infl50-rootdissolve-dn3-prune0.9510,fold_6,learnls-manifold-nu2-K1300-stride4-learnls-bs1.0-bd0.01-bw0.1-knn15-faiss_atlas_weighted-5-randomwalk-ind1000-lr0.05-ep20-lbs10-blend0.8-infl50-rootdissolve-dn3-prune0.95,manifold,97,PC 35:1 PE 38:1,PC_35-1_PE_38-1,0,0.9063653945922852,0.203700214260891,0.0254912479487778,0.981357216835022,671.8256284713746
FOLD-6-learnls-manifold-nu2-K1300-stride4-learnls-bs1.0-bd0.01-bw0.1-knn15-faiss_atlas_weighted-5-randomwalk-ind1000-lr0.05-ep20-lbs10-blend0.8-infl50-rootdissolve-dn3-prune0.9510,fold_6,learnls-manifold-nu2-K1300-stride4-learnls-bs1.0-bd0.01-bw0.1-knn15-faiss_atlas_weighted-5-randomwalk-ind1000-lr0.05-ep20-lbs10-blend0.8-infl50-rootdissolve-dn3-prune0.95,manifold,18,PA 36:1,PA_36-1,0,0.7454559206962585,0.4536865998307398,0.1505355017415635,0.8515819311141968,671.8256284713746
FOLD-6-learnls-manifold-nu2-K1300-stride4-learnls-bs1.0-bd0.01-bw0.1-knn15-faiss_atlas_weighted-5-randomwalk-ind1000-lr0.05-ep20-lbs10-blend0.8-infl50-rootdissolve-dn3-prune0.9510,fold_6,learnls-manifold-nu2-K1300-stride4-learnls-bs1.0-bd0.01-bw0.1-knn15-faiss_atlas_weighted-5-randomwalk-ind1000-lr0.05-ep20-lbs10-blend0.8-infl50-rootdissolve-dn3-prune0.95,manifold,57,LPC 22:6,LPC_22-6,0,0.7434046864509583,0.6411175245148641,0.4064820987357948,0.7945557236671448,671.8256284713746
FOLD-6-learnls-manifold-nu2-K1300-stride4-learnls-bs1.0-bd0.01-bw0.1-knn15-faiss_atlas_weighted-5-randomwalk-ind1000-lr0.05-ep20-lbs10-blend0.8-infl50-rootdissolve-dn3-prune0.9510,fold_6,learnls-manifold-nu2-K1300-stride4-learnls-bs1.0-bd0.01-bw0.1-knn15-faiss_atlas_weighted-5-randomwalk-ind1000-lr0.05-ep20-lbs10-blend0.8-infl50-rootdissolve-dn3-prune0.95,manifold,86,PE O-36:0 PE O-38:3,PE_O-36-0_PE_O-38-3,0,0.730128288269043,0.7014287037002755,0.4918824264525117,0.7315655946731567,671.8256284713746
FOLD-6-learnls-manifold-nu2-K1300-stride4-learnls-bs1.0-bd0.01-bw0.1-knn15-faiss_atlas_weighted-5-randomwalk-ind1000-lr0.05-ep20-lbs10-blend0.8-infl50-rootdissolve-dn3-prune0.9510,fold_6,learnls-manifold-nu2-K1300-stride4-learnls-bs1.0-bd0.01-bw0.1-knn15-faiss_atlas_weighted-5-randomwalk-ind1000-lr0.05-ep20-lbs10-blend0.8-infl50-rootdissolve-dn3-prune0.95,manifold,171,Hex2Cer 40:1;O2,Hex2Cer_40-1_O2,0,0.5714542865753174,0.8184048630671035,0.6694921018263178,0.6060053110122681,671.8256284713746
FOLD-6-learnls-manifold-nu2-K1300-stride4-learnls-bs1.0-bd0.01-bw0.1-knn15-faiss_atlas_weighted-5-randomwalk-ind1000-lr0.05-ep20-lbs10-blend0.8-infl50-rootdissolve-dn3-prune0.9710,fold_6,learnls-manifold-nu2-K1300-stride4-learnls-bs1.0-bd0.01-bw0.1-knn15-faiss_atlas_weighted-5-randomwalk-ind1000-lr0.05-ep20-lbs10-blend0.8-infl50-rootdissolve-dn3-prune0.97,manifold,97,PC 35:1 PE 38:1,PC_35-1_PE_38-1,0,0.9053168296813964,0.2050596762567326,0.0277446601931845,0.9826143383979796,702.6113572597503
FOLD-6-learnls-manifold-nu2-K1300-stride4-learnls-bs1.0-bd0.01-bw0.1-knn15-faiss_atlas_weighted-5-randomwalk-ind1000-lr0.05-ep20-lbs10-blend0.8-infl50-rootdissolve-dn3-prune0.9710,fold_6,learnls-manifold-nu2-K1300-stride4-learnls-bs1.0-bd0.01-bw0.1-knn15-faiss_atlas_weighted-5-randomwalk-ind1000-lr0.05-ep20-lbs10-blend0.8-infl50-rootdissolve-dn3-prune0.97,manifold,18,PA 36:1,PA_36-1,0,0.7472382187843323,0.4515938093008553,0.1464687506434212,0.8531818389892578,702.6113572597503
FOLD-6-learnls-manifold-nu2-K1300-stride4-learnls-bs1.0-bd0.01-bw0.1-knn15-faiss_atlas_weighted-5-randomwalk-ind1000-lr0.05-ep20-lbs10-blend0.8-infl50-rootdissolve-dn3-prune0.9710,fold_6,learnls-manifold-nu2-K1300-stride4-learnls-bs1.0-bd0.01-bw0.1-knn15-faiss_atlas_weighted-5-randomwalk-ind1000-lr0.05-ep20-lbs10-blend0.8-infl50-rootdissolve-dn3-prune0.97,manifold,57,LPC 22:6,LPC_22-6,0,0.7447071671485901,0.6388723187791445,0.4044006351187816,0.7959849238395691,702.6113572597503
FOLD-6-learnls-manifold-nu2-K1300-stride4-learnls-bs1.0-bd0.01-bw0.1-knn15-faiss_atlas_weighted-5-randomwalk-ind1000-lr0.05-ep20-lbs10-blend0.8-infl50-rootdissolve-dn3-prune0.9710,fold_6,learnls-manifold-nu2-K1300-stride4-learnls-bs1.0-bd0.01-bw0.1-knn15-faiss_atlas_weighted-5-randomwalk-ind1000-lr0.05-ep20-lbs10-blend0.8-infl50-rootdissolve-dn3-prune0.97,manifold,86,PE O-36:0 PE O-38:3,PE_O-36-0_PE_O-38-3,0,0.7326769828796387,0.698970205709618,0.4883287921003032,0.732201337814331,702.6113572597503
FOLD-6-learnls-manifold-nu2-K1300-stride4-learnls-bs1.0-bd0.01-bw0.1-knn15-faiss_atlas_weighted-5-randomwalk-ind1000-lr0.05-ep20-lbs10-blend0.8-infl50-rootdissolve-dn3-prune0.9710,fold_6,learnls-manifold-nu2-K1300-stride4-learnls-bs1.0-bd0.01-bw0.1-knn15-faiss_atlas_weighted-5-randomwalk-ind1000-lr0.05-ep20-lbs10-blend0.8-infl50-rootdissolve-dn3-prune0.97,manifold,171,Hex2Cer 40:1;O2,Hex2Cer_40-1_O2,0,0.5721622109413147,0.8178970256114321,0.668672761523063,0.6067675352096558,702.6113572597503
FOLD-6-learnls-manifold-nu2-K1300-stride4-learnls-bs1.0-bd0.01-bw0.1-knn15-faiss_atlas_weighted-5-randomwalk-ind1000-lr0.05-ep20-lbs10-blend0.8-infl50-rootdissolve-dn310,fold_6,learnls-manifold-nu2-K1300-stride4-learnls-bs1.0-bd0.01-bw0.1-knn15-faiss_atlas_weighted-5-randomwalk-ind1000-lr0.05-ep20-lbs10-blend0.8-infl50-rootdissolve-dn3,manifold,97,PC 35:1 PE 38:1,PC_35-1_PE_38-1,0,0.908071756362915,0.1991155205869314,0.021818425660853,0.9788142442703248,1154.0856853485109
FOLD-6-learnls-manifold-nu2-K1300-stride4-learnls-bs1.0-bd0.01-bw0.1-knn15-faiss_atlas_weighted-5-randomwalk-ind1000-lr0.05-ep20-lbs10-blend0.8-infl50-rootdissolve-dn310,fold_6,learnls-manifold-nu2-K1300-stride4-learnls-bs1.0-bd0.01-bw0.1-knn15-faiss_atlas_weighted-5-randomwalk-ind1000-lr0.05-ep20-lbs10-blend0.8-infl50-rootdissolve-dn3,manifold,18,PA 36:1,PA_36-1,0,0.753064751625061,0.445686408477931,0.1331061225669914,0.8544176816940308,1154.0856853485109
FOLD-6-learnls-manifold-nu2-K1300-stride4-learnls-bs1.0-bd0.01-bw0.1-knn15-faiss_atlas_weighted-5-randomwalk-ind1000-lr0.05-ep20-lbs10-blend0.8-infl50-rootdissolve-dn310,fold_6,learnls-manifold-nu2-K1300-stride4-learnls-bs1.0-bd0.01-bw0.1-knn15-faiss_atlas_weighted-5-randomwalk-ind1000-lr0.05-ep20-lbs10-blend0.8-infl50-rootdissolve-dn3,manifold,57,LPC 22:6,LPC_22-6,0,0.7501770853996277,0.6322669795822596,0.3956190469155682,0.7980536222457886,1154.0856853485109
FOLD-6-learnls-manifold-nu2-K1300-stride4-learnls-bs1.0-bd0.01-bw0.1-knn15-faiss_atlas_weighted-5-randomwalk-ind1000-lr0.05-ep20-lbs10-blend0.8-infl50-rootdissolve-dn310,fold_6,learnls-manifold-nu2-K1300-stride4-learnls-bs1.0-bd0.01-bw0.1-knn15-faiss_atlas_weighted-5-randomwalk-ind1000-lr0.05-ep20-lbs10-blend0.8-infl50-rootdissolve-dn3,manifold,86,PE O-36:0 PE O-38:3,PE_O-36-0_PE_O-38-3,0,0.734991192817688,0.6966994412722456,0.485091439263569,0.7322492003440857,1154.0856853485109
FOLD-6-learnls-manifold-nu2-K1300-stride4-learnls-bs1.0-bd0.01-bw0.1-knn15-faiss_atlas_weighted-5-randomwalk-ind1000-lr0.05-ep20-lbs10-blend0.8-infl50-rootdissolve-dn310,fold_6,learnls-manifold-nu2-K1300-stride4-learnls-bs1.0-bd0.01-bw0.1-knn15-faiss_atlas_weighted-5-randomwalk-ind1000-lr0.05-ep20-lbs10-blend0.8-infl50-rootdissolve-dn3,manifold,171,Hex2Cer 40:1;O2,Hex2Cer_40-1_O2,0,0.5744237899780273,0.816234575503415,0.6660483274095308,0.6043355464935303,1154.0856853485109
FOLD-6-learnls-manifold-nu2-K300-stride4-learnls-bs1.0-bd0.01-bw0.1-knn15-faiss_atlas_weighted-5-randomwalk-ind1000-lr0.05-ep20-lbs10-blend0.8-infl50-ptls-rootdissolve-dn3-prune0.910,fold_6,learnls-manifold-nu2-K300-stride4-learnls-bs1.0-bd0.01-bw0.1-knn15-faiss_atlas_weighted-5-randomwalk-ind1000-lr0.05-ep20-lbs10-blend0.8-infl50-ptls-rootdissolve-dn3-prune0.9,manifold,97,PC 35:1 PE 38:1,PC_35-1_PE_38-1,0,0.9088104367256165,0.1815013711863538,0.0202264018937026,0.9913942813873292,1719.822081565857
FOLD-6-learnls-manifold-nu2-K300-stride4-learnls-bs1.0-bd0.01-bw0.1-knn15-faiss_atlas_weighted-5-randomwalk-ind1000-lr0.05-ep20-lbs10-blend0.8-infl50-ptls-rootdissolve-dn3-prune0.910,fold_6,learnls-manifold-nu2-K300-stride4-learnls-bs1.0-bd0.01-bw0.1-knn15-faiss_atlas_weighted-5-randomwalk-ind1000-lr0.05-ep20-lbs10-blend0.8-infl50-ptls-rootdissolve-dn3-prune0.9,manifold,18,PA 36:1,PA_36-1,0,0.7509697079658508,0.4208582602358794,0.1379228564707263,0.8820558786392212,1719.822081565857
FOLD-6-learnls-manifold-nu2-K300-stride4-learnls-bs1.0-bd0.01-bw0.1-knn15-faiss_atlas_weighted-5-randomwalk-ind1000-lr0.05-ep20-lbs10-blend0.8-infl50-ptls-rootdissolve-dn3-prune0.910,fold_6,learnls-manifold-nu2-K300-stride4-learnls-bs1.0-bd0.01-bw0.1-knn15-faiss_atlas_weighted-5-randomwalk-ind1000-lr0.05-ep20-lbs10-blend0.8-infl50-ptls-rootdissolve-dn3-prune0.9,manifold,57,LPC 22:6,LPC_22-6,0,0.7703613042831421,0.6040782706840808,0.362658679669428,0.8374563455581665,1719.822081565857
FOLD-6-learnls-manifold-nu2-K300-stride4-learnls-bs1.0-bd0.01-bw0.1-knn15-faiss_atlas_weighted-5-randomwalk-ind1000-lr0.05-ep20-lbs10-blend0.8-infl50-ptls-rootdissolve-dn3-prune0.910,fold_6,learnls-manifold-nu2-K300-stride4-learnls-bs1.0-bd0.01-bw0.1-knn15-faiss_atlas_weighted-5-randomwalk-ind1000-lr0.05-ep20-lbs10-blend0.8-infl50-ptls-rootdissolve-dn3-prune0.9,manifold,86,PE O-36:0 PE O-38:3,PE_O-36-0_PE_O-38-3,0,0.7681161761283875,0.6624321681637113,0.4376332322652899,0.7734656929969788,1719.822081565857
FOLD-6-learnls-manifold-nu2-K300-stride4-learnls-bs1.0-bd0.01-bw0.1-knn15-faiss_atlas_weighted-5-randomwalk-ind1000-lr0.05-ep20-lbs10-blend0.8-infl50-ptls-rootdissolve-dn3-prune0.910,fold_6,learnls-manifold-nu2-K300-stride4-learnls-bs1.0-bd0.01-bw0.1-knn15-faiss_atlas_weighted-5-randomwalk-ind1000-lr0.05-ep20-lbs10-blend0.8-infl50-ptls-rootdissolve-dn3-prune0.9,manifold,171,Hex2Cer 40:1;O2,Hex2Cer_40-1_O2,0,0.6124235391616821,0.7877543818729524,0.6204031434185246,0.6446817517280579,1719.822081565857
FOLD-6-learnls-manifold-nu2-K300-stride4-learnls-bs1.0-bd0.01-bw0.1-knn15-faiss_atlas_weighted-5-randomwalk-ind1000-lr0.05-ep20-lbs10-blend0.8-infl50-ptls-rootdissolve-dn3-prune0.9510,fold_6,learnls-manifold-nu2-K300-stride4-learnls-bs1.0-bd0.01-bw0.1-knn15-faiss_atlas_weighted-5-randomwalk-ind1000-lr0.05-ep20-lbs10-blend0.8-infl50-ptls-rootdissolve-dn3-prune0.95,manifold,97,PC 35:1 PE 38:1,PC_35-1_PE_38-1,0,0.9083935022354126,0.1805750436001262,0.021125166112025,0.9938368201255798,2649.8764119625093
FOLD-6-learnls-manifold-nu2-K300-stride4-learnls-bs1.0-bd0.01-bw0.1-knn15-faiss_atlas_weighted-5-randomwalk-ind1000-lr0.05-ep20-lbs10-blend0.8-infl50-ptls-rootdissolve-dn3-prune0.9510,fold_6,learnls-manifold-nu2-K300-stride4-learnls-bs1.0-bd0.01-bw0.1-knn15-faiss_atlas_weighted-5-randomwalk-ind1000-lr0.05-ep20-lbs10-blend0.8-infl50-ptls-rootdissolve-dn3-prune0.95,manifold,18,PA 36:1,PA_36-1,0,0.7523829936981201,0.4151727338658179,0.1346749753254781,0.8879267573356628,2649.8764119625093
FOLD-6-learnls-manifold-nu2-K300-stride4-learnls-bs1.0-bd0.01-bw0.1-knn15-faiss_atlas_weighted-5-randomwalk-ind1000-lr0.05-ep20-lbs10-blend0.8-infl50-ptls-rootdissolve-dn3-prune0.9510,fold_6,learnls-manifold-nu2-K300-stride4-learnls-bs1.0-bd0.01-bw0.1-knn15-faiss_atlas_weighted-5-randomwalk-ind1000-lr0.05-ep20-lbs10-blend0.8-infl50-ptls-rootdissolve-dn3-prune0.95,manifold,57,LPC 22:6,LPC_22-6,0,0.7760244607925415,0.5963031361542609,0.3532536603351762,0.8440244197845459,2649.8764119625093
FOLD-6-learnls-manifold-nu2-K300-stride4-learnls-bs1.0-bd0.01-bw0.1-knn15-faiss_atlas_weighted-5-randomwalk-ind1000-lr0.05-ep20-lbs10-blend0.8-infl50-ptls-rootdissolve-dn3-prune0.9510,fold_6,learnls-manifold-nu2-K300-stride4-learnls-bs1.0-bd0.01-bw0.1-knn15-faiss_atlas_weighted-5-randomwalk-ind1000-lr0.05-ep20-lbs10-blend0.8-infl50-ptls-rootdissolve-dn3-prune0.95,manifold,86,PE O-36:0 PE O-38:3,PE_O-36-0_PE_O-38-3,0,0.776648223400116,0.6534332525736135,0.4250704744734901,0.7863370776176453,2649.8764119625093
FOLD-6-learnls-manifold-nu2-K300-stride4-learnls-bs1.0-bd0.01-bw0.1-knn15-faiss_atlas_weighted-5-randomwalk-ind1000-lr0.05-ep20-lbs10-blend0.8-infl50-ptls-rootdissolve-dn3-prune0.9510,fold_6,learnls-manifold-nu2-K300-stride4-learnls-bs1.0-bd0.01-bw0.1-knn15-faiss_atlas_weighted-5-randomwalk-ind1000-lr0.05-ep20-lbs10-blend0.8-infl50-ptls-rootdissolve-dn3-prune0.95,manifold,171,Hex2Cer 40:1;O2,Hex2Cer_40-1_O2,0,0.6249884366989136,0.7776441959764419,0.604667270394917,0.6593625545501709,2649.8764119625093
FOLD-6-learnls-manifold-nu2-K300-stride4-learnls-bs1.0-bd0.01-bw0.1-knn15-faiss_atlas_weighted-5-randomwalk-ind1000-lr0.05-ep20-lbs10-blend0.8-infl50-ptls-rootdissolve-dn3-prune0.9710,fold_6,learnls-manifold-nu2-K300-stride4-learnls-bs1.0-bd0.01-bw0.1-knn15-faiss_atlas_weighted-5-randomwalk-ind1000-lr0.05-ep20-lbs10-blend0.8-infl50-ptls-rootdissolve-dn3-prune0.97,manifold,97,PC 35:1 PE 38:1,PC_35-1_PE_38-1,0,0.907792866230011,0.1788155503138608,0.022419216607361,0.994386911392212,1919.8042947769163
FOLD-6-learnls-manifold-nu2-K300-stride4-learnls-bs1.0-bd0.01-bw0.1-knn15-faiss_atlas_weighted-5-randomwalk-ind1000-lr0.05-ep20-lbs10-blend0.8-infl50-ptls-rootdissolve-dn3-prune0.9710,fold_6,learnls-manifold-nu2-K300-stride4-learnls-bs1.0-bd0.01-bw0.1-knn15-faiss_atlas_weighted-5-randomwalk-ind1000-lr0.05-ep20-lbs10-blend0.8-infl50-ptls-rootdissolve-dn3-prune0.97,manifold,18,PA 36:1,PA_36-1,0,0.7511857748031616,0.4151744287788196,0.1374267923471964,0.8936073184013367,1919.8042947769163
FOLD-6-learnls-manifold-nu2-K300-stride4-learnls-bs1.0-bd0.01-bw0.1-knn15-faiss_atlas_weighted-5-randomwalk-ind1000-lr0.05-ep20-lbs10-blend0.8-infl50-ptls-rootdissolve-dn3-prune0.9710,fold_6,learnls-manifold-nu2-K300-stride4-learnls-bs1.0-bd0.01-bw0.1-knn15-faiss_atlas_weighted-5-randomwalk-ind1000-lr0.05-ep20-lbs10-blend0.8-infl50-ptls-rootdissolve-dn3-prune0.97,manifold,57,LPC 22:6,LPC_22-6,0,0.777529239654541,0.5941671506946196,0.3507430083381654,0.848766565322876,1919.8042947769163
FOLD-6-learnls-manifold-nu2-K300-stride4-learnls-bs1.0-bd0.01-bw0.1-knn15-faiss_atlas_weighted-5-randomwalk-ind1000-lr0.05-ep20-lbs10-blend0.8-infl50-ptls-rootdissolve-dn3-prune0.9710,fold_6,learnls-manifold-nu2-K300-stride4-learnls-bs1.0-bd0.01-bw0.1-knn15-faiss_atlas_weighted-5-randomwalk-ind1000-lr0.05-ep20-lbs10-blend0.8-infl50-ptls-rootdissolve-dn3-prune0.97,manifold,86,PE O-36:0 PE O-38:3,PE_O-36-0_PE_O-38-3,0,0.7815395593643188,0.6484899985822911,0.4178058674096533,0.7904696464538574,1919.8042947769163
FOLD-6-learnls-manifold-nu2-K300-stride4-learnls-bs1.0-bd0.01-bw0.1-knn15-faiss_atlas_weighted-5-randomwalk-ind1000-lr0.05-ep20-lbs10-blend0.8-infl50-ptls-rootdissolve-dn3-prune0.9710,fold_6,learnls-manifold-nu2-K300-stride4-learnls-bs1.0-bd0.01-bw0.1-knn15-faiss_atlas_weighted-5-randomwalk-ind1000-lr0.05-ep20-lbs10-blend0.8-infl50-ptls-rootdissolve-dn3-prune0.97,manifold,171,Hex2Cer 40:1;O2,Hex2Cer_40-1_O2,0,0.6316269636154175,0.772271915082868,0.5962243200679169,0.6676942706108093,1919.8042947769163
FOLD-6-learnls-manifold-nu2-K300-stride4-learnls-bs1.0-bd0.01-bw0.1-knn15-faiss_atlas_weighted-5-randomwalk-ind1000-lr0.05-ep20-lbs10-blend0.8-infl50-ptls-rootdissolve-dn310,fold_6,learnls-manifold-nu2-K300-stride4-learnls-bs1.0-bd0.01-bw0.1-knn15-faiss_atlas_weighted-5-randomwalk-ind1000-lr0.05-ep20-lbs10-blend0.8-infl50-ptls-rootdissolve-dn3,manifold,97,PC 35:1 PE 38:1,PC_35-1_PE_38-1,0,0.9120645523071288,0.1664462036962732,0.0131973432954654,0.9912728667259216,2072.65428981781
FOLD-6-learnls-manifold-nu2-K300-stride4-learnls-bs1.0-bd0.01-bw0.1-knn15-faiss_atlas_weighted-5-randomwalk-ind1000-lr0.05-ep20-lbs10-blend0.8-infl50-ptls-rootdissolve-dn310,fold_6,learnls-manifold-nu2-K300-stride4-learnls-bs1.0-bd0.01-bw0.1-knn15-faiss_atlas_weighted-5-randomwalk-ind1000-lr0.05-ep20-lbs10-blend0.8-infl50-ptls-rootdissolve-dn3,manifold,18,PA 36:1,PA_36-1,0,0.7555479407310486,0.4058516838418132,0.1273796183411099,0.8874829411506653,2072.65428981781
FOLD-6-learnls-manifold-nu2-K300-stride4-learnls-bs1.0-bd0.01-bw0.1-knn15-faiss_atlas_weighted-5-randomwalk-ind1000-lr0.05-ep20-lbs10-blend0.8-infl50-ptls-rootdissolve-dn310,fold_6,learnls-manifold-nu2-K300-stride4-learnls-bs1.0-bd0.01-bw0.1-knn15-faiss_atlas_weighted-5-randomwalk-ind1000-lr0.05-ep20-lbs10-blend0.8-infl50-ptls-rootdissolve-dn3,manifold,57,LPC 22:6,LPC_22-6,0,0.7824936509132385,0.5872809101996822,0.3424257714926584,0.8445078730583191,2072.65428981781
FOLD-6-learnls-manifold-nu2-K300-stride4-learnls-bs1.0-bd0.01-bw0.1-knn15-faiss_atlas_weighted-5-randomwalk-ind1000-lr0.05-ep20-lbs10-blend0.8-infl50-ptls-rootdissolve-dn310,fold_6,learnls-manifold-nu2-K300-stride4-learnls-bs1.0-bd0.01-bw0.1-knn15-faiss_atlas_weighted-5-randomwalk-ind1000-lr0.05-ep20-lbs10-blend0.8-infl50-ptls-rootdissolve-dn3,manifold,86,PE O-36:0 PE O-38:3,PE_O-36-0_PE_O-38-3,0,0.7722700834274292,0.6574297497118531,0.4315343221612172,0.7742288112640381,2072.65428981781
FOLD-6-learnls-manifold-nu2-K300-stride4-learnls-bs1.0-bd0.01-bw0.1-knn15-faiss_atlas_weighted-5-randomwalk-ind1000-lr0.05-ep20-lbs10-blend0.8-infl50-ptls-rootdissolve-dn310,fold_6,learnls-manifold-nu2-K300-stride4-learnls-bs1.0-bd0.01-bw0.1-knn15-faiss_atlas_weighted-5-randomwalk-ind1000-lr0.05-ep20-lbs10-blend0.8-infl50-ptls-rootdissolve-dn3,manifold,171,Hex2Cer 40:1;O2,Hex2Cer_40-1_O2,0,0.6208494305610657,0.7810577969085998,0.6098861189852232,0.6497548222541809,2072.65428981781
FOLD-6-learnls-manifold-nu2-K300-stride4-learnls-bs1.0-bd0.01-bw0.1-knn15-faiss_atlas_weighted-5-randomwalk-ind1000-lr0.05-ep20-lbs10-blend0.8-infl50-rootdissolve-dn3-prune0.910,fold_6,learnls-manifold-nu2-K300-stride4-learnls-bs1.0-bd0.01-bw0.1-knn15-faiss_atlas_weighted-5-randomwalk-ind1000-lr0.05-ep20-lbs10-blend0.8-infl50-rootdissolve-dn3-prune0.9,manifold,97,PC 35:1 PE 38:1,PC_35-1_PE_38-1,0,0.9092652201652528,0.1791223285999242,0.0192455377950113,0.9911194443702698,1007.728324651718
FOLD-6-learnls-manifold-nu2-K300-stride4-learnls-bs1.0-bd0.01-bw0.1-knn15-faiss_atlas_weighted-5-randomwalk-ind1000-lr0.05-ep20-lbs10-blend0.8-infl50-rootdissolve-dn3-prune0.910,fold_6,learnls-manifold-nu2-K300-stride4-learnls-bs1.0-bd0.01-bw0.1-knn15-faiss_atlas_weighted-5-randomwalk-ind1000-lr0.05-ep20-lbs10-blend0.8-infl50-rootdissolve-dn3-prune0.9,manifold,18,PA 36:1,PA_36-1,0,0.7508671879768372,0.4208773191252706,0.1381582665233872,0.8817601203918457,1007.728324651718
FOLD-6-learnls-manifold-nu2-K300-stride4-learnls-bs1.0-bd0.01-bw0.1-knn15-faiss_atlas_weighted-5-randomwalk-ind1000-lr0.05-ep20-lbs10-blend0.8-infl50-rootdissolve-dn3-prune0.910,fold_6,learnls-manifold-nu2-K300-stride4-learnls-bs1.0-bd0.01-bw0.1-knn15-faiss_atlas_weighted-5-randomwalk-ind1000-lr0.05-ep20-lbs10-blend0.8-infl50-rootdissolve-dn3-prune0.9,manifold,57,LPC 22:6,LPC_22-6,0,0.7706316113471985,0.6039430813649952,0.3622112942561083,0.8368791937828064,1007.728324651718
FOLD-6-learnls-manifold-nu2-K300-stride4-learnls-bs1.0-bd0.01-bw0.1-knn15-faiss_atlas_weighted-5-randomwalk-ind1000-lr0.05-ep20-lbs10-blend0.8-infl50-rootdissolve-dn3-prune0.910,fold_6,learnls-manifold-nu2-K300-stride4-learnls-bs1.0-bd0.01-bw0.1-knn15-faiss_atlas_weighted-5-randomwalk-ind1000-lr0.05-ep20-lbs10-blend0.8-infl50-rootdissolve-dn3-prune0.9,manifold,86,PE O-36:0 PE O-38:3,PE_O-36-0_PE_O-38-3,0,0.7678973078727722,0.6625897317917223,0.4379536452784834,0.7720322012901306,1007.728324651718
FOLD-6-learnls-manifold-nu2-K300-stride4-learnls-bs1.0-bd0.01-bw0.1-knn15-faiss_atlas_weighted-5-randomwalk-ind1000-lr0.05-ep20-lbs10-blend0.8-infl50-rootdissolve-dn3-prune0.910,fold_6,learnls-manifold-nu2-K300-stride4-learnls-bs1.0-bd0.01-bw0.1-knn15-faiss_atlas_weighted-5-randomwalk-ind1000-lr0.05-ep20-lbs10-blend0.8-infl50-rootdissolve-dn3-prune0.9,manifold,171,Hex2Cer 40:1;O2,Hex2Cer_40-1_O2,0,0.6123992800712585,0.7878573757401539,0.6204332355664826,0.6445910334587097,1007.728324651718
FOLD-6-learnls-manifold-nu2-K300-stride4-learnls-bs1.0-bd0.01-bw0.1-knn15-faiss_atlas_weighted-5-randomwalk-ind1000-lr0.05-ep20-lbs10-blend0.8-infl50-rootdissolve-dn3-prune0.9510,fold_6,learnls-manifold-nu2-K300-stride4-learnls-bs1.0-bd0.01-bw0.1-knn15-faiss_atlas_weighted-5-randomwalk-ind1000-lr0.05-ep20-lbs10-blend0.8-infl50-rootdissolve-dn3-prune0.95,manifold,97,PC 35:1 PE 38:1,PC_35-1_PE_38-1,0,0.9082152843475342,0.180197115332836,0.0215091487823211,0.9925983548164368,978.1217030525208
FOLD-6-learnls-manifold-nu2-K300-stride4-learnls-bs1.0-bd0.01-bw0.1-knn15-faiss_atlas_weighted-5-randomwalk-ind1000-lr0.05-ep20-lbs10-blend0.8-infl50-rootdissolve-dn3-prune0.9510,fold_6,learnls-manifold-nu2-K300-stride4-learnls-bs1.0-bd0.01-bw0.1-knn15-faiss_atlas_weighted-5-randomwalk-ind1000-lr0.05-ep20-lbs10-blend0.8-infl50-rootdissolve-dn3-prune0.95,manifold,18,PA 36:1,PA_36-1,0,0.753186821937561,0.4156534221247467,0.1328250980519284,0.8871793746948242,978.1217030525208
FOLD-6-learnls-manifold-nu2-K300-stride4-learnls-bs1.0-bd0.01-bw0.1-knn15-faiss_atlas_weighted-5-randomwalk-ind1000-lr0.05-ep20-lbs10-blend0.8-infl50-rootdissolve-dn3-prune0.9510,fold_6,learnls-manifold-nu2-K300-stride4-learnls-bs1.0-bd0.01-bw0.1-knn15-faiss_atlas_weighted-5-randomwalk-ind1000-lr0.05-ep20-lbs10-blend0.8-infl50-rootdissolve-dn3-prune0.95,manifold,57,LPC 22:6,LPC_22-6,0,0.775822639465332,0.5965440211276738,0.3535899784436327,0.8439297676086426,978.1217030525208
FOLD-6-learnls-manifold-nu2-K300-stride4-learnls-bs1.0-bd0.01-bw0.1-knn15-faiss_atlas_weighted-5-randomwalk-ind1000-lr0.05-ep20-lbs10-blend0.8-infl50-rootdissolve-dn3-prune0.9510,fold_6,learnls-manifold-nu2-K300-stride4-learnls-bs1.0-bd0.01-bw0.1-knn15-faiss_atlas_weighted-5-randomwalk-ind1000-lr0.05-ep20-lbs10-blend0.8-infl50-rootdissolve-dn3-prune0.95,manifold,86,PE O-36:0 PE O-38:3,PE_O-36-0_PE_O-38-3,0,0.7766879796981812,0.6534725013400853,0.4250116774563631,0.7848019003868103,978.1217030525208
FOLD-6-learnls-manifold-nu2-K300-stride4-learnls-bs1.0-bd0.01-bw0.1-knn15-faiss_atlas_weighted-5-randomwalk-ind1000-lr0.05-ep20-lbs10-blend0.8-infl50-rootdissolve-dn3-prune0.9510,fold_6,learnls-manifold-nu2-K300-stride4-learnls-bs1.0-bd0.01-bw0.1-knn15-faiss_atlas_weighted-5-randomwalk-ind1000-lr0.05-ep20-lbs10-blend0.8-infl50-rootdissolve-dn3-prune0.95,manifold,171,Hex2Cer 40:1;O2,Hex2Cer_40-1_O2,0,0.6252899169921875,0.7774910105945497,0.6042857889722502,0.6594046950340271,978.1217030525208
FOLD-6-learnls-manifold-nu2-K300-stride4-learnls-bs1.0-bd0.01-bw0.1-knn15-faiss_atlas_weighted-5-randomwalk-ind1000-lr0.05-ep20-lbs10-blend0.8-infl50-rootdissolve-dn3-prune0.9710,fold_6,learnls-manifold-nu2-K300-stride4-learnls-bs1.0-bd0.01-bw0.1-knn15-faiss_atlas_weighted-5-randomwalk-ind1000-lr0.05-ep20-lbs10-blend0.8-infl50-rootdissolve-dn3-prune0.97,manifold,97,PC 35:1 PE 38:1,PC_35-1_PE_38-1,0,0.9076778292655944,0.1785270008741054,0.0226669610703784,0.9931104779243468,983.2467559814452
FOLD-6-learnls-manifold-nu2-K300-stride4-learnls-bs1.0-bd0.01-bw0.1-knn15-faiss_atlas_weighted-5-randomwalk-ind1000-lr0.05-ep20-lbs10-blend0.8-infl50-rootdissolve-dn3-prune0.9710,fold_6,learnls-manifold-nu2-K300-stride4-learnls-bs1.0-bd0.01-bw0.1-knn15-faiss_atlas_weighted-5-randomwalk-ind1000-lr0.05-ep20-lbs10-blend0.8-infl50-rootdissolve-dn3-prune0.97,manifold,18,PA 36:1,PA_36-1,0,0.7519298195838928,0.4157661513880712,0.1357171535348853,0.8929570913314819,983.2467559814452
FOLD-6-learnls-manifold-nu2-K300-stride4-learnls-bs1.0-bd0.01-bw0.1-knn15-faiss_atlas_weighted-5-randomwalk-ind1000-lr0.05-ep20-lbs10-blend0.8-infl50-rootdissolve-dn3-prune0.9710,fold_6,learnls-manifold-nu2-K300-stride4-learnls-bs1.0-bd0.01-bw0.1-knn15-faiss_atlas_weighted-5-randomwalk-ind1000-lr0.05-ep20-lbs10-blend0.8-infl50-rootdissolve-dn3-prune0.97,manifold,57,LPC 22:6,LPC_22-6,0,0.7771826386451721,0.5945465547103309,0.3513216970807188,0.8489639163017273,983.2467559814452
FOLD-6-learnls-manifold-nu2-K300-stride4-learnls-bs1.0-bd0.01-bw0.1-knn15-faiss_atlas_weighted-5-randomwalk-ind1000-lr0.05-ep20-lbs10-blend0.8-infl50-rootdissolve-dn3-prune0.9710,fold_6,learnls-manifold-nu2-K300-stride4-learnls-bs1.0-bd0.01-bw0.1-knn15-faiss_atlas_weighted-5-randomwalk-ind1000-lr0.05-ep20-lbs10-blend0.8-infl50-rootdissolve-dn3-prune0.97,manifold,86,PE O-36:0 PE O-38:3,PE_O-36-0_PE_O-38-3,0,0.7815319895744324,0.6485803264785232,0.4178171351307056,0.7886685729026794,983.2467559814452
FOLD-6-learnls-manifold-nu2-K300-stride4-learnls-bs1.0-bd0.01-bw0.1-knn15-faiss_atlas_weighted-5-randomwalk-ind1000-lr0.05-ep20-lbs10-blend0.8-infl50-rootdissolve-dn3-prune0.9710,fold_6,learnls-manifold-nu2-K300-stride4-learnls-bs1.0-bd0.01-bw0.1-knn15-faiss_atlas_weighted-5-randomwalk-ind1000-lr0.05-ep20-lbs10-blend0.8-infl50-rootdissolve-dn3-prune0.97,manifold,171,Hex2Cer 40:1;O2,Hex2Cer_40-1_O2,0,0.6320294141769409,0.7720603812316811,0.5957095993154362,0.667681097984314,983.2467559814452
FOLD-6-learnls-manifold-nu2-K300-stride4-learnls-bs1.0-bd0.01-bw0.1-knn15-faiss_atlas_weighted-5-randomwalk-ind1000-lr0.05-ep20-lbs10-blend0.8-infl50-rootdissolve-dn310,fold_6,learnls-manifold-nu2-K300-stride4-learnls-bs1.0-bd0.01-bw0.1-knn15-faiss_atlas_weighted-5-randomwalk-ind1000-lr0.05-ep20-lbs10-blend0.8-infl50-rootdissolve-dn3,manifold,97,PC 35:1 PE 38:1,PC_35-1_PE_38-1,0,0.9126449823379515,0.1636322857835868,0.0119410281488703,0.9909511804580688,945.1550245285034
FOLD-6-learnls-manifold-nu2-K300-stride4-learnls-bs1.0-bd0.01-bw0.1-knn15-faiss_atlas_weighted-5-randomwalk-ind1000-lr0.05-ep20-lbs10-blend0.8-infl50-rootdissolve-dn310,fold_6,learnls-manifold-nu2-K300-stride4-learnls-bs1.0-bd0.01-bw0.1-knn15-faiss_atlas_weighted-5-randomwalk-ind1000-lr0.05-ep20-lbs10-blend0.8-infl50-rootdissolve-dn3,manifold,18,PA 36:1,PA_36-1,0,0.7553869485855103,0.406324589304597,0.1277514884661669,0.887045681476593,945.1550245285034
FOLD-6-learnls-manifold-nu2-K300-stride4-learnls-bs1.0-bd0.01-bw0.1-knn15-faiss_atlas_weighted-5-randomwalk-ind1000-lr0.05-ep20-lbs10-blend0.8-infl50-rootdissolve-dn310,fold_6,learnls-manifold-nu2-K300-stride4-learnls-bs1.0-bd0.01-bw0.1-knn15-faiss_atlas_weighted-5-randomwalk-ind1000-lr0.05-ep20-lbs10-blend0.8-infl50-rootdissolve-dn3,manifold,57,LPC 22:6,LPC_22-6,0,0.7829121351242065,0.5870817298249632,0.3417221272231927,0.8441299200057983,945.1550245285034
FOLD-6-learnls-manifold-nu2-K300-stride4-learnls-bs1.0-bd0.01-bw0.1-knn15-faiss_atlas_weighted-5-randomwalk-ind1000-lr0.05-ep20-lbs10-blend0.8-infl50-rootdissolve-dn310,fold_6,learnls-manifold-nu2-K300-stride4-learnls-bs1.0-bd0.01-bw0.1-knn15-faiss_atlas_weighted-5-randomwalk-ind1000-lr0.05-ep20-lbs10-blend0.8-infl50-rootdissolve-dn3,manifold,86,PE O-36:0 PE O-38:3,PE_O-36-0_PE_O-38-3,0,0.7720842957496643,0.6575306172470701,0.4318077521920839,0.7726961374282837,945.1550245285034
FOLD-6-learnls-manifold-nu2-K300-stride4-learnls-bs1.0-bd0.01-bw0.1-knn15-faiss_atlas_weighted-5-randomwalk-ind1000-lr0.05-ep20-lbs10-blend0.8-infl50-rootdissolve-dn310,fold_6,learnls-manifold-nu2-K300-stride4-learnls-bs1.0-bd0.01-bw0.1-knn15-faiss_atlas_weighted-5-randomwalk-ind1000-lr0.05-ep20-lbs10-blend0.8-infl50-rootdissolve-dn3,manifold,171,Hex2Cer 40:1;O2,Hex2Cer_40-1_O2,0,0.6208129525184631,0.7811458918966946,0.609931946063559,0.6498605608940125,945.1550245285034
FOLD-6-spectral-nu2-K100-stride4-bw0.1-knn15-faiss_atlas_weighted-5-randomwalk-lr0.05-ep20-lbs10-rootdissolve-dn310,fold_6,spectral-nu2-K100-stride4-bw0.1-knn15-faiss_atlas_weighted-5-randomwalk-lr0.05-ep20-lbs10-rootdissolve-dn3,spectral,97,PC 35:1 PE 38:1,PC_35-1_PE_38-1,0,0.9099308848381042,0.1524316536843505,0.0178090448571308,0.9682549238204956,279.7807814121246
FOLD-6-spectral-nu2-K100-stride4-bw0.1-knn15-faiss_atlas_weighted-5-randomwalk-lr0.05-ep20-lbs10-rootdissolve-dn310,fold_6,spectral-nu2-K100-stride4-bw0.1-knn15-faiss_atlas_weighted-5-randomwalk-lr0.05-ep20-lbs10-rootdissolve-dn3,spectral,18,PA 36:1,PA_36-1,0,0.7695664167404175,0.359472794160439,0.0946979238355663,0.8950005769729614,279.7807814121246
FOLD-6-spectral-nu2-K100-stride4-bw0.1-knn15-faiss_atlas_weighted-5-randomwalk-lr0.05-ep20-lbs10-rootdissolve-dn310,fold_6,spectral-nu2-K100-stride4-bw0.1-knn15-faiss_atlas_weighted-5-randomwalk-lr0.05-ep20-lbs10-rootdissolve-dn3,spectral,57,LPC 22:6,LPC_22-6,0,0.8307152390480042,0.5097696207681843,0.2588816911222483,0.8698729276657104,279.7807814121246
FOLD-6-spectral-nu2-K100-stride4-bw0.1-knn15-faiss_atlas_weighted-5-randomwalk-lr0.05-ep20-lbs10-rootdissolve-dn310,fold_6,spectral-nu2-K100-stride4-bw0.1-knn15-faiss_atlas_weighted-5-randomwalk-lr0.05-ep20-lbs10-rootdissolve-dn3,spectral,86,PE O-36:0 PE O-38:3,PE_O-36-0_PE_O-38-3,0,0.8307685852050781,0.5866776377775619,0.3421512469611297,0.8318735361099243,279.7807814121246
FOLD-6-spectral-nu2-K100-stride4-bw0.1-knn15-faiss_atlas_weighted-5-randomwalk-lr0.05-ep20-lbs10-rootdissolve-dn310,fold_6,spectral-nu2-K100-stride4-bw0.1-knn15-faiss_atlas_weighted-5-randomwalk-lr0.05-ep20-lbs10-rootdissolve-dn3,spectral,171,Hex2Cer 40:1;O2,Hex2Cer_40-1_O2,0,0.6965553164482117,0.7139124872540947,0.5089450903862983,0.7240551710128784,279.7807814121246
FOLD-6-spectral-nu2-K1300-stride4-bw0.1-knn15-faiss_atlas_weighted-5-randomwalk-lr0.05-ep20-lbs10-rootdissolve-dn310,fold_6,spectral-nu2-K1300-stride4-bw0.1-knn15-faiss_atlas_weighted-5-randomwalk-lr0.05-ep20-lbs10-rootdissolve-dn3,spectral,97,PC 35:1 PE 38:1,PC_35-1_PE_38-1,0,0.9031357765197754,0.2149224265179671,0.0324236734580095,0.9622344374656676,165.8624156475067
FOLD-6-spectral-nu2-K1300-stride4-bw0.1-knn15-faiss_atlas_weighted-5-randomwalk-lr0.05-ep20-lbs10-rootdissolve-dn310,fold_6,spectral-nu2-K1300-stride4-bw0.1-knn15-faiss_atlas_weighted-5-randomwalk-lr0.05-ep20-lbs10-rootdissolve-dn3,spectral,18,PA 36:1,PA_36-1,0,0.7590045928955078,0.4482738506819883,0.11937682649507,0.8135676980018616,165.8624156475067
FOLD-6-spectral-nu2-K1300-stride4-bw0.1-knn15-faiss_atlas_weighted-5-randomwalk-lr0.05-ep20-lbs10-rootdissolve-dn310,fold_6,spectral-nu2-K1300-stride4-bw0.1-knn15-faiss_atlas_weighted-5-randomwalk-lr0.05-ep20-lbs10-rootdissolve-dn3,spectral,57,LPC 22:6,LPC_22-6,0,0.7479451298713684,0.6351577781264813,0.3992100179246549,0.7551429867744446,165.8624156475067
FOLD-6-spectral-nu2-K1300-stride4-bw0.1-knn15-faiss_atlas_weighted-5-randomwalk-lr0.05-ep20-lbs10-rootdissolve-dn310,fold_6,spectral-nu2-K1300-stride4-bw0.1-knn15-faiss_atlas_weighted-5-randomwalk-lr0.05-ep20-lbs10-rootdissolve-dn3,spectral,86,PE O-36:0 PE O-38:3,PE_O-36-0_PE_O-38-3,0,0.7342389822006226,0.6988688082878409,0.4861448004589035,0.6980999112129211,165.8624156475067
FOLD-6-spectral-nu2-K1300-stride4-bw0.1-knn15-faiss_atlas_weighted-5-randomwalk-lr0.05-ep20-lbs10-rootdissolve-dn310,fold_6,spectral-nu2-K1300-stride4-bw0.1-knn15-faiss_atlas_weighted-5-randomwalk-lr0.05-ep20-lbs10-rootdissolve-dn3,spectral,171,Hex2Cer 40:1;O2,Hex2Cer_40-1_O2,0,0.5692458152770996,0.820920233521467,0.6720418131483543,0.5870705842971802,165.8624156475067
FOLD-7-euclidean-ard-matern-nu1.5-ind1000-5-lr0.05-ep20-lbs1010,fold_7,euclidean-ard-matern-nu1.5-ind1000-5-lr0.05-ep20-lbs10,euclidean,97,PC 35:1 PE 38:1,PC_35-1_PE_38-1,0,1.0666996240615845,0.1170891110669569,-0.0125288016609921,0.9575115442276,432.12679448127744
FOLD-7-euclidean-ard-matern-nu1.5-ind1000-5-lr0.05-ep20-lbs1010,fold_7,euclidean-ard-matern-nu1.5-ind1000-5-lr0.05-ep20-lbs10,euclidean,18,PA 36:1,PA_36-1,0,0.9497098922729492,0.5195608396339745,0.2400011334606296,0.8399277329444885,432.12679448127744
FOLD-7-euclidean-ard-matern-nu1.5-ind1000-5-lr0.05-ep20-lbs1010,fold_7,euclidean-ard-matern-nu1.5-ind1000-5-lr0.05-ep20-lbs10,euclidean,57,LPC 22:6,LPC_22-6,0,0.8103862404823303,0.5992930596025913,0.3552468528901753,0.7739848494529724,432.12679448127744
FOLD-7-euclidean-ard-matern-nu1.5-ind1000-5-lr0.05-ep20-lbs1010,fold_7,euclidean-ard-matern-nu1.5-ind1000-5-lr0.05-ep20-lbs10,euclidean,86,PE O-36:0 PE O-38:3,PE_O-36-0_PE_O-38-3,0,0.7854970097541809,0.653014272617444,0.4247437368876283,0.7256419658660889,432.12679448127744
FOLD-7-euclidean-ard-matern-nu1.5-ind1000-5-lr0.05-ep20-lbs1010,fold_7,euclidean-ard-matern-nu1.5-ind1000-5-lr0.05-ep20-lbs10,euclidean,171,Hex2Cer 40:1;O2,Hex2Cer_40-1_O2,0,0.6522499322891235,0.7815090143460554,0.6032906447206327,0.603992223739624,432.12679448127744
FOLD-7-euclidean-no-ard-matern-nu1.5-ind1000-5-lr0.05-ep20-lbs1010,fold_7,euclidean-no-ard-matern-nu1.5-ind1000-5-lr0.05-ep20-lbs10,euclidean,97,PC 35:1 PE 38:1,PC_35-1_PE_38-1,0,1.054918885231018,0.1571229780200828,0.0097127159844024,0.9608466625213624,547.2131297588348
FOLD-7-euclidean-no-ard-matern-nu1.5-ind1000-5-lr0.05-ep20-lbs1010,fold_7,euclidean-no-ard-matern-nu1.5-ind1000-5-lr0.05-ep20-lbs10,euclidean,18,PA 36:1,PA_36-1,0,0.9417163133621216,0.5296673216709493,0.2527409039784468,0.8404393196105957,547.2131297588348
FOLD-7-euclidean-no-ard-matern-nu1.5-ind1000-5-lr0.05-ep20-lbs1010,fold_7,euclidean-no-ard-matern-nu1.5-ind1000-5-lr0.05-ep20-lbs10,euclidean,57,LPC 22:6,LPC_22-6,0,0.8091567158699036,0.6009630505804214,0.3572017825860399,0.7755953669548035,547.2131297588348
FOLD-7-euclidean-no-ard-matern-nu1.5-ind1000-5-lr0.05-ep20-lbs1010,fold_7,euclidean-no-ard-matern-nu1.5-ind1000-5-lr0.05-ep20-lbs10,euclidean,86,PE O-36:0 PE O-38:3,PE_O-36-0_PE_O-38-3,0,0.7859513163566589,0.6530155901034501,0.4240780753457717,0.7244276404380798,547.2131297588348
FOLD-7-euclidean-no-ard-matern-nu1.5-ind1000-5-lr0.05-ep20-lbs1010,fold_7,euclidean-no-ard-matern-nu1.5-ind1000-5-lr0.05-ep20-lbs10,euclidean,171,Hex2Cer 40:1;O2,Hex2Cer_40-1_O2,0,0.6534032821655273,0.781977683216529,0.6018863722490769,0.6048209071159363,547.2131297588348
FOLD-7-learnls-manifold-nu2-K100-stride4-learnls-bs1.0-bd0.01-bw0.1-knn15-faiss_atlas_weighted-5-randomwalk-ind1000-lr0.05-ep20-lbs10-blend0.8-infl50-ptls-rootdissolve-dn3-prune0.910,fold_7,learnls-manifold-nu2-K100-stride4-learnls-bs1.0-bd0.01-bw0.1-knn15-faiss_atlas_weighted-5-randomwalk-ind1000-lr0.05-ep20-lbs10-blend0.8-infl50-ptls-rootdissolve-dn3-prune0.9,manifold,97,PC 35:1 PE 38:1,PC_35-1_PE_38-1,0,1.0574716329574585,0.1336480211220611,0.0049141943862212,0.9860000610351562,1505.0781556606294
FOLD-7-learnls-manifold-nu2-K100-stride4-learnls-bs1.0-bd0.01-bw0.1-knn15-faiss_atlas_weighted-5-randomwalk-ind1000-lr0.05-ep20-lbs10-blend0.8-infl50-ptls-rootdissolve-dn3-prune0.910,fold_7,learnls-manifold-nu2-K100-stride4-learnls-bs1.0-bd0.01-bw0.1-knn15-faiss_atlas_weighted-5-randomwalk-ind1000-lr0.05-ep20-lbs10-blend0.8-infl50-ptls-rootdissolve-dn3-prune0.9,manifold,18,PA 36:1,PA_36-1,0,0.9805685877799988,0.4591229417312163,0.189809861979371,0.8921499252319336,1505.0781556606294
FOLD-7-learnls-manifold-nu2-K100-stride4-learnls-bs1.0-bd0.01-bw0.1-knn15-faiss_atlas_weighted-5-randomwalk-ind1000-lr0.05-ep20-lbs10-blend0.8-infl50-ptls-rootdissolve-dn3-prune0.910,fold_7,learnls-manifold-nu2-K100-stride4-learnls-bs1.0-bd0.01-bw0.1-knn15-faiss_atlas_weighted-5-randomwalk-ind1000-lr0.05-ep20-lbs10-blend0.8-infl50-ptls-rootdissolve-dn3-prune0.9,manifold,57,LPC 22:6,LPC_22-6,0,0.8736540079116821,0.5082146906907701,0.2506437648885611,0.8525553345680237,1505.0781556606294
FOLD-7-learnls-manifold-nu2-K100-stride4-learnls-bs1.0-bd0.01-bw0.1-knn15-faiss_atlas_weighted-5-randomwalk-ind1000-lr0.05-ep20-lbs10-blend0.8-infl50-ptls-rootdissolve-dn3-prune0.910,fold_7,learnls-manifold-nu2-K100-stride4-learnls-bs1.0-bd0.01-bw0.1-knn15-faiss_atlas_weighted-5-randomwalk-ind1000-lr0.05-ep20-lbs10-blend0.8-infl50-ptls-rootdissolve-dn3-prune0.9,manifold,86,PE O-36:0 PE O-38:3,PE_O-36-0_PE_O-38-3,0,0.8585339188575745,0.561627106040543,0.3127935746778491,0.8109771013259888,1505.0781556606294
FOLD-7-learnls-manifold-nu2-K100-stride4-learnls-bs1.0-bd0.01-bw0.1-knn15-faiss_atlas_weighted-5-randomwalk-ind1000-lr0.05-ep20-lbs10-blend0.8-infl50-ptls-rootdissolve-dn3-prune0.910,fold_7,learnls-manifold-nu2-K100-stride4-learnls-bs1.0-bd0.01-bw0.1-knn15-faiss_atlas_weighted-5-randomwalk-ind1000-lr0.05-ep20-lbs10-blend0.8-infl50-ptls-rootdissolve-dn3-prune0.9,manifold,171,Hex2Cer 40:1;O2,Hex2Cer_40-1_O2,0,0.7500143647193909,0.6933021846991979,0.4754539974425669,0.7045223116874695,1505.0781556606294
FOLD-7-learnls-manifold-nu2-K100-stride4-learnls-bs1.0-bd0.01-bw0.1-knn15-faiss_atlas_weighted-5-randomwalk-ind1000-lr0.05-ep20-lbs10-blend0.8-infl50-ptls-rootdissolve-dn3-prune0.9510,fold_7,learnls-manifold-nu2-K100-stride4-learnls-bs1.0-bd0.01-bw0.1-knn15-faiss_atlas_weighted-5-randomwalk-ind1000-lr0.05-ep20-lbs10-blend0.8-infl50-ptls-rootdissolve-dn3-prune0.95,manifold,97,PC 35:1 PE 38:1,PC_35-1_PE_38-1,0,1.0555332899093628,0.1302067608519038,0.00855875043924,0.9861668944358826,1092.5444592952729
FOLD-7-learnls-manifold-nu2-K100-stride4-learnls-bs1.0-bd0.01-bw0.1-knn15-faiss_atlas_weighted-5-randomwalk-ind1000-lr0.05-ep20-lbs10-blend0.8-infl50-ptls-rootdissolve-dn3-prune0.9510,fold_7,learnls-manifold-nu2-K100-stride4-learnls-bs1.0-bd0.01-bw0.1-knn15-faiss_atlas_weighted-5-randomwalk-ind1000-lr0.05-ep20-lbs10-blend0.8-infl50-ptls-rootdissolve-dn3-prune0.95,manifold,18,PA 36:1,PA_36-1,0,0.9928239583969116,0.45589478669852,0.1694313842169966,0.8939281105995178,1092.5444592952729
FOLD-7-learnls-manifold-nu2-K100-stride4-learnls-bs1.0-bd0.01-bw0.1-knn15-faiss_atlas_weighted-5-randomwalk-ind1000-lr0.05-ep20-lbs10-blend0.8-infl50-ptls-rootdissolve-dn3-prune0.9510,fold_7,learnls-manifold-nu2-K100-stride4-learnls-bs1.0-bd0.01-bw0.1-knn15-faiss_atlas_weighted-5-randomwalk-ind1000-lr0.05-ep20-lbs10-blend0.8-infl50-ptls-rootdissolve-dn3-prune0.95,manifold,57,LPC 22:6,LPC_22-6,0,0.8717530369758606,0.5104951327429563,0.2539013037965192,0.8636617064476013,1092.5444592952729
FOLD-7-learnls-manifold-nu2-K100-stride4-learnls-bs1.0-bd0.01-bw0.1-knn15-faiss_atlas_weighted-5-randomwalk-ind1000-lr0.05-ep20-lbs10-blend0.8-infl50-ptls-rootdissolve-dn3-prune0.9510,fold_7,learnls-manifold-nu2-K100-stride4-learnls-bs1.0-bd0.01-bw0.1-knn15-faiss_atlas_weighted-5-randomwalk-ind1000-lr0.05-ep20-lbs10-blend0.8-infl50-ptls-rootdissolve-dn3-prune0.95,manifold,86,PE O-36:0 PE O-38:3,PE_O-36-0_PE_O-38-3,0,0.8619822859764099,0.5570010416373038,0.3072620719740513,0.8223094940185547,1092.5444592952729
FOLD-7-learnls-manifold-nu2-K100-stride4-learnls-bs1.0-bd0.01-bw0.1-knn15-faiss_atlas_weighted-5-randomwalk-ind1000-lr0.05-ep20-lbs10-blend0.8-infl50-ptls-rootdissolve-dn3-prune0.9510,fold_7,learnls-manifold-nu2-K100-stride4-learnls-bs1.0-bd0.01-bw0.1-knn15-faiss_atlas_weighted-5-randomwalk-ind1000-lr0.05-ep20-lbs10-blend0.8-infl50-ptls-rootdissolve-dn3-prune0.95,manifold,171,Hex2Cer 40:1;O2,Hex2Cer_40-1_O2,0,0.7516171336174011,0.6923303623339191,0.4732097304998138,0.7147696018218994,1092.5444592952729
FOLD-7-learnls-manifold-nu2-K100-stride4-learnls-bs1.0-bd0.01-bw0.1-knn15-faiss_atlas_weighted-5-randomwalk-ind1000-lr0.05-ep20-lbs10-blend0.8-infl50-ptls-rootdissolve-dn3-prune0.9710,fold_7,learnls-manifold-nu2-K100-stride4-learnls-bs1.0-bd0.01-bw0.1-knn15-faiss_atlas_weighted-5-randomwalk-ind1000-lr0.05-ep20-lbs10-blend0.8-infl50-ptls-rootdissolve-dn3-prune0.97,manifold,97,PC 35:1 PE 38:1,PC_35-1_PE_38-1,0,1.0591779947280884,0.1237878328111791,0.0017002173382344,0.9862618446350098,1497.444128370285
FOLD-7-learnls-manifold-nu2-K100-stride4-learnls-bs1.0-bd0.01-bw0.1-knn15-faiss_atlas_weighted-5-randomwalk-ind1000-lr0.05-ep20-lbs10-blend0.8-infl50-ptls-rootdissolve-dn3-prune0.9710,fold_7,learnls-manifold-nu2-K100-stride4-learnls-bs1.0-bd0.01-bw0.1-knn15-faiss_atlas_weighted-5-randomwalk-ind1000-lr0.05-ep20-lbs10-blend0.8-infl50-ptls-rootdissolve-dn3-prune0.97,manifold,18,PA 36:1,PA_36-1,0,0.9758333563804626,0.4683117616190038,0.1976158091601056,0.8948044180870056,1497.444128370285
FOLD-7-learnls-manifold-nu2-K100-stride4-learnls-bs1.0-bd0.01-bw0.1-knn15-faiss_atlas_weighted-5-randomwalk-ind1000-lr0.05-ep20-lbs10-blend0.8-infl50-ptls-rootdissolve-dn3-prune0.9710,fold_7,learnls-manifold-nu2-K100-stride4-learnls-bs1.0-bd0.01-bw0.1-knn15-faiss_atlas_weighted-5-randomwalk-ind1000-lr0.05-ep20-lbs10-blend0.8-infl50-ptls-rootdissolve-dn3-prune0.97,manifold,57,LPC 22:6,LPC_22-6,0,0.8742183446884155,0.508199224069861,0.2496754429401482,0.853895366191864,1497.444128370285
FOLD-7-learnls-manifold-nu2-K100-stride4-learnls-bs1.0-bd0.01-bw0.1-knn15-faiss_atlas_weighted-5-randomwalk-ind1000-lr0.05-ep20-lbs10-blend0.8-infl50-ptls-rootdissolve-dn3-prune0.9710,fold_7,learnls-manifold-nu2-K100-stride4-learnls-bs1.0-bd0.01-bw0.1-knn15-faiss_atlas_weighted-5-randomwalk-ind1000-lr0.05-ep20-lbs10-blend0.8-infl50-ptls-rootdissolve-dn3-prune0.97,manifold,86,PE O-36:0 PE O-38:3,PE_O-36-0_PE_O-38-3,0,0.86534184217453,0.5521205904244039,0.3018516424927215,0.8181689381599426,1497.444128370285
FOLD-7-learnls-manifold-nu2-K100-stride4-learnls-bs1.0-bd0.01-bw0.1-knn15-faiss_atlas_weighted-5-randomwalk-ind1000-lr0.05-ep20-lbs10-blend0.8-infl50-ptls-rootdissolve-dn3-prune0.9710,fold_7,learnls-manifold-nu2-K100-stride4-learnls-bs1.0-bd0.01-bw0.1-knn15-faiss_atlas_weighted-5-randomwalk-ind1000-lr0.05-ep20-lbs10-blend0.8-infl50-ptls-rootdissolve-dn3-prune0.97,manifold,171,Hex2Cer 40:1;O2,Hex2Cer_40-1_O2,0,0.7554353475570679,0.688682444263768,0.4678439333813042,0.7135198712348938,1497.444128370285
FOLD-7-learnls-manifold-nu2-K100-stride4-learnls-bs1.0-bd0.01-bw0.1-knn15-faiss_atlas_weighted-5-randomwalk-ind1000-lr0.05-ep20-lbs10-blend0.8-infl50-ptls-rootdissolve-dn310,fold_7,learnls-manifold-nu2-K100-stride4-learnls-bs1.0-bd0.01-bw0.1-knn15-faiss_atlas_weighted-5-randomwalk-ind1000-lr0.05-ep20-lbs10-blend0.8-infl50-ptls-rootdissolve-dn3,manifold,97,PC 35:1 PE 38:1,PC_35-1_PE_38-1,0,1.0579020977020264,0.1300232042408249,0.004103909383434,0.9880087375640868,1513.9947328567505
FOLD-7-learnls-manifold-nu2-K100-stride4-learnls-bs1.0-bd0.01-bw0.1-knn15-faiss_atlas_weighted-5-randomwalk-ind1000-lr0.05-ep20-lbs10-blend0.8-infl50-ptls-rootdissolve-dn310,fold_7,learnls-manifold-nu2-K100-stride4-learnls-bs1.0-bd0.01-bw0.1-knn15-faiss_atlas_weighted-5-randomwalk-ind1000-lr0.05-ep20-lbs10-blend0.8-infl50-ptls-rootdissolve-dn3,manifold,18,PA 36:1,PA_36-1,0,0.9834866523742676,0.4549113482156331,0.184980556790737,0.8960992097854614,1513.9947328567505
FOLD-7-learnls-manifold-nu2-K100-stride4-learnls-bs1.0-bd0.01-bw0.1-knn15-faiss_atlas_weighted-5-randomwalk-ind1000-lr0.05-ep20-lbs10-blend0.8-infl50-ptls-rootdissolve-dn310,fold_7,learnls-manifold-nu2-K100-stride4-learnls-bs1.0-bd0.01-bw0.1-knn15-faiss_atlas_weighted-5-randomwalk-ind1000-lr0.05-ep20-lbs10-blend0.8-infl50-ptls-rootdissolve-dn3,manifold,57,LPC 22:6,LPC_22-6,0,0.8834422826766968,0.4908835487761622,0.2337583532926851,0.8657633066177368,1513.9947328567505
FOLD-7-learnls-manifold-nu2-K100-stride4-learnls-bs1.0-bd0.01-bw0.1-knn15-faiss_atlas_weighted-5-randomwalk-ind1000-lr0.05-ep20-lbs10-blend0.8-infl50-ptls-rootdissolve-dn310,fold_7,learnls-manifold-nu2-K100-stride4-learnls-bs1.0-bd0.01-bw0.1-knn15-faiss_atlas_weighted-5-randomwalk-ind1000-lr0.05-ep20-lbs10-blend0.8-infl50-ptls-rootdissolve-dn3,manifold,86,PE O-36:0 PE O-38:3,PE_O-36-0_PE_O-38-3,0,0.8660974502563477,0.5505610712644224,0.3006318659536129,0.8201314210891724,1513.9947328567505
FOLD-7-learnls-manifold-nu2-K100-stride4-learnls-bs1.0-bd0.01-bw0.1-knn15-faiss_atlas_weighted-5-randomwalk-ind1000-lr0.05-ep20-lbs10-blend0.8-infl50-ptls-rootdissolve-dn310,fold_7,learnls-manifold-nu2-K100-stride4-learnls-bs1.0-bd0.01-bw0.1-knn15-faiss_atlas_weighted-5-randomwalk-ind1000-lr0.05-ep20-lbs10-blend0.8-infl50-ptls-rootdissolve-dn3,manifold,171,Hex2Cer 40:1;O2,Hex2Cer_40-1_O2,0,0.761860191822052,0.6802904245175911,0.4587536119943177,0.7189285159111023,1513.9947328567505
FOLD-7-learnls-manifold-nu2-K100-stride4-learnls-bs1.0-bd0.01-bw0.1-knn15-faiss_atlas_weighted-5-randomwalk-ind1000-lr0.05-ep20-lbs10-blend0.8-infl50-rootdissolve-dn3-prune0.910,fold_7,learnls-manifold-nu2-K100-stride4-learnls-bs1.0-bd0.01-bw0.1-knn15-faiss_atlas_weighted-5-randomwalk-ind1000-lr0.05-ep20-lbs10-blend0.8-infl50-rootdissolve-dn3-prune0.9,manifold,97,PC 35:1 PE 38:1,PC_35-1_PE_38-1,0,1.057724118232727,0.1327823878645139,0.0044389576281944,0.9864749908447266,690.3017140388489
FOLD-7-learnls-manifold-nu2-K100-stride4-learnls-bs1.0-bd0.01-bw0.1-knn15-faiss_atlas_weighted-5-randomwalk-ind1000-lr0.05-ep20-lbs10-blend0.8-infl50-rootdissolve-dn3-prune0.910,fold_7,learnls-manifold-nu2-K100-stride4-learnls-bs1.0-bd0.01-bw0.1-knn15-faiss_atlas_weighted-5-randomwalk-ind1000-lr0.05-ep20-lbs10-blend0.8-infl50-rootdissolve-dn3-prune0.9,manifold,18,PA 36:1,PA_36-1,0,0.9800086617469788,0.4593481007296712,0.1907348312451501,0.8920307159423828,690.3017140388489
FOLD-7-learnls-manifold-nu2-K100-stride4-learnls-bs1.0-bd0.01-bw0.1-knn15-faiss_atlas_weighted-5-randomwalk-ind1000-lr0.05-ep20-lbs10-blend0.8-infl50-rootdissolve-dn3-prune0.910,fold_7,learnls-manifold-nu2-K100-stride4-learnls-bs1.0-bd0.01-bw0.1-knn15-faiss_atlas_weighted-5-randomwalk-ind1000-lr0.05-ep20-lbs10-blend0.8-infl50-rootdissolve-dn3-prune0.9,manifold,57,LPC 22:6,LPC_22-6,0,0.8738828301429749,0.5082302269334366,0.2502512551328015,0.8523780107498169,690.3017140388489
FOLD-7-learnls-manifold-nu2-K100-stride4-learnls-bs1.0-bd0.01-bw0.1-knn15-faiss_atlas_weighted-5-randomwalk-ind1000-lr0.05-ep20-lbs10-blend0.8-infl50-rootdissolve-dn3-prune0.910,fold_7,learnls-manifold-nu2-K100-stride4-learnls-bs1.0-bd0.01-bw0.1-knn15-faiss_atlas_weighted-5-randomwalk-ind1000-lr0.05-ep20-lbs10-blend0.8-infl50-rootdissolve-dn3-prune0.9,manifold,86,PE O-36:0 PE O-38:3,PE_O-36-0_PE_O-38-3,0,0.8585382699966431,0.561576178362319,0.3127865804080252,0.810833752155304,690.3017140388489
FOLD-7-learnls-manifold-nu2-K100-stride4-learnls-bs1.0-bd0.01-bw0.1-knn15-faiss_atlas_weighted-5-randomwalk-ind1000-lr0.05-ep20-lbs10-blend0.8-infl50-rootdissolve-dn3-prune0.910,fold_7,learnls-manifold-nu2-K100-stride4-learnls-bs1.0-bd0.01-bw0.1-knn15-faiss_atlas_weighted-5-randomwalk-ind1000-lr0.05-ep20-lbs10-blend0.8-infl50-rootdissolve-dn3-prune0.9,manifold,171,Hex2Cer 40:1;O2,Hex2Cer_40-1_O2,0,0.7501346468925476,0.6932828273453326,0.4752857452654802,0.7042348384857178,690.3017140388489
FOLD-7-learnls-manifold-nu2-K100-stride4-learnls-bs1.0-bd0.01-bw0.1-knn15-faiss_atlas_weighted-5-randomwalk-ind1000-lr0.05-ep20-lbs10-blend0.8-infl50-rootdissolve-dn3-prune0.9510,fold_7,learnls-manifold-nu2-K100-stride4-learnls-bs1.0-bd0.01-bw0.1-knn15-faiss_atlas_weighted-5-randomwalk-ind1000-lr0.05-ep20-lbs10-blend0.8-infl50-rootdissolve-dn3-prune0.95,manifold,97,PC 35:1 PE 38:1,PC_35-1_PE_38-1,0,1.059431552886963,0.1269300886020294,0.001222218244971,0.9862841963768004,708.8881788253784
FOLD-7-learnls-manifold-nu2-K100-stride4-learnls-bs1.0-bd0.01-bw0.1-knn15-faiss_atlas_weighted-5-randomwalk-ind1000-lr0.05-ep20-lbs10-blend0.8-infl50-rootdissolve-dn3-prune0.9510,fold_7,learnls-manifold-nu2-K100-stride4-learnls-bs1.0-bd0.01-bw0.1-knn15-faiss_atlas_weighted-5-randomwalk-ind1000-lr0.05-ep20-lbs10-blend0.8-infl50-rootdissolve-dn3-prune0.95,manifold,18,PA 36:1,PA_36-1,0,0.9794185757637024,0.4596174564253044,0.1917091169469802,0.8918174505233765,708.8881788253784
FOLD-7-learnls-manifold-nu2-K100-stride4-learnls-bs1.0-bd0.01-bw0.1-knn15-faiss_atlas_weighted-5-randomwalk-ind1000-lr0.05-ep20-lbs10-blend0.8-infl50-rootdissolve-dn3-prune0.9510,fold_7,learnls-manifold-nu2-K100-stride4-learnls-bs1.0-bd0.01-bw0.1-knn15-faiss_atlas_weighted-5-randomwalk-ind1000-lr0.05-ep20-lbs10-blend0.8-infl50-rootdissolve-dn3-prune0.95,manifold,57,LPC 22:6,LPC_22-6,0,0.8728140592575073,0.5108807322347944,0.2520840255323088,0.8484393954277039,708.8881788253784
FOLD-7-learnls-manifold-nu2-K100-stride4-learnls-bs1.0-bd0.01-bw0.1-knn15-faiss_atlas_weighted-5-randomwalk-ind1000-lr0.05-ep20-lbs10-blend0.8-infl50-rootdissolve-dn3-prune0.9510,fold_7,learnls-manifold-nu2-K100-stride4-learnls-bs1.0-bd0.01-bw0.1-knn15-faiss_atlas_weighted-5-randomwalk-ind1000-lr0.05-ep20-lbs10-blend0.8-infl50-rootdissolve-dn3-prune0.95,manifold,86,PE O-36:0 PE O-38:3,PE_O-36-0_PE_O-38-3,0,0.8624706268310547,0.5570730952621232,0.3064769048908939,0.8105596303939819,708.8881788253784
FOLD-7-learnls-manifold-nu2-K100-stride4-learnls-bs1.0-bd0.01-bw0.1-knn15-faiss_atlas_weighted-5-randomwalk-ind1000-lr0.05-ep20-lbs10-blend0.8-infl50-rootdissolve-dn3-prune0.9510,fold_7,learnls-manifold-nu2-K100-stride4-learnls-bs1.0-bd0.01-bw0.1-knn15-faiss_atlas_weighted-5-randomwalk-ind1000-lr0.05-ep20-lbs10-blend0.8-infl50-rootdissolve-dn3-prune0.95,manifold,171,Hex2Cer 40:1;O2,Hex2Cer_40-1_O2,0,0.7528624534606934,0.6914792799693777,0.4714626216029041,0.7043524980545044,708.8881788253784
FOLD-7-learnls-manifold-nu2-K100-stride4-learnls-bs1.0-bd0.01-bw0.1-knn15-faiss_atlas_weighted-5-randomwalk-ind1000-lr0.05-ep20-lbs10-blend0.8-infl50-rootdissolve-dn3-prune0.9710,fold_7,learnls-manifold-nu2-K100-stride4-learnls-bs1.0-bd0.01-bw0.1-knn15-faiss_atlas_weighted-5-randomwalk-ind1000-lr0.05-ep20-lbs10-blend0.8-infl50-rootdissolve-dn3-prune0.97,manifold,97,PC 35:1 PE 38:1,PC_35-1_PE_38-1,0,1.0592048168182373,0.1232800023534198,0.0016498047201634,0.9861095547676086,785.2924045562744
FOLD-7-learnls-manifold-nu2-K100-stride4-learnls-bs1.0-bd0.01-bw0.1-knn15-faiss_atlas_weighted-5-randomwalk-ind1000-lr0.05-ep20-lbs10-blend0.8-infl50-rootdissolve-dn3-prune0.9710,fold_7,learnls-manifold-nu2-K100-stride4-learnls-bs1.0-bd0.01-bw0.1-knn15-faiss_atlas_weighted-5-randomwalk-ind1000-lr0.05-ep20-lbs10-blend0.8-infl50-rootdissolve-dn3-prune0.97,manifold,18,PA 36:1,PA_36-1,0,0.9755702018737792,0.4683658435105626,0.1980485949447655,0.8948583006858826,785.2924045562744
FOLD-7-learnls-manifold-nu2-K100-stride4-learnls-bs1.0-bd0.01-bw0.1-knn15-faiss_atlas_weighted-5-randomwalk-ind1000-lr0.05-ep20-lbs10-blend0.8-infl50-rootdissolve-dn3-prune0.9710,fold_7,learnls-manifold-nu2-K100-stride4-learnls-bs1.0-bd0.01-bw0.1-knn15-faiss_atlas_weighted-5-randomwalk-ind1000-lr0.05-ep20-lbs10-blend0.8-infl50-rootdissolve-dn3-prune0.97,manifold,57,LPC 22:6,LPC_22-6,0,0.8743241429328918,0.5081304710078804,0.2494937913045565,0.8537811636924744,785.2924045562744
FOLD-7-learnls-manifold-nu2-K100-stride4-learnls-bs1.0-bd0.01-bw0.1-knn15-faiss_atlas_weighted-5-randomwalk-ind1000-lr0.05-ep20-lbs10-blend0.8-infl50-rootdissolve-dn3-prune0.9710,fold_7,learnls-manifold-nu2-K100-stride4-learnls-bs1.0-bd0.01-bw0.1-knn15-faiss_atlas_weighted-5-randomwalk-ind1000-lr0.05-ep20-lbs10-blend0.8-infl50-rootdissolve-dn3-prune0.97,manifold,86,PE O-36:0 PE O-38:3,PE_O-36-0_PE_O-38-3,0,0.8653050065040588,0.5521067510381947,0.3019110937862244,0.8181440234184265,785.2924045562744
FOLD-7-learnls-manifold-nu2-K100-stride4-learnls-bs1.0-bd0.01-bw0.1-knn15-faiss_atlas_weighted-5-randomwalk-ind1000-lr0.05-ep20-lbs10-blend0.8-infl50-rootdissolve-dn3-prune0.9710,fold_7,learnls-manifold-nu2-K100-stride4-learnls-bs1.0-bd0.01-bw0.1-knn15-faiss_atlas_weighted-5-randomwalk-ind1000-lr0.05-ep20-lbs10-blend0.8-infl50-rootdissolve-dn3-prune0.97,manifold,171,Hex2Cer 40:1;O2,Hex2Cer_40-1_O2,0,0.7554510235786438,0.6886345322499977,0.4678218615903317,0.713585376739502,785.2924045562744
FOLD-7-learnls-manifold-nu2-K100-stride4-learnls-bs1.0-bd0.01-bw0.1-knn15-faiss_atlas_weighted-5-randomwalk-ind1000-lr0.05-ep20-lbs10-blend0.8-infl50-rootdissolve-dn310,fold_7,learnls-manifold-nu2-K100-stride4-learnls-bs1.0-bd0.01-bw0.1-knn15-faiss_atlas_weighted-5-randomwalk-ind1000-lr0.05-ep20-lbs10-blend0.8-infl50-rootdissolve-dn3,manifold,97,PC 35:1 PE 38:1,PC_35-1_PE_38-1,0,1.058105707168579,0.1298428203857146,0.0037205202720301,0.9882401823997498,690.6758100509644
FOLD-7-learnls-manifold-nu2-K100-stride4-learnls-bs1.0-bd0.01-bw0.1-knn15-faiss_atlas_weighted-5-randomwalk-ind1000-lr0.05-ep20-lbs10-blend0.8-infl50-rootdissolve-dn310,fold_7,learnls-manifold-nu2-K100-stride4-learnls-bs1.0-bd0.01-bw0.1-knn15-faiss_atlas_weighted-5-randomwalk-ind1000-lr0.05-ep20-lbs10-blend0.8-infl50-rootdissolve-dn3,manifold,18,PA 36:1,PA_36-1,0,0.9825628995895386,0.4551592259941379,0.1865108376274052,0.8962656259536743,690.6758100509644
FOLD-7-learnls-manifold-nu2-K100-stride4-learnls-bs1.0-bd0.01-bw0.1-knn15-faiss_atlas_weighted-5-randomwalk-ind1000-lr0.05-ep20-lbs10-blend0.8-infl50-rootdissolve-dn310,fold_7,learnls-manifold-nu2-K100-stride4-learnls-bs1.0-bd0.01-bw0.1-knn15-faiss_atlas_weighted-5-randomwalk-ind1000-lr0.05-ep20-lbs10-blend0.8-infl50-rootdissolve-dn3,manifold,57,LPC 22:6,LPC_22-6,0,0.8834894299507141,0.4909883239529338,0.233676575135872,0.8656189441680908,690.6758100509644
FOLD-7-learnls-manifold-nu2-K100-stride4-learnls-bs1.0-bd0.01-bw0.1-knn15-faiss_atlas_weighted-5-randomwalk-ind1000-lr0.05-ep20-lbs10-blend0.8-infl50-rootdissolve-dn310,fold_7,learnls-manifold-nu2-K100-stride4-learnls-bs1.0-bd0.01-bw0.1-knn15-faiss_atlas_weighted-5-randomwalk-ind1000-lr0.05-ep20-lbs10-blend0.8-infl50-rootdissolve-dn3,manifold,86,PE O-36:0 PE O-38:3,PE_O-36-0_PE_O-38-3,0,0.8659370541572571,0.5505218572810531,0.3008909554142431,0.8201391696929932,690.6758100509644
FOLD-7-learnls-manifold-nu2-K100-stride4-learnls-bs1.0-bd0.01-bw0.1-knn15-faiss_atlas_weighted-5-randomwalk-ind1000-lr0.05-ep20-lbs10-blend0.8-infl50-rootdissolve-dn310,fold_7,learnls-manifold-nu2-K100-stride4-learnls-bs1.0-bd0.01-bw0.1-knn15-faiss_atlas_weighted-5-randomwalk-ind1000-lr0.05-ep20-lbs10-blend0.8-infl50-rootdissolve-dn3,manifold,171,Hex2Cer 40:1;O2,Hex2Cer_40-1_O2,0,0.7617906928062439,0.6804442802628483,0.4588523923047364,0.7183216214179993,690.6758100509644
FOLD-7-learnls-manifold-nu2-K1300-stride4-learnls-bs1.0-bd0.01-bw0.1-knn15-faiss_atlas_weighted-5-randomwalk-ind1000-lr0.05-ep20-lbs10-blend0.8-infl50-ptls-rootdissolve-dn3-prune0.910,fold_7,learnls-manifold-nu2-K1300-stride4-learnls-bs1.0-bd0.01-bw0.1-knn15-faiss_atlas_weighted-5-randomwalk-ind1000-lr0.05-ep20-lbs10-blend0.8-infl50-ptls-rootdissolve-dn3-prune0.9,manifold,97,PC 35:1 PE 38:1,PC_35-1_PE_38-1,0,1.0687309503555298,0.1371493335148271,-0.0163888198624795,0.9608038663864136,1033.9152423858643
FOLD-7-learnls-manifold-nu2-K1300-stride4-learnls-bs1.0-bd0.01-bw0.1-knn15-faiss_atlas_weighted-5-randomwalk-ind1000-lr0.05-ep20-lbs10-blend0.8-infl50-ptls-rootdissolve-dn3-prune0.910,fold_7,learnls-manifold-nu2-K1300-stride4-learnls-bs1.0-bd0.01-bw0.1-knn15-faiss_atlas_weighted-5-randomwalk-ind1000-lr0.05-ep20-lbs10-blend0.8-infl50-ptls-rootdissolve-dn3-prune0.9,manifold,18,PA 36:1,PA_36-1,0,0.9473688006401062,0.5237386596422982,0.24374340631076,0.8271570801734924,1033.9152423858643
FOLD-7-learnls-manifold-nu2-K1300-stride4-learnls-bs1.0-bd0.01-bw0.1-knn15-faiss_atlas_weighted-5-randomwalk-ind1000-lr0.05-ep20-lbs10-blend0.8-infl50-ptls-rootdissolve-dn3-prune0.910,fold_7,learnls-manifold-nu2-K1300-stride4-learnls-bs1.0-bd0.01-bw0.1-knn15-faiss_atlas_weighted-5-randomwalk-ind1000-lr0.05-ep20-lbs10-blend0.8-infl50-ptls-rootdissolve-dn3-prune0.9,manifold,57,LPC 22:6,LPC_22-6,0,0.8145602345466614,0.598694266121471,0.3485879648839007,0.7614977359771729,1033.9152423858643
FOLD-7-learnls-manifold-nu2-K1300-stride4-learnls-bs1.0-bd0.01-bw0.1-knn15-faiss_atlas_weighted-5-randomwalk-ind1000-lr0.05-ep20-lbs10-blend0.8-infl50-ptls-rootdissolve-dn3-prune0.910,fold_7,learnls-manifold-nu2-K1300-stride4-learnls-bs1.0-bd0.01-bw0.1-knn15-faiss_atlas_weighted-5-randomwalk-ind1000-lr0.05-ep20-lbs10-blend0.8-infl50-ptls-rootdissolve-dn3-prune0.9,manifold,86,PE O-36:0 PE O-38:3,PE_O-36-0_PE_O-38-3,0,0.7867676615715027,0.6533108539867422,0.42288109047902,0.7166656851768494,1033.9152423858643
FOLD-7-learnls-manifold-nu2-K1300-stride4-learnls-bs1.0-bd0.01-bw0.1-knn15-faiss_atlas_weighted-5-randomwalk-ind1000-lr0.05-ep20-lbs10-blend0.8-infl50-ptls-rootdissolve-dn3-prune0.910,fold_7,learnls-manifold-nu2-K1300-stride4-learnls-bs1.0-bd0.01-bw0.1-knn15-faiss_atlas_weighted-5-randomwalk-ind1000-lr0.05-ep20-lbs10-blend0.8-infl50-ptls-rootdissolve-dn3-prune0.9,manifold,171,Hex2Cer 40:1;O2,Hex2Cer_40-1_O2,0,0.6449860334396362,0.7869004424119131,0.6120774789817451,0.6000931859016418,1033.9152423858643
FOLD-7-learnls-manifold-nu2-K1300-stride4-learnls-bs1.0-bd0.01-bw0.1-knn15-faiss_atlas_weighted-5-randomwalk-ind1000-lr0.05-ep20-lbs10-blend0.8-infl50-ptls-rootdissolve-dn3-prune0.9510,fold_7,learnls-manifold-nu2-K1300-stride4-learnls-bs1.0-bd0.01-bw0.1-knn15-faiss_atlas_weighted-5-randomwalk-ind1000-lr0.05-ep20-lbs10-blend0.8-infl50-ptls-rootdissolve-dn3-prune0.95,manifold,97,PC 35:1 PE 38:1,PC_35-1_PE_38-1,0,1.0676416158676147,0.1376863748505566,-0.0143178741160094,0.962953507900238,983.5124282836914
FOLD-7-learnls-manifold-nu2-K1300-stride4-learnls-bs1.0-bd0.01-bw0.1-knn15-faiss_atlas_weighted-5-randomwalk-ind1000-lr0.05-ep20-lbs10-blend0.8-infl50-ptls-rootdissolve-dn3-prune0.9510,fold_7,learnls-manifold-nu2-K1300-stride4-learnls-bs1.0-bd0.01-bw0.1-knn15-faiss_atlas_weighted-5-randomwalk-ind1000-lr0.05-ep20-lbs10-blend0.8-infl50-ptls-rootdissolve-dn3-prune0.95,manifold,18,PA 36:1,PA_36-1,0,0.9471171498298644,0.5230204916282902,0.2441451309147027,0.8293638229370117,983.5124282836914
FOLD-7-learnls-manifold-nu2-K1300-stride4-learnls-bs1.0-bd0.01-bw0.1-knn15-faiss_atlas_weighted-5-randomwalk-ind1000-lr0.05-ep20-lbs10-blend0.8-infl50-ptls-rootdissolve-dn3-prune0.9510,fold_7,learnls-manifold-nu2-K1300-stride4-learnls-bs1.0-bd0.01-bw0.1-knn15-faiss_atlas_weighted-5-randomwalk-ind1000-lr0.05-ep20-lbs10-blend0.8-infl50-ptls-rootdissolve-dn3-prune0.95,manifold,57,LPC 22:6,LPC_22-6,0,0.816061794757843,0.5978206442141891,0.3461841442185732,0.7637650370597839,983.5124282836914
FOLD-7-learnls-manifold-nu2-K1300-stride4-learnls-bs1.0-bd0.01-bw0.1-knn15-faiss_atlas_weighted-5-randomwalk-ind1000-lr0.05-ep20-lbs10-blend0.8-infl50-ptls-rootdissolve-dn3-prune0.9510,fold_7,learnls-manifold-nu2-K1300-stride4-learnls-bs1.0-bd0.01-bw0.1-knn15-faiss_atlas_weighted-5-randomwalk-ind1000-lr0.05-ep20-lbs10-blend0.8-infl50-ptls-rootdissolve-dn3-prune0.95,manifold,86,PE O-36:0 PE O-38:3,PE_O-36-0_PE_O-38-3,0,0.78751540184021,0.6529057560675002,0.4217835930709698,0.7197918891906738,983.5124282836914
FOLD-7-learnls-manifold-nu2-K1300-stride4-learnls-bs1.0-bd0.01-bw0.1-knn15-faiss_atlas_weighted-5-randomwalk-ind1000-lr0.05-ep20-lbs10-blend0.8-infl50-ptls-rootdissolve-dn3-prune0.9510,fold_7,learnls-manifold-nu2-K1300-stride4-learnls-bs1.0-bd0.01-bw0.1-knn15-faiss_atlas_weighted-5-randomwalk-ind1000-lr0.05-ep20-lbs10-blend0.8-infl50-ptls-rootdissolve-dn3-prune0.95,manifold,171,Hex2Cer 40:1;O2,Hex2Cer_40-1_O2,0,0.6465070247650146,0.7859650093003658,0.6102457012473336,0.5997194051742554,983.5124282836914
FOLD-7-learnls-manifold-nu2-K1300-stride4-learnls-bs1.0-bd0.01-bw0.1-knn15-faiss_atlas_weighted-5-randomwalk-ind1000-lr0.05-ep20-lbs10-blend0.8-infl50-ptls-rootdissolve-dn3-prune0.9710,fold_7,learnls-manifold-nu2-K1300-stride4-learnls-bs1.0-bd0.01-bw0.1-knn15-faiss_atlas_weighted-5-randomwalk-ind1000-lr0.05-ep20-lbs10-blend0.8-infl50-ptls-rootdissolve-dn3-prune0.97,manifold,97,PC 35:1 PE 38:1,PC_35-1_PE_38-1,0,1.067107319831848,0.1370624772258826,-0.0133028310137965,0.9632733464241028,1797.0466435432434
FOLD-7-learnls-manifold-nu2-K1300-stride4-learnls-bs1.0-bd0.01-bw0.1-knn15-faiss_atlas_weighted-5-randomwalk-ind1000-lr0.05-ep20-lbs10-blend0.8-infl50-ptls-rootdissolve-dn3-prune0.9710,fold_7,learnls-manifold-nu2-K1300-stride4-learnls-bs1.0-bd0.01-bw0.1-knn15-faiss_atlas_weighted-5-randomwalk-ind1000-lr0.05-ep20-lbs10-blend0.8-infl50-ptls-rootdissolve-dn3-prune0.97,manifold,18,PA 36:1,PA_36-1,0,0.944553017616272,0.5260055878716261,0.2482322373640937,0.830044686794281,1797.0466435432434
FOLD-7-learnls-manifold-nu2-K1300-stride4-learnls-bs1.0-bd0.01-bw0.1-knn15-faiss_atlas_weighted-5-randomwalk-ind1000-lr0.05-ep20-lbs10-blend0.8-infl50-ptls-rootdissolve-dn3-prune0.9710,fold_7,learnls-manifold-nu2-K1300-stride4-learnls-bs1.0-bd0.01-bw0.1-knn15-faiss_atlas_weighted-5-randomwalk-ind1000-lr0.05-ep20-lbs10-blend0.8-infl50-ptls-rootdissolve-dn3-prune0.97,manifold,57,LPC 22:6,LPC_22-6,0,0.8146015405654907,0.5992043483603758,0.3485219328318156,0.7636292576789856,1797.0466435432434
FOLD-7-learnls-manifold-nu2-K1300-stride4-learnls-bs1.0-bd0.01-bw0.1-knn15-faiss_atlas_weighted-5-randomwalk-ind1000-lr0.05-ep20-lbs10-blend0.8-infl50-ptls-rootdissolve-dn3-prune0.9710,fold_7,learnls-manifold-nu2-K1300-stride4-learnls-bs1.0-bd0.01-bw0.1-knn15-faiss_atlas_weighted-5-randomwalk-ind1000-lr0.05-ep20-lbs10-blend0.8-infl50-ptls-rootdissolve-dn3-prune0.97,manifold,86,PE O-36:0 PE O-38:3,PE_O-36-0_PE_O-38-3,0,0.7869400382041931,0.6533356820746298,0.4226281511522004,0.7203000783920288,1797.0466435432434
FOLD-7-learnls-manifold-nu2-K1300-stride4-learnls-bs1.0-bd0.01-bw0.1-knn15-faiss_atlas_weighted-5-randomwalk-ind1000-lr0.05-ep20-lbs10-blend0.8-infl50-ptls-rootdissolve-dn3-prune0.9710,fold_7,learnls-manifold-nu2-K1300-stride4-learnls-bs1.0-bd0.01-bw0.1-knn15-faiss_atlas_weighted-5-randomwalk-ind1000-lr0.05-ep20-lbs10-blend0.8-infl50-ptls-rootdissolve-dn3-prune0.97,manifold,171,Hex2Cer 40:1;O2,Hex2Cer_40-1_O2,0,0.647139847278595,0.7854960851879501,0.6094823549901425,0.5997065901756287,1797.0466435432434
FOLD-7-learnls-manifold-nu2-K1300-stride4-learnls-bs1.0-bd0.01-bw0.1-knn15-faiss_atlas_weighted-5-randomwalk-ind1000-lr0.05-ep20-lbs10-blend0.8-infl50-ptls-rootdissolve-dn310,fold_7,learnls-manifold-nu2-K1300-stride4-learnls-bs1.0-bd0.01-bw0.1-knn15-faiss_atlas_weighted-5-randomwalk-ind1000-lr0.05-ep20-lbs10-blend0.8-infl50-ptls-rootdissolve-dn3,manifold,97,PC 35:1 PE 38:1,PC_35-1_PE_38-1,0,1.073458552360535,0.1234172596500088,-0.0254008234751534,0.9600015878677368,1005.4783073425292
FOLD-7-learnls-manifold-nu2-K1300-stride4-learnls-bs1.0-bd0.01-bw0.1-knn15-faiss_atlas_weighted-5-randomwalk-ind1000-lr0.05-ep20-lbs10-blend0.8-infl50-ptls-rootdissolve-dn310,fold_7,learnls-manifold-nu2-K1300-stride4-learnls-bs1.0-bd0.01-bw0.1-knn15-faiss_atlas_weighted-5-randomwalk-ind1000-lr0.05-ep20-lbs10-blend0.8-infl50-ptls-rootdissolve-dn3,manifold,18,PA 36:1,PA_36-1,0,0.9509448409080504,0.518675428435286,0.2380233536484354,0.8381581902503967,1005.4783073425292
FOLD-7-learnls-manifold-nu2-K1300-stride4-learnls-bs1.0-bd0.01-bw0.1-knn15-faiss_atlas_weighted-5-randomwalk-ind1000-lr0.05-ep20-lbs10-blend0.8-infl50-ptls-rootdissolve-dn310,fold_7,learnls-manifold-nu2-K1300-stride4-learnls-bs1.0-bd0.01-bw0.1-knn15-faiss_atlas_weighted-5-randomwalk-ind1000-lr0.05-ep20-lbs10-blend0.8-infl50-ptls-rootdissolve-dn3,manifold,57,LPC 22:6,LPC_22-6,0,0.8189093470573425,0.5932061214176318,0.3416133293824155,0.7675681114196777,1005.4783073425292
FOLD-7-learnls-manifold-nu2-K1300-stride4-learnls-bs1.0-bd0.01-bw0.1-knn15-faiss_atlas_weighted-5-randomwalk-ind1000-lr0.05-ep20-lbs10-blend0.8-infl50-ptls-rootdissolve-dn310,fold_7,learnls-manifold-nu2-K1300-stride4-learnls-bs1.0-bd0.01-bw0.1-knn15-faiss_atlas_weighted-5-randomwalk-ind1000-lr0.05-ep20-lbs10-blend0.8-infl50-ptls-rootdissolve-dn3,manifold,86,PE O-36:0 PE O-38:3,PE_O-36-0_PE_O-38-3,0,0.788240373134613,0.6520155438750442,0.4207185346039992,0.7195865511894226,1005.4783073425292
FOLD-7-learnls-manifold-nu2-K1300-stride4-learnls-bs1.0-bd0.01-bw0.1-knn15-faiss_atlas_weighted-5-randomwalk-ind1000-lr0.05-ep20-lbs10-blend0.8-infl50-ptls-rootdissolve-dn310,fold_7,learnls-manifold-nu2-K1300-stride4-learnls-bs1.0-bd0.01-bw0.1-knn15-faiss_atlas_weighted-5-randomwalk-ind1000-lr0.05-ep20-lbs10-blend0.8-infl50-ptls-rootdissolve-dn3,manifold,171,Hex2Cer 40:1;O2,Hex2Cer_40-1_O2,0,0.6489465832710266,0.7847077332486646,0.6072986950144046,0.5949863791465759,1005.4783073425292
FOLD-7-learnls-manifold-nu2-K1300-stride4-learnls-bs1.0-bd0.01-bw0.1-knn15-faiss_atlas_weighted-5-randomwalk-ind1000-lr0.05-ep20-lbs10-blend0.8-infl50-rootdissolve-dn3-prune0.910,fold_7,learnls-manifold-nu2-K1300-stride4-learnls-bs1.0-bd0.01-bw0.1-knn15-faiss_atlas_weighted-5-randomwalk-ind1000-lr0.05-ep20-lbs10-blend0.8-infl50-rootdissolve-dn3-prune0.9,manifold,97,PC 35:1 PE 38:1,PC_35-1_PE_38-1,0,1.0685100555419922,0.1383160304645035,-0.0159684845172836,0.9607692956924438,1485.8278104782105
FOLD-7-learnls-manifold-nu2-K1300-stride4-learnls-bs1.0-bd0.01-bw0.1-knn15-faiss_atlas_weighted-5-randomwalk-ind1000-lr0.05-ep20-lbs10-blend0.8-infl50-rootdissolve-dn3-prune0.910,fold_7,learnls-manifold-nu2-K1300-stride4-learnls-bs1.0-bd0.01-bw0.1-knn15-faiss_atlas_weighted-5-randomwalk-ind1000-lr0.05-ep20-lbs10-blend0.8-infl50-rootdissolve-dn3-prune0.9,manifold,18,PA 36:1,PA_36-1,0,0.9475280046463012,0.5239525225433197,0.2434892495618739,0.8269706964492798,1485.8278104782105
FOLD-7-learnls-manifold-nu2-K1300-stride4-learnls-bs1.0-bd0.01-bw0.1-knn15-faiss_atlas_weighted-5-randomwalk-ind1000-lr0.05-ep20-lbs10-blend0.8-infl50-rootdissolve-dn3-prune0.910,fold_7,learnls-manifold-nu2-K1300-stride4-learnls-bs1.0-bd0.01-bw0.1-knn15-faiss_atlas_weighted-5-randomwalk-ind1000-lr0.05-ep20-lbs10-blend0.8-infl50-rootdissolve-dn3-prune0.9,manifold,57,LPC 22:6,LPC_22-6,0,0.8147866725921631,0.5985381586151978,0.3482257409827994,0.7618576884269714,1485.8278104782105
FOLD-7-learnls-manifold-nu2-K1300-stride4-learnls-bs1.0-bd0.01-bw0.1-knn15-faiss_atlas_weighted-5-randomwalk-ind1000-lr0.05-ep20-lbs10-blend0.8-infl50-rootdissolve-dn3-prune0.910,fold_7,learnls-manifold-nu2-K1300-stride4-learnls-bs1.0-bd0.01-bw0.1-knn15-faiss_atlas_weighted-5-randomwalk-ind1000-lr0.05-ep20-lbs10-blend0.8-infl50-rootdissolve-dn3-prune0.9,manifold,86,PE O-36:0 PE O-38:3,PE_O-36-0_PE_O-38-3,0,0.786131739616394,0.6535951463338195,0.4238136195919145,0.718021810054779,1485.8278104782105
FOLD-7-learnls-manifold-nu2-K1300-stride4-learnls-bs1.0-bd0.01-bw0.1-knn15-faiss_atlas_weighted-5-randomwalk-ind1000-lr0.05-ep20-lbs10-blend0.8-infl50-rootdissolve-dn3-prune0.910,fold_7,learnls-manifold-nu2-K1300-stride4-learnls-bs1.0-bd0.01-bw0.1-knn15-faiss_atlas_weighted-5-randomwalk-ind1000-lr0.05-ep20-lbs10-blend0.8-infl50-rootdissolve-dn3-prune0.9,manifold,171,Hex2Cer 40:1;O2,Hex2Cer_40-1_O2,0,0.6457739472389221,0.7863404281825278,0.6111290854824785,0.5975764393806458,1485.8278104782105
FOLD-7-learnls-manifold-nu2-K1300-stride4-learnls-bs1.0-bd0.01-bw0.1-knn15-faiss_atlas_weighted-5-randomwalk-ind1000-lr0.05-ep20-lbs10-blend0.8-infl50-rootdissolve-dn3-prune0.9510,fold_7,learnls-manifold-nu2-K1300-stride4-learnls-bs1.0-bd0.01-bw0.1-knn15-faiss_atlas_weighted-5-randomwalk-ind1000-lr0.05-ep20-lbs10-blend0.8-infl50-rootdissolve-dn3-prune0.95,manifold,97,PC 35:1 PE 38:1,PC_35-1_PE_38-1,0,1.0674294233322144,0.1392341366299849,-0.0139145731714405,0.9620382189750672,824.1402550697327
FOLD-7-learnls-manifold-nu2-K1300-stride4-learnls-bs1.0-bd0.01-bw0.1-knn15-faiss_atlas_weighted-5-randomwalk-ind1000-lr0.05-ep20-lbs10-blend0.8-infl50-rootdissolve-dn3-prune0.9510,fold_7,learnls-manifold-nu2-K1300-stride4-learnls-bs1.0-bd0.01-bw0.1-knn15-faiss_atlas_weighted-5-randomwalk-ind1000-lr0.05-ep20-lbs10-blend0.8-infl50-rootdissolve-dn3-prune0.95,manifold,18,PA 36:1,PA_36-1,0,0.9475138783454896,0.5230996715866468,0.2435118097878684,0.829258382320404,824.1402550697327
FOLD-7-learnls-manifold-nu2-K1300-stride4-learnls-bs1.0-bd0.01-bw0.1-knn15-faiss_atlas_weighted-5-randomwalk-ind1000-lr0.05-ep20-lbs10-blend0.8-infl50-rootdissolve-dn3-prune0.9510,fold_7,learnls-manifold-nu2-K1300-stride4-learnls-bs1.0-bd0.01-bw0.1-knn15-faiss_atlas_weighted-5-randomwalk-ind1000-lr0.05-ep20-lbs10-blend0.8-infl50-rootdissolve-dn3-prune0.95,manifold,57,LPC 22:6,LPC_22-6,0,0.8161999583244324,0.5976417204455233,0.3459626828746571,0.7639761567115784,824.1402550697327
FOLD-7-learnls-manifold-nu2-K1300-stride4-learnls-bs1.0-bd0.01-bw0.1-knn15-faiss_atlas_weighted-5-randomwalk-ind1000-lr0.05-ep20-lbs10-blend0.8-infl50-rootdissolve-dn3-prune0.9510,fold_7,learnls-manifold-nu2-K1300-stride4-learnls-bs1.0-bd0.01-bw0.1-knn15-faiss_atlas_weighted-5-randomwalk-ind1000-lr0.05-ep20-lbs10-blend0.8-infl50-rootdissolve-dn3-prune0.95,manifold,86,PE O-36:0 PE O-38:3,PE_O-36-0_PE_O-38-3,0,0.7871145009994507,0.6530847542490392,0.422372076463046,0.7198367714881897,824.1402550697327
FOLD-7-learnls-manifold-nu2-K1300-stride4-learnls-bs1.0-bd0.01-bw0.1-knn15-faiss_atlas_weighted-5-randomwalk-ind1000-lr0.05-ep20-lbs10-blend0.8-infl50-rootdissolve-dn3-prune0.9510,fold_7,learnls-manifold-nu2-K1300-stride4-learnls-bs1.0-bd0.01-bw0.1-knn15-faiss_atlas_weighted-5-randomwalk-ind1000-lr0.05-ep20-lbs10-blend0.8-infl50-rootdissolve-dn3-prune0.95,manifold,171,Hex2Cer 40:1;O2,Hex2Cer_40-1_O2,0,0.6467041969299316,0.7856043572696039,0.610007947050859,0.5976653099060059,824.1402550697327
FOLD-7-learnls-manifold-nu2-K1300-stride4-learnls-bs1.0-bd0.01-bw0.1-knn15-faiss_atlas_weighted-5-randomwalk-ind1000-lr0.05-ep20-lbs10-blend0.8-infl50-rootdissolve-dn3-prune0.9710,fold_7,learnls-manifold-nu2-K1300-stride4-learnls-bs1.0-bd0.01-bw0.1-knn15-faiss_atlas_weighted-5-randomwalk-ind1000-lr0.05-ep20-lbs10-blend0.8-infl50-rootdissolve-dn3-prune0.97,manifold,97,PC 35:1 PE 38:1,PC_35-1_PE_38-1,0,1.0669591426849363,0.1383269372491883,-0.0130215332088516,0.9624429941177368,541.5273586273194
FOLD-7-learnls-manifold-nu2-K1300-stride4-learnls-bs1.0-bd0.01-bw0.1-knn15-faiss_atlas_weighted-5-randomwalk-ind1000-lr0.05-ep20-lbs10-blend0.8-infl50-rootdissolve-dn3-prune0.9710,fold_7,learnls-manifold-nu2-K1300-stride4-learnls-bs1.0-bd0.01-bw0.1-knn15-faiss_atlas_weighted-5-randomwalk-ind1000-lr0.05-ep20-lbs10-blend0.8-infl50-rootdissolve-dn3-prune0.97,manifold,18,PA 36:1,PA_36-1,0,0.9452475309371948,0.5260359703496666,0.2471262958506621,0.8297833204269409,541.5273586273194
FOLD-7-learnls-manifold-nu2-K1300-stride4-learnls-bs1.0-bd0.01-bw0.1-knn15-faiss_atlas_weighted-5-randomwalk-ind1000-lr0.05-ep20-lbs10-blend0.8-infl50-rootdissolve-dn3-prune0.9710,fold_7,learnls-manifold-nu2-K1300-stride4-learnls-bs1.0-bd0.01-bw0.1-knn15-faiss_atlas_weighted-5-randomwalk-ind1000-lr0.05-ep20-lbs10-blend0.8-infl50-rootdissolve-dn3-prune0.97,manifold,57,LPC 22:6,LPC_22-6,0,0.814354419708252,0.5993000129060396,0.3489171092666017,0.763971209526062,541.5273586273194
FOLD-7-learnls-manifold-nu2-K1300-stride4-learnls-bs1.0-bd0.01-bw0.1-knn15-faiss_atlas_weighted-5-randomwalk-ind1000-lr0.05-ep20-lbs10-blend0.8-infl50-rootdissolve-dn3-prune0.9710,fold_7,learnls-manifold-nu2-K1300-stride4-learnls-bs1.0-bd0.01-bw0.1-knn15-faiss_atlas_weighted-5-randomwalk-ind1000-lr0.05-ep20-lbs10-blend0.8-infl50-rootdissolve-dn3-prune0.97,manifold,86,PE O-36:0 PE O-38:3,PE_O-36-0_PE_O-38-3,0,0.7866230010986328,0.6534427431060239,0.4230932700954868,0.7201493978500366,541.5273586273194
FOLD-7-learnls-manifold-nu2-K1300-stride4-learnls-bs1.0-bd0.01-bw0.1-knn15-faiss_atlas_weighted-5-randomwalk-ind1000-lr0.05-ep20-lbs10-blend0.8-infl50-rootdissolve-dn3-prune0.9710,fold_7,learnls-manifold-nu2-K1300-stride4-learnls-bs1.0-bd0.01-bw0.1-knn15-faiss_atlas_weighted-5-randomwalk-ind1000-lr0.05-ep20-lbs10-blend0.8-infl50-rootdissolve-dn3-prune0.97,manifold,171,Hex2Cer 40:1;O2,Hex2Cer_40-1_O2,0,0.6470677256584167,0.7851248265840397,0.609569375739797,0.5984273552894592,541.5273586273194
FOLD-7-learnls-manifold-nu2-K1300-stride4-learnls-bs1.0-bd0.01-bw0.1-knn15-faiss_atlas_weighted-5-randomwalk-ind1000-lr0.05-ep20-lbs10-blend0.8-infl50-rootdissolve-dn310,fold_7,learnls-manifold-nu2-K1300-stride4-learnls-bs1.0-bd0.01-bw0.1-knn15-faiss_atlas_weighted-5-randomwalk-ind1000-lr0.05-ep20-lbs10-blend0.8-infl50-rootdissolve-dn3,manifold,97,PC 35:1 PE 38:1,PC_35-1_PE_38-1,0,1.0720877647399902,0.1255045341071748,-0.0227836259356115,0.9606814980506896,498.4960698127746
FOLD-7-learnls-manifold-nu2-K1300-stride4-learnls-bs1.0-bd0.01-bw0.1-knn15-faiss_atlas_weighted-5-randomwalk-ind1000-lr0.05-ep20-lbs10-blend0.8-infl50-rootdissolve-dn310,fold_7,learnls-manifold-nu2-K1300-stride4-learnls-bs1.0-bd0.01-bw0.1-knn15-faiss_atlas_weighted-5-randomwalk-ind1000-lr0.05-ep20-lbs10-blend0.8-infl50-rootdissolve-dn3,manifold,18,PA 36:1,PA_36-1,0,0.9509585499763488,0.518497963513441,0.2380013383554358,0.837966799736023,498.4960698127746
FOLD-7-learnls-manifold-nu2-K1300-stride4-learnls-bs1.0-bd0.01-bw0.1-knn15-faiss_atlas_weighted-5-randomwalk-ind1000-lr0.05-ep20-lbs10-blend0.8-infl50-rootdissolve-dn310,fold_7,learnls-manifold-nu2-K1300-stride4-learnls-bs1.0-bd0.01-bw0.1-knn15-faiss_atlas_weighted-5-randomwalk-ind1000-lr0.05-ep20-lbs10-blend0.8-infl50-rootdissolve-dn3,manifold,57,LPC 22:6,LPC_22-6,0,0.8191369771957397,0.5930996569523539,0.3412472959398478,0.7674893736839294,498.4960698127746
FOLD-7-learnls-manifold-nu2-K1300-stride4-learnls-bs1.0-bd0.01-bw0.1-knn15-faiss_atlas_weighted-5-randomwalk-ind1000-lr0.05-ep20-lbs10-blend0.8-infl50-rootdissolve-dn310,fold_7,learnls-manifold-nu2-K1300-stride4-learnls-bs1.0-bd0.01-bw0.1-knn15-faiss_atlas_weighted-5-randomwalk-ind1000-lr0.05-ep20-lbs10-blend0.8-infl50-rootdissolve-dn3,manifold,86,PE O-36:0 PE O-38:3,PE_O-36-0_PE_O-38-3,0,0.788154661655426,0.6519571722810937,0.4208444917562581,0.719086766242981,498.4960698127746
FOLD-7-learnls-manifold-nu2-K1300-stride4-learnls-bs1.0-bd0.01-bw0.1-knn15-faiss_atlas_weighted-5-randomwalk-ind1000-lr0.05-ep20-lbs10-blend0.8-infl50-rootdissolve-dn310,fold_7,learnls-manifold-nu2-K1300-stride4-learnls-bs1.0-bd0.01-bw0.1-knn15-faiss_atlas_weighted-5-randomwalk-ind1000-lr0.05-ep20-lbs10-blend0.8-infl50-rootdissolve-dn3,manifold,171,Hex2Cer 40:1;O2,Hex2Cer_40-1_O2,0,0.6486075520515442,0.7844228764613544,0.607708922768753,0.5968302488327026,498.4960698127746
FOLD-7-learnls-manifold-nu2-K300-stride4-learnls-bs1.0-bd0.01-bw0.1-knn15-faiss_atlas_weighted-5-randomwalk-ind1000-lr0.05-ep20-lbs10-blend0.8-infl50-ptls-rootdissolve-dn3-prune0.910,fold_7,learnls-manifold-nu2-K300-stride4-learnls-bs1.0-bd0.01-bw0.1-knn15-faiss_atlas_weighted-5-randomwalk-ind1000-lr0.05-ep20-lbs10-blend0.8-infl50-ptls-rootdissolve-dn3-prune0.9,manifold,97,PC 35:1 PE 38:1,PC_35-1_PE_38-1,0,1.0631967782974243,0.1275077510143851,-0.0058897591140085,0.9707456231117249,2710.9184814453124
FOLD-7-learnls-manifold-nu2-K300-stride4-learnls-bs1.0-bd0.01-bw0.1-knn15-faiss_atlas_weighted-5-randomwalk-ind1000-lr0.05-ep20-lbs10-blend0.8-infl50-ptls-rootdissolve-dn3-prune0.910,fold_7,learnls-manifold-nu2-K300-stride4-learnls-bs1.0-bd0.01-bw0.1-knn15-faiss_atlas_weighted-5-randomwalk-ind1000-lr0.05-ep20-lbs10-blend0.8-infl50-ptls-rootdissolve-dn3-prune0.9,manifold,18,PA 36:1,PA_36-1,0,0.9607832431793212,0.5030092241933879,0.2221750673537181,0.8654388189315796,2710.9184814453124
FOLD-7-learnls-manifold-nu2-K300-stride4-learnls-bs1.0-bd0.01-bw0.1-knn15-faiss_atlas_weighted-5-randomwalk-ind1000-lr0.05-ep20-lbs10-blend0.8-infl50-ptls-rootdissolve-dn3-prune0.910,fold_7,learnls-manifold-nu2-K300-stride4-learnls-bs1.0-bd0.01-bw0.1-knn15-faiss_atlas_weighted-5-randomwalk-ind1000-lr0.05-ep20-lbs10-blend0.8-infl50-ptls-rootdissolve-dn3-prune0.9,manifold,57,LPC 22:6,LPC_22-6,0,0.8428159356117249,0.5588612234741976,0.3026113708336553,0.8027874827384949,2710.9184814453124
FOLD-7-learnls-manifold-nu2-K300-stride4-learnls-bs1.0-bd0.01-bw0.1-knn15-faiss_atlas_weighted-5-randomwalk-ind1000-lr0.05-ep20-lbs10-blend0.8-infl50-ptls-rootdissolve-dn3-prune0.910,fold_7,learnls-manifold-nu2-K300-stride4-learnls-bs1.0-bd0.01-bw0.1-knn15-faiss_atlas_weighted-5-randomwalk-ind1000-lr0.05-ep20-lbs10-blend0.8-infl50-ptls-rootdissolve-dn3-prune0.9,manifold,86,PE O-36:0 PE O-38:3,PE_O-36-0_PE_O-38-3,0,0.8157121539115906,0.617599075700995,0.37963660547585,0.7630723118782043,2710.9184814453124
FOLD-7-learnls-manifold-nu2-K300-stride4-learnls-bs1.0-bd0.01-bw0.1-knn15-faiss_atlas_weighted-5-randomwalk-ind1000-lr0.05-ep20-lbs10-blend0.8-infl50-ptls-rootdissolve-dn3-prune0.910,fold_7,learnls-manifold-nu2-K300-stride4-learnls-bs1.0-bd0.01-bw0.1-knn15-faiss_atlas_weighted-5-randomwalk-ind1000-lr0.05-ep20-lbs10-blend0.8-infl50-ptls-rootdissolve-dn3-prune0.9,manifold,171,Hex2Cer 40:1;O2,Hex2Cer_40-1_O2,0,0.6893861889839172,0.7513944253016713,0.5568307911374161,0.636111319065094,2710.9184814453124
FOLD-7-learnls-manifold-nu2-K300-stride4-learnls-bs1.0-bd0.01-bw0.1-knn15-faiss_atlas_weighted-5-randomwalk-ind1000-lr0.05-ep20-lbs10-blend0.8-infl50-ptls-rootdissolve-dn3-prune0.9510,fold_7,learnls-manifold-nu2-K300-stride4-learnls-bs1.0-bd0.01-bw0.1-knn15-faiss_atlas_weighted-5-randomwalk-ind1000-lr0.05-ep20-lbs10-blend0.8-infl50-ptls-rootdissolve-dn3-prune0.95,manifold,97,PC 35:1 PE 38:1,PC_35-1_PE_38-1,0,1.061828851699829,0.130136198721389,-0.0033030623593726,0.9719647765159608,1899.723038339615
FOLD-7-learnls-manifold-nu2-K300-stride4-learnls-bs1.0-bd0.01-bw0.1-knn15-faiss_atlas_weighted-5-randomwalk-ind1000-lr0.05-ep20-lbs10-blend0.8-infl50-ptls-rootdissolve-dn3-prune0.9510,fold_7,learnls-manifold-nu2-K300-stride4-learnls-bs1.0-bd0.01-bw0.1-knn15-faiss_atlas_weighted-5-randomwalk-ind1000-lr0.05-ep20-lbs10-blend0.8-infl50-ptls-rootdissolve-dn3-prune0.95,manifold,18,PA 36:1,PA_36-1,0,0.9594934582710266,0.5018433315400607,0.2242619972448187,0.872423529624939,1899.723038339615
FOLD-7-learnls-manifold-nu2-K300-stride4-learnls-bs1.0-bd0.01-bw0.1-knn15-faiss_atlas_weighted-5-randomwalk-ind1000-lr0.05-ep20-lbs10-blend0.8-infl50-ptls-rootdissolve-dn3-prune0.9510,fold_7,learnls-manifold-nu2-K300-stride4-learnls-bs1.0-bd0.01-bw0.1-knn15-faiss_atlas_weighted-5-randomwalk-ind1000-lr0.05-ep20-lbs10-blend0.8-infl50-ptls-rootdissolve-dn3-prune0.95,manifold,57,LPC 22:6,LPC_22-6,0,0.8479584455490112,0.5500776306842275,0.2940750773003583,0.8107287287712097,1899.723038339615
FOLD-7-learnls-manifold-nu2-K300-stride4-learnls-bs1.0-bd0.01-bw0.1-knn15-faiss_atlas_weighted-5-randomwalk-ind1000-lr0.05-ep20-lbs10-blend0.8-infl50-ptls-rootdissolve-dn3-prune0.9510,fold_7,learnls-manifold-nu2-K300-stride4-learnls-bs1.0-bd0.01-bw0.1-knn15-faiss_atlas_weighted-5-randomwalk-ind1000-lr0.05-ep20-lbs10-blend0.8-infl50-ptls-rootdissolve-dn3-prune0.95,manifold,86,PE O-36:0 PE O-38:3,PE_O-36-0_PE_O-38-3,0,0.8303894400596619,0.6005650469754004,0.3571110771446858,0.7716429233551025,1899.723038339615
FOLD-7-learnls-manifold-nu2-K300-stride4-learnls-bs1.0-bd0.01-bw0.1-knn15-faiss_atlas_weighted-5-randomwalk-ind1000-lr0.05-ep20-lbs10-blend0.8-infl50-ptls-rootdissolve-dn3-prune0.9510,fold_7,learnls-manifold-nu2-K300-stride4-learnls-bs1.0-bd0.01-bw0.1-knn15-faiss_atlas_weighted-5-randomwalk-ind1000-lr0.05-ep20-lbs10-blend0.8-infl50-ptls-rootdissolve-dn3-prune0.95,manifold,171,Hex2Cer 40:1;O2,Hex2Cer_40-1_O2,0,0.7039443254470825,0.7394540047856836,0.5379158693282433,0.6438600420951843,1899.723038339615
FOLD-7-learnls-manifold-nu2-K300-stride4-learnls-bs1.0-bd0.01-bw0.1-knn15-faiss_atlas_weighted-5-randomwalk-ind1000-lr0.05-ep20-lbs10-blend0.8-infl50-ptls-rootdissolve-dn3-prune0.9710,fold_7,learnls-manifold-nu2-K300-stride4-learnls-bs1.0-bd0.01-bw0.1-knn15-faiss_atlas_weighted-5-randomwalk-ind1000-lr0.05-ep20-lbs10-blend0.8-infl50-ptls-rootdissolve-dn3-prune0.97,manifold,97,PC 35:1 PE 38:1,PC_35-1_PE_38-1,0,1.0616371631622314,0.1290330832813734,-0.0029408511514505,0.9747600555419922,2026.036247253418
FOLD-7-learnls-manifold-nu2-K300-stride4-learnls-bs1.0-bd0.01-bw0.1-knn15-faiss_atlas_weighted-5-randomwalk-ind1000-lr0.05-ep20-lbs10-blend0.8-infl50-ptls-rootdissolve-dn3-prune0.9710,fold_7,learnls-manifold-nu2-K300-stride4-learnls-bs1.0-bd0.01-bw0.1-knn15-faiss_atlas_weighted-5-randomwalk-ind1000-lr0.05-ep20-lbs10-blend0.8-infl50-ptls-rootdissolve-dn3-prune0.97,manifold,18,PA 36:1,PA_36-1,0,0.9615368843078612,0.4982871275664114,0.2209543629515314,0.8748732209205627,2026.036247253418
FOLD-7-learnls-manifold-nu2-K300-stride4-learnls-bs1.0-bd0.01-bw0.1-knn15-faiss_atlas_weighted-5-randomwalk-ind1000-lr0.05-ep20-lbs10-blend0.8-infl50-ptls-rootdissolve-dn3-prune0.9710,fold_7,learnls-manifold-nu2-K300-stride4-learnls-bs1.0-bd0.01-bw0.1-knn15-faiss_atlas_weighted-5-randomwalk-ind1000-lr0.05-ep20-lbs10-blend0.8-infl50-ptls-rootdissolve-dn3-prune0.97,manifold,57,LPC 22:6,LPC_22-6,0,0.8514822721481323,0.5440924130952646,0.2881956849704763,0.8167622089385986,2026.036247253418
FOLD-7-learnls-manifold-nu2-K300-stride4-learnls-bs1.0-bd0.01-bw0.1-knn15-faiss_atlas_weighted-5-randomwalk-ind1000-lr0.05-ep20-lbs10-blend0.8-infl50-ptls-rootdissolve-dn3-prune0.9710,fold_7,learnls-manifold-nu2-K300-stride4-learnls-bs1.0-bd0.01-bw0.1-knn15-faiss_atlas_weighted-5-randomwalk-ind1000-lr0.05-ep20-lbs10-blend0.8-infl50-ptls-rootdissolve-dn3-prune0.97,manifold,86,PE O-36:0 PE O-38:3,PE_O-36-0_PE_O-38-3,0,0.8327985405921936,0.5965906650980506,0.353375353218163,0.7785845994949341,2026.036247253418
FOLD-7-learnls-manifold-nu2-K300-stride4-learnls-bs1.0-bd0.01-bw0.1-knn15-faiss_atlas_weighted-5-randomwalk-ind1000-lr0.05-ep20-lbs10-blend0.8-infl50-ptls-rootdissolve-dn3-prune0.9710,fold_7,learnls-manifold-nu2-K300-stride4-learnls-bs1.0-bd0.01-bw0.1-knn15-faiss_atlas_weighted-5-randomwalk-ind1000-lr0.05-ep20-lbs10-blend0.8-infl50-ptls-rootdissolve-dn3-prune0.97,manifold,171,Hex2Cer 40:1;O2,Hex2Cer_40-1_O2,0,0.7123368978500366,0.7312358072511496,0.5268320913226985,0.65538489818573,2026.036247253418
FOLD-7-learnls-manifold-nu2-K300-stride4-learnls-bs1.0-bd0.01-bw0.1-knn15-faiss_atlas_weighted-5-randomwalk-ind1000-lr0.05-ep20-lbs10-blend0.8-infl50-ptls-rootdissolve-dn310,fold_7,learnls-manifold-nu2-K300-stride4-learnls-bs1.0-bd0.01-bw0.1-knn15-faiss_atlas_weighted-5-randomwalk-ind1000-lr0.05-ep20-lbs10-blend0.8-infl50-ptls-rootdissolve-dn3,manifold,97,PC 35:1 PE 38:1,PC_35-1_PE_38-1,0,1.0633269548416138,0.1245090715226266,-0.0061360673392876,0.9735852479934692,1401.6609625339509
FOLD-7-learnls-manifold-nu2-K300-stride4-learnls-bs1.0-bd0.01-bw0.1-knn15-faiss_atlas_weighted-5-randomwalk-ind1000-lr0.05-ep20-lbs10-blend0.8-infl50-ptls-rootdissolve-dn310,fold_7,learnls-manifold-nu2-K300-stride4-learnls-bs1.0-bd0.01-bw0.1-knn15-faiss_atlas_weighted-5-randomwalk-ind1000-lr0.05-ep20-lbs10-blend0.8-infl50-ptls-rootdissolve-dn3,manifold,18,PA 36:1,PA_36-1,0,0.9698879718780518,0.4876844078655189,0.207363352602164,0.8709844350814819,1401.6609625339509
FOLD-7-learnls-manifold-nu2-K300-stride4-learnls-bs1.0-bd0.01-bw0.1-knn15-faiss_atlas_weighted-5-randomwalk-ind1000-lr0.05-ep20-lbs10-blend0.8-infl50-ptls-rootdissolve-dn310,fold_7,learnls-manifold-nu2-K300-stride4-learnls-bs1.0-bd0.01-bw0.1-knn15-faiss_atlas_weighted-5-randomwalk-ind1000-lr0.05-ep20-lbs10-blend0.8-infl50-ptls-rootdissolve-dn3,manifold,57,LPC 22:6,LPC_22-6,0,0.848918080329895,0.5457650688158765,0.2924763397316063,0.8173710107803345,1401.6609625339509
FOLD-7-learnls-manifold-nu2-K300-stride4-learnls-bs1.0-bd0.01-bw0.1-knn15-faiss_atlas_weighted-5-randomwalk-ind1000-lr0.05-ep20-lbs10-blend0.8-infl50-ptls-rootdissolve-dn310,fold_7,learnls-manifold-nu2-K300-stride4-learnls-bs1.0-bd0.01-bw0.1-knn15-faiss_atlas_weighted-5-randomwalk-ind1000-lr0.05-ep20-lbs10-blend0.8-infl50-ptls-rootdissolve-dn3,manifold,86,PE O-36:0 PE O-38:3,PE_O-36-0_PE_O-38-3,0,0.8218581676483154,0.6099910001899815,0.370253068961993,0.7685117721557617,1401.6609625339509
FOLD-7-learnls-manifold-nu2-K300-stride4-learnls-bs1.0-bd0.01-bw0.1-knn15-faiss_atlas_weighted-5-randomwalk-ind1000-lr0.05-ep20-lbs10-blend0.8-infl50-ptls-rootdissolve-dn310,fold_7,learnls-manifold-nu2-K300-stride4-learnls-bs1.0-bd0.01-bw0.1-knn15-faiss_atlas_weighted-5-randomwalk-ind1000-lr0.05-ep20-lbs10-blend0.8-infl50-ptls-rootdissolve-dn3,manifold,171,Hex2Cer 40:1;O2,Hex2Cer_40-1_O2,0,0.6961001753807068,0.7443859244633101,0.5481566375906,0.6490257382392883,1401.6609625339509
FOLD-7-learnls-manifold-nu2-K300-stride4-learnls-bs1.0-bd0.01-bw0.1-knn15-faiss_atlas_weighted-5-randomwalk-ind1000-lr0.05-ep20-lbs10-blend0.8-infl50-rootdissolve-dn3-prune0.910,fold_7,learnls-manifold-nu2-K300-stride4-learnls-bs1.0-bd0.01-bw0.1-knn15-faiss_atlas_weighted-5-randomwalk-ind1000-lr0.05-ep20-lbs10-blend0.8-infl50-rootdissolve-dn3-prune0.9,manifold,97,PC 35:1 PE 38:1,PC_35-1_PE_38-1,0,1.0635600090026855,0.1255804358803217,-0.0065771201987592,0.971045732498169,686.124934053421
FOLD-7-learnls-manifold-nu2-K300-stride4-learnls-bs1.0-bd0.01-bw0.1-knn15-faiss_atlas_weighted-5-randomwalk-ind1000-lr0.05-ep20-lbs10-blend0.8-infl50-rootdissolve-dn3-prune0.910,fold_7,learnls-manifold-nu2-K300-stride4-learnls-bs1.0-bd0.01-bw0.1-knn15-faiss_atlas_weighted-5-randomwalk-ind1000-lr0.05-ep20-lbs10-blend0.8-infl50-rootdissolve-dn3-prune0.9,manifold,18,PA 36:1,PA_36-1,0,0.9605023860931396,0.5030555944080981,0.2226297049514791,0.8652510046958923,686.124934053421
FOLD-7-learnls-manifold-nu2-K300-stride4-learnls-bs1.0-bd0.01-bw0.1-knn15-faiss_atlas_weighted-5-randomwalk-ind1000-lr0.05-ep20-lbs10-blend0.8-infl50-rootdissolve-dn3-prune0.910,fold_7,learnls-manifold-nu2-K300-stride4-learnls-bs1.0-bd0.01-bw0.1-knn15-faiss_atlas_weighted-5-randomwalk-ind1000-lr0.05-ep20-lbs10-blend0.8-infl50-rootdissolve-dn3-prune0.9,manifold,57,LPC 22:6,LPC_22-6,0,0.8428745865821838,0.5590485479471187,0.3025142910186187,0.802583634853363,686.124934053421
FOLD-7-learnls-manifold-nu2-K300-stride4-learnls-bs1.0-bd0.01-bw0.1-knn15-faiss_atlas_weighted-5-randomwalk-ind1000-lr0.05-ep20-lbs10-blend0.8-infl50-rootdissolve-dn3-prune0.910,fold_7,learnls-manifold-nu2-K300-stride4-learnls-bs1.0-bd0.01-bw0.1-knn15-faiss_atlas_weighted-5-randomwalk-ind1000-lr0.05-ep20-lbs10-blend0.8-infl50-rootdissolve-dn3-prune0.9,manifold,86,PE O-36:0 PE O-38:3,PE_O-36-0_PE_O-38-3,0,0.815759539604187,0.6174372980171098,0.3795644921421489,0.7628430724143982,686.124934053421
FOLD-7-learnls-manifold-nu2-K300-stride4-learnls-bs1.0-bd0.01-bw0.1-knn15-faiss_atlas_weighted-5-randomwalk-ind1000-lr0.05-ep20-lbs10-blend0.8-infl50-rootdissolve-dn3-prune0.910,fold_7,learnls-manifold-nu2-K300-stride4-learnls-bs1.0-bd0.01-bw0.1-knn15-faiss_atlas_weighted-5-randomwalk-ind1000-lr0.05-ep20-lbs10-blend0.8-infl50-rootdissolve-dn3-prune0.9,manifold,171,Hex2Cer 40:1;O2,Hex2Cer_40-1_O2,0,0.6892803907394409,0.7513419820333599,0.5569668100569212,0.6360700726509094,686.124934053421
FOLD-7-learnls-manifold-nu2-K300-stride4-learnls-bs1.0-bd0.01-bw0.1-knn15-faiss_atlas_weighted-5-randomwalk-ind1000-lr0.05-ep20-lbs10-blend0.8-infl50-rootdissolve-dn3-prune0.9510,fold_7,learnls-manifold-nu2-K300-stride4-learnls-bs1.0-bd0.01-bw0.1-knn15-faiss_atlas_weighted-5-randomwalk-ind1000-lr0.05-ep20-lbs10-blend0.8-infl50-rootdissolve-dn3-prune0.95,manifold,97,PC 35:1 PE 38:1,PC_35-1_PE_38-1,0,1.0625633001327517,0.1260413923331832,-0.0046914811077563,0.9744684100151062,343.0432229995728
FOLD-7-learnls-manifold-nu2-K300-stride4-learnls-bs1.0-bd0.01-bw0.1-knn15-faiss_atlas_weighted-5-randomwalk-ind1000-lr0.05-ep20-lbs10-blend0.8-infl50-rootdissolve-dn3-prune0.9510,fold_7,learnls-manifold-nu2-K300-stride4-learnls-bs1.0-bd0.01-bw0.1-knn15-faiss_atlas_weighted-5-randomwalk-ind1000-lr0.05-ep20-lbs10-blend0.8-infl50-rootdissolve-dn3-prune0.95,manifold,18,PA 36:1,PA_36-1,0,0.9537368416786194,0.5014324838181357,0.2335424241235297,0.8477795124053955,343.0432229995728
FOLD-7-learnls-manifold-nu2-K300-stride4-learnls-bs1.0-bd0.01-bw0.1-knn15-faiss_atlas_weighted-5-randomwalk-ind1000-lr0.05-ep20-lbs10-blend0.8-infl50-rootdissolve-dn3-prune0.9510,fold_7,learnls-manifold-nu2-K300-stride4-learnls-bs1.0-bd0.01-bw0.1-knn15-faiss_atlas_weighted-5-randomwalk-ind1000-lr0.05-ep20-lbs10-blend0.8-infl50-rootdissolve-dn3-prune0.95,manifold,57,LPC 22:6,LPC_22-6,0,0.8502222299575806,0.5498184825708958,0.2903008375848345,0.8073674440383911,343.0432229995728
FOLD-7-learnls-manifold-nu2-K300-stride4-learnls-bs1.0-bd0.01-bw0.1-knn15-faiss_atlas_weighted-5-randomwalk-ind1000-lr0.05-ep20-lbs10-blend0.8-infl50-rootdissolve-dn3-prune0.9510,fold_7,learnls-manifold-nu2-K300-stride4-learnls-bs1.0-bd0.01-bw0.1-knn15-faiss_atlas_weighted-5-randomwalk-ind1000-lr0.05-ep20-lbs10-blend0.8-infl50-rootdissolve-dn3-prune0.95,manifold,86,PE O-36:0 PE O-38:3,PE_O-36-0_PE_O-38-3,0,0.8318273425102234,0.6001605512228062,0.3548826786606335,0.7810804843902588,343.0432229995728
FOLD-7-learnls-manifold-nu2-K300-stride4-learnls-bs1.0-bd0.01-bw0.1-knn15-faiss_atlas_weighted-5-randomwalk-ind1000-lr0.05-ep20-lbs10-blend0.8-infl50-rootdissolve-dn3-prune0.9510,fold_7,learnls-manifold-nu2-K300-stride4-learnls-bs1.0-bd0.01-bw0.1-knn15-faiss_atlas_weighted-5-randomwalk-ind1000-lr0.05-ep20-lbs10-blend0.8-infl50-rootdissolve-dn3-prune0.95,manifold,171,Hex2Cer 40:1;O2,Hex2Cer_40-1_O2,0,0.7030313611030579,0.7378507088192512,0.5391136861265888,0.6482605934143066,343.0432229995728
FOLD-7-learnls-manifold-nu2-K300-stride4-learnls-bs1.0-bd0.01-bw0.1-knn15-faiss_atlas_weighted-5-randomwalk-ind1000-lr0.05-ep20-lbs10-blend0.8-infl50-rootdissolve-dn3-prune0.9710,fold_7,learnls-manifold-nu2-K300-stride4-learnls-bs1.0-bd0.01-bw0.1-knn15-faiss_atlas_weighted-5-randomwalk-ind1000-lr0.05-ep20-lbs10-blend0.8-infl50-rootdissolve-dn3-prune0.97,manifold,97,PC 35:1 PE 38:1,PC_35-1_PE_38-1,0,1.0619043111801147,0.1283600654693285,-0.0034456679159711,0.9747655987739564,712.4786388874054
FOLD-7-learnls-manifold-nu2-K300-stride4-learnls-bs1.0-bd0.01-bw0.1-knn15-faiss_atlas_weighted-5-randomwalk-ind1000-lr0.05-ep20-lbs10-blend0.8-infl50-rootdissolve-dn3-prune0.9710,fold_7,learnls-manifold-nu2-K300-stride4-learnls-bs1.0-bd0.01-bw0.1-knn15-faiss_atlas_weighted-5-randomwalk-ind1000-lr0.05-ep20-lbs10-blend0.8-infl50-rootdissolve-dn3-prune0.97,manifold,18,PA 36:1,PA_36-1,0,0.9609876871109008,0.4984180710157118,0.2218439660659324,0.8748278021812439,712.4786388874054
FOLD-7-learnls-manifold-nu2-K300-stride4-learnls-bs1.0-bd0.01-bw0.1-knn15-faiss_atlas_weighted-5-randomwalk-ind1000-lr0.05-ep20-lbs10-blend0.8-infl50-rootdissolve-dn3-prune0.9710,fold_7,learnls-manifold-nu2-K300-stride4-learnls-bs1.0-bd0.01-bw0.1-knn15-faiss_atlas_weighted-5-randomwalk-ind1000-lr0.05-ep20-lbs10-blend0.8-infl50-rootdissolve-dn3-prune0.97,manifold,57,LPC 22:6,LPC_22-6,0,0.8517504334449768,0.5439904913149108,0.2877473019398756,0.816705584526062,712.4786388874054
FOLD-7-learnls-manifold-nu2-K300-stride4-learnls-bs1.0-bd0.01-bw0.1-knn15-faiss_atlas_weighted-5-randomwalk-ind1000-lr0.05-ep20-lbs10-blend0.8-infl50-rootdissolve-dn3-prune0.9710,fold_7,learnls-manifold-nu2-K300-stride4-learnls-bs1.0-bd0.01-bw0.1-knn15-faiss_atlas_weighted-5-randomwalk-ind1000-lr0.05-ep20-lbs10-blend0.8-infl50-rootdissolve-dn3-prune0.97,manifold,86,PE O-36:0 PE O-38:3,PE_O-36-0_PE_O-38-3,0,0.8327749967575073,0.5965255676523612,0.3534119525438792,0.7785001993179321,712.4786388874054
FOLD-7-learnls-manifold-nu2-K300-stride4-learnls-bs1.0-bd0.01-bw0.1-knn15-faiss_atlas_weighted-5-randomwalk-ind1000-lr0.05-ep20-lbs10-blend0.8-infl50-rootdissolve-dn3-prune0.9710,fold_7,learnls-manifold-nu2-K300-stride4-learnls-bs1.0-bd0.01-bw0.1-knn15-faiss_atlas_weighted-5-randomwalk-ind1000-lr0.05-ep20-lbs10-blend0.8-infl50-rootdissolve-dn3-prune0.97,manifold,171,Hex2Cer 40:1;O2,Hex2Cer_40-1_O2,0,0.7122583985328674,0.7311494287723156,0.5269363895808603,0.6551041007041931,712.4786388874054
FOLD-7-learnls-manifold-nu2-K300-stride4-learnls-bs1.0-bd0.01-bw0.1-knn15-faiss_atlas_weighted-5-randomwalk-ind1000-lr0.05-ep20-lbs10-blend0.8-infl50-rootdissolve-dn310,fold_7,learnls-manifold-nu2-K300-stride4-learnls-bs1.0-bd0.01-bw0.1-knn15-faiss_atlas_weighted-5-randomwalk-ind1000-lr0.05-ep20-lbs10-blend0.8-infl50-rootdissolve-dn3,manifold,97,PC 35:1 PE 38:1,PC_35-1_PE_38-1,0,1.0632922649383545,0.1239917383260906,-0.0060704618774143,0.9736613035202026,698.5839119911194
FOLD-7-learnls-manifold-nu2-K300-stride4-learnls-bs1.0-bd0.01-bw0.1-knn15-faiss_atlas_weighted-5-randomwalk-ind1000-lr0.05-ep20-lbs10-blend0.8-infl50-rootdissolve-dn310,fold_7,learnls-manifold-nu2-K300-stride4-learnls-bs1.0-bd0.01-bw0.1-knn15-faiss_atlas_weighted-5-randomwalk-ind1000-lr0.05-ep20-lbs10-blend0.8-infl50-rootdissolve-dn3,manifold,18,PA 36:1,PA_36-1,0,0.9696866273880004,0.487884316541782,0.2076923831445685,0.8705539107322693,698.5839119911194
FOLD-7-learnls-manifold-nu2-K300-stride4-learnls-bs1.0-bd0.01-bw0.1-knn15-faiss_atlas_weighted-5-randomwalk-ind1000-lr0.05-ep20-lbs10-blend0.8-infl50-rootdissolve-dn310,fold_7,learnls-manifold-nu2-K300-stride4-learnls-bs1.0-bd0.01-bw0.1-knn15-faiss_atlas_weighted-5-randomwalk-ind1000-lr0.05-ep20-lbs10-blend0.8-infl50-rootdissolve-dn3,manifold,57,LPC 22:6,LPC_22-6,0,0.8491342663764954,0.5457971815464099,0.2921159571088806,0.817499041557312,698.5839119911194
FOLD-7-learnls-manifold-nu2-K300-stride4-learnls-bs1.0-bd0.01-bw0.1-knn15-faiss_atlas_weighted-5-randomwalk-ind1000-lr0.05-ep20-lbs10-blend0.8-infl50-rootdissolve-dn310,fold_7,learnls-manifold-nu2-K300-stride4-learnls-bs1.0-bd0.01-bw0.1-knn15-faiss_atlas_weighted-5-randomwalk-ind1000-lr0.05-ep20-lbs10-blend0.8-infl50-rootdissolve-dn3,manifold,86,PE O-36:0 PE O-38:3,PE_O-36-0_PE_O-38-3,0,0.822048544883728,0.6097178795502658,0.3699612390831356,0.7682740688323975,698.5839119911194
FOLD-7-learnls-manifold-nu2-K300-stride4-learnls-bs1.0-bd0.01-bw0.1-knn15-faiss_atlas_weighted-5-randomwalk-ind1000-lr0.05-ep20-lbs10-blend0.8-infl50-rootdissolve-dn310,fold_7,learnls-manifold-nu2-K300-stride4-learnls-bs1.0-bd0.01-bw0.1-knn15-faiss_atlas_weighted-5-randomwalk-ind1000-lr0.05-ep20-lbs10-blend0.8-infl50-rootdissolve-dn3,manifold,171,Hex2Cer 40:1;O2,Hex2Cer_40-1_O2,0,0.6959376335144043,0.7443514554277466,0.5483676161717962,0.6492831707000732,698.5839119911194
FOLD-7-spectral-nu2-K100-stride4-bw0.1-knn15-faiss_atlas_weighted-5-randomwalk-lr0.05-ep20-lbs10-rootdissolve-dn310,fold_7,spectral-nu2-K100-stride4-bw0.1-knn15-faiss_atlas_weighted-5-randomwalk-lr0.05-ep20-lbs10-rootdissolve-dn3,spectral,97,PC 35:1 PE 38:1,PC_35-1_PE_38-1,0,1.0588552951812744,0.1266794087120677,0.0023085065768324,1.007242202758789,212.04760427474972
FOLD-7-spectral-nu2-K100-stride4-bw0.1-knn15-faiss_atlas_weighted-5-randomwalk-lr0.05-ep20-lbs10-rootdissolve-dn310,fold_7,spectral-nu2-K100-stride4-bw0.1-knn15-faiss_atlas_weighted-5-randomwalk-lr0.05-ep20-lbs10-rootdissolve-dn3,spectral,18,PA 36:1,PA_36-1,0,0.9955053329467772,0.4423722077663596,0.1649390110991953,0.907923698425293,212.04760427474972
FOLD-7-spectral-nu2-K100-stride4-bw0.1-knn15-faiss_atlas_weighted-5-randomwalk-lr0.05-ep20-lbs10-rootdissolve-dn310,fold_7,spectral-nu2-K100-stride4-bw0.1-knn15-faiss_atlas_weighted-5-randomwalk-lr0.05-ep20-lbs10-rootdissolve-dn3,spectral,57,LPC 22:6,LPC_22-6,0,0.8836812376976013,0.4883702851351535,0.2333438751811357,0.8721938729286194,212.04760427474972
FOLD-7-spectral-nu2-K100-stride4-bw0.1-knn15-faiss_atlas_weighted-5-randomwalk-lr0.05-ep20-lbs10-rootdissolve-dn310,fold_7,spectral-nu2-K100-stride4-bw0.1-knn15-faiss_atlas_weighted-5-randomwalk-lr0.05-ep20-lbs10-rootdissolve-dn3,spectral,86,PE O-36:0 PE O-38:3,PE_O-36-0_PE_O-38-3,0,0.8695304989814758,0.5487899921427977,0.2950765465551562,0.8278730511665344,212.04760427474972
FOLD-7-spectral-nu2-K100-stride4-bw0.1-knn15-faiss_atlas_weighted-5-randomwalk-lr0.05-ep20-lbs10-rootdissolve-dn310,fold_7,spectral-nu2-K100-stride4-bw0.1-knn15-faiss_atlas_weighted-5-randomwalk-lr0.05-ep20-lbs10-rootdissolve-dn3,spectral,171,Hex2Cer 40:1;O2,Hex2Cer_40-1_O2,0,0.7656270861625671,0.6747652228727276,0.4533882370138868,0.7265499234199524,212.04760427474972
FOLD-7-spectral-nu2-K1300-stride4-bw0.1-knn15-faiss_atlas_weighted-5-randomwalk-lr0.05-ep20-lbs10-rootdissolve-dn310,fold_7,spectral-nu2-K1300-stride4-bw0.1-knn15-faiss_atlas_weighted-5-randomwalk-lr0.05-ep20-lbs10-rootdissolve-dn3,spectral,97,PC 35:1 PE 38:1,PC_35-1_PE_38-1,0,1.082708716392517,0.1222434927268553,-0.0431490575660304,0.9623400568962096,135.33260407447816
FOLD-7-spectral-nu2-K1300-stride4-bw0.1-knn15-faiss_atlas_weighted-5-randomwalk-lr0.05-ep20-lbs10-rootdissolve-dn310,fold_7,spectral-nu2-K1300-stride4-bw0.1-knn15-faiss_atlas_weighted-5-randomwalk-lr0.05-ep20-lbs10-rootdissolve-dn3,spectral,18,PA 36:1,PA_36-1,0,0.9675594568252563,0.5032817402204746,0.211164641695657,0.8312571048736572,135.33260407447816
FOLD-7-spectral-nu2-K1300-stride4-bw0.1-knn15-faiss_atlas_weighted-5-randomwalk-lr0.05-ep20-lbs10-rootdissolve-dn310,fold_7,spectral-nu2-K1300-stride4-bw0.1-knn15-faiss_atlas_weighted-5-randomwalk-lr0.05-ep20-lbs10-rootdissolve-dn3,spectral,57,LPC 22:6,LPC_22-6,0,0.8342850804328918,0.5826714317427456,0.3166576581593044,0.7682762742042542,135.33260407447816
FOLD-7-spectral-nu2-K1300-stride4-bw0.1-knn15-faiss_atlas_weighted-5-randomwalk-lr0.05-ep20-lbs10-rootdissolve-dn310,fold_7,spectral-nu2-K1300-stride4-bw0.1-knn15-faiss_atlas_weighted-5-randomwalk-lr0.05-ep20-lbs10-rootdissolve-dn3,spectral,86,PE O-36:0 PE O-38:3,PE_O-36-0_PE_O-38-3,0,0.797335684299469,0.6450506876297531,0.4072730155945084,0.7079749703407288,135.33260407447816
FOLD-7-spectral-nu2-K1300-stride4-bw0.1-knn15-faiss_atlas_weighted-5-randomwalk-lr0.05-ep20-lbs10-rootdissolve-dn310,fold_7,spectral-nu2-K1300-stride4-bw0.1-knn15-faiss_atlas_weighted-5-randomwalk-lr0.05-ep20-lbs10-rootdissolve-dn3,spectral,171,Hex2Cer 40:1;O2,Hex2Cer_40-1_O2,0,0.6570401191711426,0.7775953123685435,0.5974422231672755,0.5919523239135742,135.33260407447816
FOLD-8-euclidean-ard-matern-nu1.5-ind1000-5-lr0.05-ep20-lbs1010,fold_8,euclidean-ard-matern-nu1.5-ind1000-5-lr0.05-ep20-lbs10,euclidean,97,PC 35:1 PE 38:1,PC_35-1_PE_38-1,0,1.1308298110961914,0.1619756259045408,0.0169197361699209,0.9709334969520568,415.70491456985474
FOLD-8-euclidean-ard-matern-nu1.5-ind1000-5-lr0.05-ep20-lbs1010,fold_8,euclidean-ard-matern-nu1.5-ind1000-5-lr0.05-ep20-lbs10,euclidean,18,PA 36:1,PA_36-1,0,0.9852479100227356,0.4905869856742518,0.2176465094886949,0.8292421698570251,415.70491456985474
FOLD-8-euclidean-ard-matern-nu1.5-ind1000-5-lr0.05-ep20-lbs1010,fold_8,euclidean-ard-matern-nu1.5-ind1000-5-lr0.05-ep20-lbs10,euclidean,57,LPC 22:6,LPC_22-6,0,0.8235986828804016,0.6060918787231493,0.3672663109782871,0.7755534052848816,415.70491456985474
FOLD-8-euclidean-ard-matern-nu1.5-ind1000-5-lr0.05-ep20-lbs1010,fold_8,euclidean-ard-matern-nu1.5-ind1000-5-lr0.05-ep20-lbs10,euclidean,86,PE O-36:0 PE O-38:3,PE_O-36-0_PE_O-38-3,0,0.7352505326271057,0.6465523443579451,0.4106840986345216,0.7194775938987732,415.70491456985474
FOLD-8-euclidean-ard-matern-nu1.5-ind1000-5-lr0.05-ep20-lbs1010,fold_8,euclidean-ard-matern-nu1.5-ind1000-5-lr0.05-ep20-lbs10,euclidean,171,Hex2Cer 40:1;O2,Hex2Cer_40-1_O2,0,0.6315379738807678,0.7700468849347809,0.5837744830337173,0.596777617931366,415.70491456985474
FOLD-8-euclidean-no-ard-matern-nu1.5-ind1000-5-lr0.05-ep20-lbs1010,fold_8,euclidean-no-ard-matern-nu1.5-ind1000-5-lr0.05-ep20-lbs10,euclidean,97,PC 35:1 PE 38:1,PC_35-1_PE_38-1,0,1.130034327507019,0.1642193411920926,0.0183023320964906,0.971429705619812,394.9238978862762
FOLD-8-euclidean-no-ard-matern-nu1.5-ind1000-5-lr0.05-ep20-lbs1010,fold_8,euclidean-no-ard-matern-nu1.5-ind1000-5-lr0.05-ep20-lbs10,euclidean,18,PA 36:1,PA_36-1,0,0.9831351637840272,0.4917521334279399,0.2209983412148004,0.8282559514045715,394.9238978862762
FOLD-8-euclidean-no-ard-matern-nu1.5-ind1000-5-lr0.05-ep20-lbs1010,fold_8,euclidean-no-ard-matern-nu1.5-ind1000-5-lr0.05-ep20-lbs10,euclidean,57,LPC 22:6,LPC_22-6,0,0.8252300024032593,0.6040832725601517,0.3647572622713166,0.7776336073875427,394.9238978862762
FOLD-8-euclidean-no-ard-matern-nu1.5-ind1000-5-lr0.05-ep20-lbs1010,fold_8,euclidean-no-ard-matern-nu1.5-ind1000-5-lr0.05-ep20-lbs10,euclidean,86,PE O-36:0 PE O-38:3,PE_O-36-0_PE_O-38-3,0,0.7340997457504272,0.6476142607853314,0.4125273756057448,0.7180172801017761,394.9238978862762
FOLD-8-euclidean-no-ard-matern-nu1.5-ind1000-5-lr0.05-ep20-lbs1010,fold_8,euclidean-no-ard-matern-nu1.5-ind1000-5-lr0.05-ep20-lbs10,euclidean,171,Hex2Cer 40:1;O2,Hex2Cer_40-1_O2,0,0.630098819732666,0.7713060527081461,0.5856693244730048,0.5945959091186523,394.9238978862762
FOLD-8-learnls-manifold-nu2-K100-stride4-learnls-bs1.0-bd0.01-bw0.1-knn15-faiss_atlas_weighted-5-randomwalk-ind1000-lr0.05-ep20-lbs10-blend0.8-infl50-ptls-rootdissolve-dn3-prune0.910,fold_8,learnls-manifold-nu2-K100-stride4-learnls-bs1.0-bd0.01-bw0.1-knn15-faiss_atlas_weighted-5-randomwalk-ind1000-lr0.05-ep20-lbs10-blend0.8-infl50-ptls-rootdissolve-dn3-prune0.9,manifold,97,PC 35:1 PE 38:1,PC_35-1_PE_38-1,0,1.1305136680603027,0.1460204031826754,0.017469233705366,0.9906417727470398,1648.3891538143157
FOLD-8-learnls-manifold-nu2-K100-stride4-learnls-bs1.0-bd0.01-bw0.1-knn15-faiss_atlas_weighted-5-randomwalk-ind1000-lr0.05-ep20-lbs10-blend0.8-infl50-ptls-rootdissolve-dn3-prune0.910,fold_8,learnls-manifold-nu2-K100-stride4-learnls-bs1.0-bd0.01-bw0.1-knn15-faiss_atlas_weighted-5-randomwalk-ind1000-lr0.05-ep20-lbs10-blend0.8-infl50-ptls-rootdissolve-dn3-prune0.9,manifold,18,PA 36:1,PA_36-1,0,1.021155595779419,0.4153813811716018,0.1595812063489099,0.8841550946235657,1648.3891538143157
FOLD-8-learnls-manifold-nu2-K100-stride4-learnls-bs1.0-bd0.01-bw0.1-knn15-faiss_atlas_weighted-5-randomwalk-ind1000-lr0.05-ep20-lbs10-blend0.8-infl50-ptls-rootdissolve-dn3-prune0.910,fold_8,learnls-manifold-nu2-K100-stride4-learnls-bs1.0-bd0.01-bw0.1-knn15-faiss_atlas_weighted-5-randomwalk-ind1000-lr0.05-ep20-lbs10-blend0.8-infl50-ptls-rootdissolve-dn3-prune0.9,manifold,57,LPC 22:6,LPC_22-6,0,0.8920726180076599,0.5084205392012746,0.2576817746409227,0.8616285920143127,1648.3891538143157
FOLD-8-learnls-manifold-nu2-K100-stride4-learnls-bs1.0-bd0.01-bw0.1-knn15-faiss_atlas_weighted-5-randomwalk-ind1000-lr0.05-ep20-lbs10-blend0.8-infl50-ptls-rootdissolve-dn3-prune0.910,fold_8,learnls-manifold-nu2-K100-stride4-learnls-bs1.0-bd0.01-bw0.1-knn15-faiss_atlas_weighted-5-randomwalk-ind1000-lr0.05-ep20-lbs10-blend0.8-infl50-ptls-rootdissolve-dn3-prune0.9,manifold,86,PE O-36:0 PE O-38:3,PE_O-36-0_PE_O-38-3,0,0.8103320002555847,0.5441954245114133,0.2841805965385376,0.8065921664237976,1648.3891538143157
FOLD-8-learnls-manifold-nu2-K100-stride4-learnls-bs1.0-bd0.01-bw0.1-knn15-faiss_atlas_weighted-5-randomwalk-ind1000-lr0.05-ep20-lbs10-blend0.8-infl50-ptls-rootdissolve-dn3-prune0.910,fold_8,learnls-manifold-nu2-K100-stride4-learnls-bs1.0-bd0.01-bw0.1-knn15-faiss_atlas_weighted-5-randomwalk-ind1000-lr0.05-ep20-lbs10-blend0.8-infl50-ptls-rootdissolve-dn3-prune0.9,manifold,171,Hex2Cer 40:1;O2,Hex2Cer_40-1_O2,0,0.7339022159576416,0.6716809920087538,0.4379095935719288,0.7008031010627747,1648.3891538143157
FOLD-8-learnls-manifold-nu2-K100-stride4-learnls-bs1.0-bd0.01-bw0.1-knn15-faiss_atlas_weighted-5-randomwalk-ind1000-lr0.05-ep20-lbs10-blend0.8-infl50-ptls-rootdissolve-dn3-prune0.9510,fold_8,learnls-manifold-nu2-K100-stride4-learnls-bs1.0-bd0.01-bw0.1-knn15-faiss_atlas_weighted-5-randomwalk-ind1000-lr0.05-ep20-lbs10-blend0.8-infl50-ptls-rootdissolve-dn3-prune0.95,manifold,97,PC 35:1 PE 38:1,PC_35-1_PE_38-1,0,1.1326082944869995,0.1344878311870632,0.013825068489551,1.005723476409912,1033.505462884903
FOLD-8-learnls-manifold-nu2-K100-stride4-learnls-bs1.0-bd0.01-bw0.1-knn15-faiss_atlas_weighted-5-randomwalk-ind1000-lr0.05-ep20-lbs10-blend0.8-infl50-ptls-rootdissolve-dn3-prune0.9510,fold_8,learnls-manifold-nu2-K100-stride4-learnls-bs1.0-bd0.01-bw0.1-knn15-faiss_atlas_weighted-5-randomwalk-ind1000-lr0.05-ep20-lbs10-blend0.8-infl50-ptls-rootdissolve-dn3-prune0.95,manifold,18,PA 36:1,PA_36-1,0,1.018121361732483,0.4247048948873766,0.1645680679763403,0.9100931882858276,1033.505462884903
FOLD-8-learnls-manifold-nu2-K100-stride4-learnls-bs1.0-bd0.01-bw0.1-knn15-faiss_atlas_weighted-5-randomwalk-ind1000-lr0.05-ep20-lbs10-blend0.8-infl50-ptls-rootdissolve-dn3-prune0.9510,fold_8,learnls-manifold-nu2-K100-stride4-learnls-bs1.0-bd0.01-bw0.1-knn15-faiss_atlas_weighted-5-randomwalk-ind1000-lr0.05-ep20-lbs10-blend0.8-infl50-ptls-rootdissolve-dn3-prune0.95,manifold,57,LPC 22:6,LPC_22-6,0,0.8862971067428589,0.5185632798095435,0.2672626631232935,0.858403742313385,1033.505462884903
FOLD-8-learnls-manifold-nu2-K100-stride4-learnls-bs1.0-bd0.01-bw0.1-knn15-faiss_atlas_weighted-5-randomwalk-ind1000-lr0.05-ep20-lbs10-blend0.8-infl50-ptls-rootdissolve-dn3-prune0.9510,fold_8,learnls-manifold-nu2-K100-stride4-learnls-bs1.0-bd0.01-bw0.1-knn15-faiss_atlas_weighted-5-randomwalk-ind1000-lr0.05-ep20-lbs10-blend0.8-infl50-ptls-rootdissolve-dn3-prune0.95,manifold,86,PE O-36:0 PE O-38:3,PE_O-36-0_PE_O-38-3,0,0.806522786617279,0.5533173959146127,0.2908946609664302,0.8125,1033.505462884903
FOLD-8-learnls-manifold-nu2-K100-stride4-learnls-bs1.0-bd0.01-bw0.1-knn15-faiss_atlas_weighted-5-randomwalk-ind1000-lr0.05-ep20-lbs10-blend0.8-infl50-ptls-rootdissolve-dn3-prune0.9510,fold_8,learnls-manifold-nu2-K100-stride4-learnls-bs1.0-bd0.01-bw0.1-knn15-faiss_atlas_weighted-5-randomwalk-ind1000-lr0.05-ep20-lbs10-blend0.8-infl50-ptls-rootdissolve-dn3-prune0.95,manifold,171,Hex2Cer 40:1;O2,Hex2Cer_40-1_O2,0,0.7213888168334961,0.684010262107375,0.4569140097798365,0.6988482475280762,1033.505462884903
FOLD-8-learnls-manifold-nu2-K100-stride4-learnls-bs1.0-bd0.01-bw0.1-knn15-faiss_atlas_weighted-5-randomwalk-ind1000-lr0.05-ep20-lbs10-blend0.8-infl50-ptls-rootdissolve-dn3-prune0.9710,fold_8,learnls-manifold-nu2-K100-stride4-learnls-bs1.0-bd0.01-bw0.1-knn15-faiss_atlas_weighted-5-randomwalk-ind1000-lr0.05-ep20-lbs10-blend0.8-infl50-ptls-rootdissolve-dn3-prune0.97,manifold,97,PC 35:1 PE 38:1,PC_35-1_PE_38-1,0,1.1337207555770874,0.1299570388075312,0.0118869622885464,0.9919329285621644,1713.9002414703368
FOLD-8-learnls-manifold-nu2-K100-stride4-learnls-bs1.0-bd0.01-bw0.1-knn15-faiss_atlas_weighted-5-randomwalk-ind1000-lr0.05-ep20-lbs10-blend0.8-infl50-ptls-rootdissolve-dn3-prune0.9710,fold_8,learnls-manifold-nu2-K100-stride4-learnls-bs1.0-bd0.01-bw0.1-knn15-faiss_atlas_weighted-5-randomwalk-ind1000-lr0.05-ep20-lbs10-blend0.8-infl50-ptls-rootdissolve-dn3-prune0.97,manifold,18,PA 36:1,PA_36-1,0,1.028499722480774,0.4053192618211495,0.1474490194956872,0.8824533224105835,1713.9002414703368
FOLD-8-learnls-manifold-nu2-K100-stride4-learnls-bs1.0-bd0.01-bw0.1-knn15-faiss_atlas_weighted-5-randomwalk-ind1000-lr0.05-ep20-lbs10-blend0.8-infl50-ptls-rootdissolve-dn3-prune0.9710,fold_8,learnls-manifold-nu2-K100-stride4-learnls-bs1.0-bd0.01-bw0.1-knn15-faiss_atlas_weighted-5-randomwalk-ind1000-lr0.05-ep20-lbs10-blend0.8-infl50-ptls-rootdissolve-dn3-prune0.97,manifold,57,LPC 22:6,LPC_22-6,0,0.8906453251838684,0.5106921113107219,0.2600553122901639,0.8594580888748169,1713.9002414703368
FOLD-8-learnls-manifold-nu2-K100-stride4-learnls-bs1.0-bd0.01-bw0.1-knn15-faiss_atlas_weighted-5-randomwalk-ind1000-lr0.05-ep20-lbs10-blend0.8-infl50-ptls-rootdissolve-dn3-prune0.9710,fold_8,learnls-manifold-nu2-K100-stride4-learnls-bs1.0-bd0.01-bw0.1-knn15-faiss_atlas_weighted-5-randomwalk-ind1000-lr0.05-ep20-lbs10-blend0.8-infl50-ptls-rootdissolve-dn3-prune0.97,manifold,86,PE O-36:0 PE O-38:3,PE_O-36-0_PE_O-38-3,0,0.8115759491920471,0.5402168826224296,0.2819811534728897,0.8127420544624329,1713.9002414703368
FOLD-8-learnls-manifold-nu2-K100-stride4-learnls-bs1.0-bd0.01-bw0.1-knn15-faiss_atlas_weighted-5-randomwalk-ind1000-lr0.05-ep20-lbs10-blend0.8-infl50-ptls-rootdissolve-dn3-prune0.9710,fold_8,learnls-manifold-nu2-K100-stride4-learnls-bs1.0-bd0.01-bw0.1-knn15-faiss_atlas_weighted-5-randomwalk-ind1000-lr0.05-ep20-lbs10-blend0.8-infl50-ptls-rootdissolve-dn3-prune0.97,manifold,171,Hex2Cer 40:1;O2,Hex2Cer_40-1_O2,0,0.7271823287010193,0.6760017854616243,0.4481559229590361,0.7074344158172607,1713.9002414703368
FOLD-8-learnls-manifold-nu2-K100-stride4-learnls-bs1.0-bd0.01-bw0.1-knn15-faiss_atlas_weighted-5-randomwalk-ind1000-lr0.05-ep20-lbs10-blend0.8-infl50-ptls-rootdissolve-dn310,fold_8,learnls-manifold-nu2-K100-stride4-learnls-bs1.0-bd0.01-bw0.1-knn15-faiss_atlas_weighted-5-randomwalk-ind1000-lr0.05-ep20-lbs10-blend0.8-infl50-ptls-rootdissolve-dn3,manifold,97,PC 35:1 PE 38:1,PC_35-1_PE_38-1,0,1.129185438156128,0.1535423339809362,0.0197766779661621,0.9904013872146606,1677.1260550022123
FOLD-8-learnls-manifold-nu2-K100-stride4-learnls-bs1.0-bd0.01-bw0.1-knn15-faiss_atlas_weighted-5-randomwalk-ind1000-lr0.05-ep20-lbs10-blend0.8-infl50-ptls-rootdissolve-dn310,fold_8,learnls-manifold-nu2-K100-stride4-learnls-bs1.0-bd0.01-bw0.1-knn15-faiss_atlas_weighted-5-randomwalk-ind1000-lr0.05-ep20-lbs10-blend0.8-infl50-ptls-rootdissolve-dn3,manifold,18,PA 36:1,PA_36-1,0,1.025486707687378,0.4045123332066186,0.1524368733591625,0.887111246585846,1677.1260550022123
FOLD-8-learnls-manifold-nu2-K100-stride4-learnls-bs1.0-bd0.01-bw0.1-knn15-faiss_atlas_weighted-5-randomwalk-ind1000-lr0.05-ep20-lbs10-blend0.8-infl50-ptls-rootdissolve-dn310,fold_8,learnls-manifold-nu2-K100-stride4-learnls-bs1.0-bd0.01-bw0.1-knn15-faiss_atlas_weighted-5-randomwalk-ind1000-lr0.05-ep20-lbs10-blend0.8-infl50-ptls-rootdissolve-dn3,manifold,57,LPC 22:6,LPC_22-6,0,0.9046018719673156,0.4871592809636352,0.2366834377925883,0.8700870871543884,1677.1260550022123
FOLD-8-learnls-manifold-nu2-K100-stride4-learnls-bs1.0-bd0.01-bw0.1-knn15-faiss_atlas_weighted-5-randomwalk-ind1000-lr0.05-ep20-lbs10-blend0.8-infl50-ptls-rootdissolve-dn310,fold_8,learnls-manifold-nu2-K100-stride4-learnls-bs1.0-bd0.01-bw0.1-knn15-faiss_atlas_weighted-5-randomwalk-ind1000-lr0.05-ep20-lbs10-blend0.8-infl50-ptls-rootdissolve-dn3,manifold,86,PE O-36:0 PE O-38:3,PE_O-36-0_PE_O-38-3,0,0.8199169635772705,0.5273460360782816,0.2671464389351,0.8118351697921753,1677.1260550022123
FOLD-8-learnls-manifold-nu2-K100-stride4-learnls-bs1.0-bd0.01-bw0.1-knn15-faiss_atlas_weighted-5-randomwalk-ind1000-lr0.05-ep20-lbs10-blend0.8-infl50-ptls-rootdissolve-dn310,fold_8,learnls-manifold-nu2-K100-stride4-learnls-bs1.0-bd0.01-bw0.1-knn15-faiss_atlas_weighted-5-randomwalk-ind1000-lr0.05-ep20-lbs10-blend0.8-infl50-ptls-rootdissolve-dn3,manifold,171,Hex2Cer 40:1;O2,Hex2Cer_40-1_O2,0,0.7555559277534485,0.6479366964704044,0.4042514446730031,0.710109293460846,1677.1260550022123
FOLD-8-learnls-manifold-nu2-K100-stride4-learnls-bs1.0-bd0.01-bw0.1-knn15-faiss_atlas_weighted-5-randomwalk-ind1000-lr0.05-ep20-lbs10-blend0.8-infl50-rootdissolve-dn3-prune0.910,fold_8,learnls-manifold-nu2-K100-stride4-learnls-bs1.0-bd0.01-bw0.1-knn15-faiss_atlas_weighted-5-randomwalk-ind1000-lr0.05-ep20-lbs10-blend0.8-infl50-rootdissolve-dn3-prune0.9,manifold,97,PC 35:1 PE 38:1,PC_35-1_PE_38-1,0,1.1312731504440308,0.1442887709717018,0.0161487694150228,0.9913575053215028,738.5322668075562
FOLD-8-learnls-manifold-nu2-K100-stride4-learnls-bs1.0-bd0.01-bw0.1-knn15-faiss_atlas_weighted-5-randomwalk-ind1000-lr0.05-ep20-lbs10-blend0.8-infl50-rootdissolve-dn3-prune0.910,fold_8,learnls-manifold-nu2-K100-stride4-learnls-bs1.0-bd0.01-bw0.1-knn15-faiss_atlas_weighted-5-randomwalk-ind1000-lr0.05-ep20-lbs10-blend0.8-infl50-rootdissolve-dn3-prune0.9,manifold,18,PA 36:1,PA_36-1,0,1.019749402999878,0.416710084286845,0.1618941085693006,0.8855966925621033,738.5322668075562
FOLD-8-learnls-manifold-nu2-K100-stride4-learnls-bs1.0-bd0.01-bw0.1-knn15-faiss_atlas_weighted-5-randomwalk-ind1000-lr0.05-ep20-lbs10-blend0.8-infl50-rootdissolve-dn3-prune0.910,fold_8,learnls-manifold-nu2-K100-stride4-learnls-bs1.0-bd0.01-bw0.1-knn15-faiss_atlas_weighted-5-randomwalk-ind1000-lr0.05-ep20-lbs10-blend0.8-infl50-rootdissolve-dn3-prune0.9,manifold,57,LPC 22:6,LPC_22-6,0,0.8920546174049377,0.50842111471668,0.2577117681153155,0.8622300028800964,738.5322668075562
FOLD-8-learnls-manifold-nu2-K100-stride4-learnls-bs1.0-bd0.01-bw0.1-knn15-faiss_atlas_weighted-5-randomwalk-ind1000-lr0.05-ep20-lbs10-blend0.8-infl50-rootdissolve-dn3-prune0.910,fold_8,learnls-manifold-nu2-K100-stride4-learnls-bs1.0-bd0.01-bw0.1-knn15-faiss_atlas_weighted-5-randomwalk-ind1000-lr0.05-ep20-lbs10-blend0.8-infl50-rootdissolve-dn3-prune0.9,manifold,86,PE O-36:0 PE O-38:3,PE_O-36-0_PE_O-38-3,0,0.8097800612449646,0.5446832842676738,0.2851554250731615,0.806464433670044,738.5322668075562
FOLD-8-learnls-manifold-nu2-K100-stride4-learnls-bs1.0-bd0.01-bw0.1-knn15-faiss_atlas_weighted-5-randomwalk-ind1000-lr0.05-ep20-lbs10-blend0.8-infl50-rootdissolve-dn3-prune0.910,fold_8,learnls-manifold-nu2-K100-stride4-learnls-bs1.0-bd0.01-bw0.1-knn15-faiss_atlas_weighted-5-randomwalk-ind1000-lr0.05-ep20-lbs10-blend0.8-infl50-rootdissolve-dn3-prune0.9,manifold,171,Hex2Cer 40:1;O2,Hex2Cer_40-1_O2,0,0.7333458662033081,0.6720205612218377,0.438761524017221,0.7006000876426697,738.5322668075562
FOLD-8-learnls-manifold-nu2-K100-stride4-learnls-bs1.0-bd0.01-bw0.1-knn15-faiss_atlas_weighted-5-randomwalk-ind1000-lr0.05-ep20-lbs10-blend0.8-infl50-rootdissolve-dn3-prune0.9510,fold_8,learnls-manifold-nu2-K100-stride4-learnls-bs1.0-bd0.01-bw0.1-knn15-faiss_atlas_weighted-5-randomwalk-ind1000-lr0.05-ep20-lbs10-blend0.8-infl50-rootdissolve-dn3-prune0.95,manifold,97,PC 35:1 PE 38:1,PC_35-1_PE_38-1,0,1.131991267204285,0.1378418396203377,0.0148993445223725,0.9919750690460204,736.3296094894409
FOLD-8-learnls-manifold-nu2-K100-stride4-learnls-bs1.0-bd0.01-bw0.1-knn15-faiss_atlas_weighted-5-randomwalk-ind1000-lr0.05-ep20-lbs10-blend0.8-infl50-rootdissolve-dn3-prune0.9510,fold_8,learnls-manifold-nu2-K100-stride4-learnls-bs1.0-bd0.01-bw0.1-knn15-faiss_atlas_weighted-5-randomwalk-ind1000-lr0.05-ep20-lbs10-blend0.8-infl50-rootdissolve-dn3-prune0.95,manifold,18,PA 36:1,PA_36-1,0,1.0199518203735352,0.4162123840795469,0.1615613592933411,0.8846553564071655,736.3296094894409
FOLD-8-learnls-manifold-nu2-K100-stride4-learnls-bs1.0-bd0.01-bw0.1-knn15-faiss_atlas_weighted-5-randomwalk-ind1000-lr0.05-ep20-lbs10-blend0.8-infl50-rootdissolve-dn3-prune0.9510,fold_8,learnls-manifold-nu2-K100-stride4-learnls-bs1.0-bd0.01-bw0.1-knn15-faiss_atlas_weighted-5-randomwalk-ind1000-lr0.05-ep20-lbs10-blend0.8-infl50-rootdissolve-dn3-prune0.95,manifold,57,LPC 22:6,LPC_22-6,0,0.8856713175773621,0.5192355125271865,0.268296965119751,0.8573177456855774,736.3296094894409
FOLD-8-learnls-manifold-nu2-K100-stride4-learnls-bs1.0-bd0.01-bw0.1-knn15-faiss_atlas_weighted-5-randomwalk-ind1000-lr0.05-ep20-lbs10-blend0.8-infl50-rootdissolve-dn3-prune0.9510,fold_8,learnls-manifold-nu2-K100-stride4-learnls-bs1.0-bd0.01-bw0.1-knn15-faiss_atlas_weighted-5-randomwalk-ind1000-lr0.05-ep20-lbs10-blend0.8-infl50-rootdissolve-dn3-prune0.95,manifold,86,PE O-36:0 PE O-38:3,PE_O-36-0_PE_O-38-3,0,0.807379961013794,0.5488776534378579,0.2893865503819697,0.8091779351234436,736.3296094894409
FOLD-8-learnls-manifold-nu2-K100-stride4-learnls-bs1.0-bd0.01-bw0.1-knn15-faiss_atlas_weighted-5-randomwalk-ind1000-lr0.05-ep20-lbs10-blend0.8-infl50-rootdissolve-dn3-prune0.9510,fold_8,learnls-manifold-nu2-K100-stride4-learnls-bs1.0-bd0.01-bw0.1-knn15-faiss_atlas_weighted-5-randomwalk-ind1000-lr0.05-ep20-lbs10-blend0.8-infl50-rootdissolve-dn3-prune0.95,manifold,171,Hex2Cer 40:1;O2,Hex2Cer_40-1_O2,0,0.7231112122535706,0.6827362768523277,0.454317596344661,0.7036599516868591,736.3296094894409
FOLD-8-learnls-manifold-nu2-K100-stride4-learnls-bs1.0-bd0.01-bw0.1-knn15-faiss_atlas_weighted-5-randomwalk-ind1000-lr0.05-ep20-lbs10-blend0.8-infl50-rootdissolve-dn3-prune0.9710,fold_8,learnls-manifold-nu2-K100-stride4-learnls-bs1.0-bd0.01-bw0.1-knn15-faiss_atlas_weighted-5-randomwalk-ind1000-lr0.05-ep20-lbs10-blend0.8-infl50-rootdissolve-dn3-prune0.97,manifold,97,PC 35:1 PE 38:1,PC_35-1_PE_38-1,0,1.134045958518982,0.1289932160368197,0.0113199832712239,0.992580235004425,720.739575958252
FOLD-8-learnls-manifold-nu2-K100-stride4-learnls-bs1.0-bd0.01-bw0.1-knn15-faiss_atlas_weighted-5-randomwalk-ind1000-lr0.05-ep20-lbs10-blend0.8-infl50-rootdissolve-dn3-prune0.9710,fold_8,learnls-manifold-nu2-K100-stride4-learnls-bs1.0-bd0.01-bw0.1-knn15-faiss_atlas_weighted-5-randomwalk-ind1000-lr0.05-ep20-lbs10-blend0.8-infl50-rootdissolve-dn3-prune0.97,manifold,18,PA 36:1,PA_36-1,0,1.0278127193450928,0.4060899126057434,0.1485878146409681,0.8832303285598755,720.739575958252
FOLD-8-learnls-manifold-nu2-K100-stride4-learnls-bs1.0-bd0.01-bw0.1-knn15-faiss_atlas_weighted-5-randomwalk-ind1000-lr0.05-ep20-lbs10-blend0.8-infl50-rootdissolve-dn3-prune0.9710,fold_8,learnls-manifold-nu2-K100-stride4-learnls-bs1.0-bd0.01-bw0.1-knn15-faiss_atlas_weighted-5-randomwalk-ind1000-lr0.05-ep20-lbs10-blend0.8-infl50-rootdissolve-dn3-prune0.97,manifold,57,LPC 22:6,LPC_22-6,0,0.8906763195991516,0.5106025807020537,0.2600037694501601,0.8599323034286499,720.739575958252
FOLD-8-learnls-manifold-nu2-K100-stride4-learnls-bs1.0-bd0.01-bw0.1-knn15-faiss_atlas_weighted-5-randomwalk-ind1000-lr0.05-ep20-lbs10-blend0.8-infl50-rootdissolve-dn3-prune0.9710,fold_8,learnls-manifold-nu2-K100-stride4-learnls-bs1.0-bd0.01-bw0.1-knn15-faiss_atlas_weighted-5-randomwalk-ind1000-lr0.05-ep20-lbs10-blend0.8-infl50-rootdissolve-dn3-prune0.97,manifold,86,PE O-36:0 PE O-38:3,PE_O-36-0_PE_O-38-3,0,0.8112794160842896,0.5403313582598263,0.2825058303793613,0.8128435015678406,720.739575958252
FOLD-8-learnls-manifold-nu2-K100-stride4-learnls-bs1.0-bd0.01-bw0.1-knn15-faiss_atlas_weighted-5-randomwalk-ind1000-lr0.05-ep20-lbs10-blend0.8-infl50-rootdissolve-dn3-prune0.9710,fold_8,learnls-manifold-nu2-K100-stride4-learnls-bs1.0-bd0.01-bw0.1-knn15-faiss_atlas_weighted-5-randomwalk-ind1000-lr0.05-ep20-lbs10-blend0.8-infl50-rootdissolve-dn3-prune0.97,manifold,171,Hex2Cer 40:1;O2,Hex2Cer_40-1_O2,0,0.7271528244018555,0.6759747232938553,0.4482007395262624,0.7074384689331055,720.739575958252
FOLD-8-learnls-manifold-nu2-K100-stride4-learnls-bs1.0-bd0.01-bw0.1-knn15-faiss_atlas_weighted-5-randomwalk-ind1000-lr0.05-ep20-lbs10-blend0.8-infl50-rootdissolve-dn310,fold_8,learnls-manifold-nu2-K100-stride4-learnls-bs1.0-bd0.01-bw0.1-knn15-faiss_atlas_weighted-5-randomwalk-ind1000-lr0.05-ep20-lbs10-blend0.8-infl50-rootdissolve-dn3,manifold,97,PC 35:1 PE 38:1,PC_35-1_PE_38-1,0,1.1300586462020874,0.1518619004817256,0.0182600202295263,0.9922054409980774,843.5649337291718
FOLD-8-learnls-manifold-nu2-K100-stride4-learnls-bs1.0-bd0.01-bw0.1-knn15-faiss_atlas_weighted-5-randomwalk-ind1000-lr0.05-ep20-lbs10-blend0.8-infl50-rootdissolve-dn310,fold_8,learnls-manifold-nu2-K100-stride4-learnls-bs1.0-bd0.01-bw0.1-knn15-faiss_atlas_weighted-5-randomwalk-ind1000-lr0.05-ep20-lbs10-blend0.8-infl50-rootdissolve-dn3,manifold,18,PA 36:1,PA_36-1,0,1.0236008167266846,0.405913029863539,0.1555515023037386,0.8885610699653625,843.5649337291718
FOLD-8-learnls-manifold-nu2-K100-stride4-learnls-bs1.0-bd0.01-bw0.1-knn15-faiss_atlas_weighted-5-randomwalk-ind1000-lr0.05-ep20-lbs10-blend0.8-infl50-rootdissolve-dn310,fold_8,learnls-manifold-nu2-K100-stride4-learnls-bs1.0-bd0.01-bw0.1-knn15-faiss_atlas_weighted-5-randomwalk-ind1000-lr0.05-ep20-lbs10-blend0.8-infl50-rootdissolve-dn3,manifold,57,LPC 22:6,LPC_22-6,0,0.9045970439910888,0.4871450577760975,0.2366916792427593,0.8705224394798279,843.5649337291718
FOLD-8-learnls-manifold-nu2-K100-stride4-learnls-bs1.0-bd0.01-bw0.1-knn15-faiss_atlas_weighted-5-randomwalk-ind1000-lr0.05-ep20-lbs10-blend0.8-infl50-rootdissolve-dn310,fold_8,learnls-manifold-nu2-K100-stride4-learnls-bs1.0-bd0.01-bw0.1-knn15-faiss_atlas_weighted-5-randomwalk-ind1000-lr0.05-ep20-lbs10-blend0.8-infl50-rootdissolve-dn3,manifold,86,PE O-36:0 PE O-38:3,PE_O-36-0_PE_O-38-3,0,0.8192430138587952,0.5278462184284664,0.268350606382348,0.8120325207710266,843.5649337291718
FOLD-8-learnls-manifold-nu2-K100-stride4-learnls-bs1.0-bd0.01-bw0.1-knn15-faiss_atlas_weighted-5-randomwalk-ind1000-lr0.05-ep20-lbs10-blend0.8-infl50-rootdissolve-dn310,fold_8,learnls-manifold-nu2-K100-stride4-learnls-bs1.0-bd0.01-bw0.1-knn15-faiss_atlas_weighted-5-randomwalk-ind1000-lr0.05-ep20-lbs10-blend0.8-infl50-rootdissolve-dn3,manifold,171,Hex2Cer 40:1;O2,Hex2Cer_40-1_O2,0,0.754958987236023,0.6483631208979621,0.4051924792207571,0.7122451663017273,843.5649337291718
FOLD-8-learnls-manifold-nu2-K1300-stride4-learnls-bs1.0-bd0.01-bw0.1-knn15-faiss_atlas_weighted-5-randomwalk-ind1000-lr0.05-ep20-lbs10-blend0.8-infl50-ptls-rootdissolve-dn3-prune0.910,fold_8,learnls-manifold-nu2-K1300-stride4-learnls-bs1.0-bd0.01-bw0.1-knn15-faiss_atlas_weighted-5-randomwalk-ind1000-lr0.05-ep20-lbs10-blend0.8-infl50-ptls-rootdissolve-dn3-prune0.9,manifold,97,PC 35:1 PE 38:1,PC_35-1_PE_38-1,0,1.138236165046692,0.1497142541306006,0.0040002529804256,0.9712548851966858,1115.601682281494
FOLD-8-learnls-manifold-nu2-K1300-stride4-learnls-bs1.0-bd0.01-bw0.1-knn15-faiss_atlas_weighted-5-randomwalk-ind1000-lr0.05-ep20-lbs10-blend0.8-infl50-ptls-rootdissolve-dn3-prune0.910,fold_8,learnls-manifold-nu2-K1300-stride4-learnls-bs1.0-bd0.01-bw0.1-knn15-faiss_atlas_weighted-5-randomwalk-ind1000-lr0.05-ep20-lbs10-blend0.8-infl50-ptls-rootdissolve-dn3-prune0.9,manifold,18,PA 36:1,PA_36-1,0,1.0091906785964966,0.4589698667226384,0.1791601247182341,0.8205127716064453,1115.601682281494
FOLD-8-learnls-manifold-nu2-K1300-stride4-learnls-bs1.0-bd0.01-bw0.1-knn15-faiss_atlas_weighted-5-randomwalk-ind1000-lr0.05-ep20-lbs10-blend0.8-infl50-ptls-rootdissolve-dn3-prune0.910,fold_8,learnls-manifold-nu2-K1300-stride4-learnls-bs1.0-bd0.01-bw0.1-knn15-faiss_atlas_weighted-5-randomwalk-ind1000-lr0.05-ep20-lbs10-blend0.8-infl50-ptls-rootdissolve-dn3-prune0.9,manifold,57,LPC 22:6,LPC_22-6,0,0.8293278217315674,0.6016114470220836,0.3584328274524057,0.7676333785057068,1115.601682281494
FOLD-8-learnls-manifold-nu2-K1300-stride4-learnls-bs1.0-bd0.01-bw0.1-knn15-faiss_atlas_weighted-5-randomwalk-ind1000-lr0.05-ep20-lbs10-blend0.8-infl50-ptls-rootdissolve-dn3-prune0.910,fold_8,learnls-manifold-nu2-K1300-stride4-learnls-bs1.0-bd0.01-bw0.1-knn15-faiss_atlas_weighted-5-randomwalk-ind1000-lr0.05-ep20-lbs10-blend0.8-infl50-ptls-rootdissolve-dn3-prune0.9,manifold,86,PE O-36:0 PE O-38:3,PE_O-36-0_PE_O-38-3,0,0.752724289894104,0.6313519258929446,0.3823401379491322,0.7113243341445923,1115.601682281494
FOLD-8-learnls-manifold-nu2-K1300-stride4-learnls-bs1.0-bd0.01-bw0.1-knn15-faiss_atlas_weighted-5-randomwalk-ind1000-lr0.05-ep20-lbs10-blend0.8-infl50-ptls-rootdissolve-dn3-prune0.910,fold_8,learnls-manifold-nu2-K1300-stride4-learnls-bs1.0-bd0.01-bw0.1-knn15-faiss_atlas_weighted-5-randomwalk-ind1000-lr0.05-ep20-lbs10-blend0.8-infl50-ptls-rootdissolve-dn3-prune0.9,manifold,171,Hex2Cer 40:1;O2,Hex2Cer_40-1_O2,0,0.6458474397659302,0.7588021742774161,0.5646990253870361,0.5888591408729553,1115.601682281494
FOLD-8-learnls-manifold-nu2-K1300-stride4-learnls-bs1.0-bd0.01-bw0.1-knn15-faiss_atlas_weighted-5-randomwalk-ind1000-lr0.05-ep20-lbs10-blend0.8-infl50-ptls-rootdissolve-dn3-prune0.9510,fold_8,learnls-manifold-nu2-K1300-stride4-learnls-bs1.0-bd0.01-bw0.1-knn15-faiss_atlas_weighted-5-randomwalk-ind1000-lr0.05-ep20-lbs10-blend0.8-infl50-ptls-rootdissolve-dn3-prune0.95,manifold,97,PC 35:1 PE 38:1,PC_35-1_PE_38-1,0,1.1431163549423218,0.1340503581287053,-0.0045587696243551,0.9688647985458374,1037.3038732528687
FOLD-8-learnls-manifold-nu2-K1300-stride4-learnls-bs1.0-bd0.01-bw0.1-knn15-faiss_atlas_weighted-5-randomwalk-ind1000-lr0.05-ep20-lbs10-blend0.8-infl50-ptls-rootdissolve-dn3-prune0.9510,fold_8,learnls-manifold-nu2-K1300-stride4-learnls-bs1.0-bd0.01-bw0.1-knn15-faiss_atlas_weighted-5-randomwalk-ind1000-lr0.05-ep20-lbs10-blend0.8-infl50-ptls-rootdissolve-dn3-prune0.95,manifold,18,PA 36:1,PA_36-1,0,1.0377411842346191,0.4384782178283988,0.132059380074266,0.8193773031234741,1037.3038732528687
FOLD-8-learnls-manifold-nu2-K1300-stride4-learnls-bs1.0-bd0.01-bw0.1-knn15-faiss_atlas_weighted-5-randomwalk-ind1000-lr0.05-ep20-lbs10-blend0.8-infl50-ptls-rootdissolve-dn3-prune0.9510,fold_8,learnls-manifold-nu2-K1300-stride4-learnls-bs1.0-bd0.01-bw0.1-knn15-faiss_atlas_weighted-5-randomwalk-ind1000-lr0.05-ep20-lbs10-blend0.8-infl50-ptls-rootdissolve-dn3-prune0.95,manifold,57,LPC 22:6,LPC_22-6,0,0.8436881303787231,0.5837536021193489,0.3360221627456728,0.7665560841560364,1037.3038732528687
FOLD-8-learnls-manifold-nu2-K1300-stride4-learnls-bs1.0-bd0.01-bw0.1-knn15-faiss_atlas_weighted-5-randomwalk-ind1000-lr0.05-ep20-lbs10-blend0.8-infl50-ptls-rootdissolve-dn3-prune0.9510,fold_8,learnls-manifold-nu2-K1300-stride4-learnls-bs1.0-bd0.01-bw0.1-knn15-faiss_atlas_weighted-5-randomwalk-ind1000-lr0.05-ep20-lbs10-blend0.8-infl50-ptls-rootdissolve-dn3-prune0.95,manifold,86,PE O-36:0 PE O-38:3,PE_O-36-0_PE_O-38-3,0,0.7522372007369995,0.629611129473606,0.3831392715611933,0.7008248567581177,1037.3038732528687
FOLD-8-learnls-manifold-nu2-K1300-stride4-learnls-bs1.0-bd0.01-bw0.1-knn15-faiss_atlas_weighted-5-randomwalk-ind1000-lr0.05-ep20-lbs10-blend0.8-infl50-ptls-rootdissolve-dn3-prune0.9510,fold_8,learnls-manifold-nu2-K1300-stride4-learnls-bs1.0-bd0.01-bw0.1-knn15-faiss_atlas_weighted-5-randomwalk-ind1000-lr0.05-ep20-lbs10-blend0.8-infl50-ptls-rootdissolve-dn3-prune0.95,manifold,171,Hex2Cer 40:1;O2,Hex2Cer_40-1_O2,0,0.6637825965881348,0.746060399485631,0.5401867059702168,0.5647878646850586,1037.3038732528687
FOLD-8-learnls-manifold-nu2-K1300-stride4-learnls-bs1.0-bd0.01-bw0.1-knn15-faiss_atlas_weighted-5-randomwalk-ind1000-lr0.05-ep20-lbs10-blend0.8-infl50-ptls-rootdissolve-dn3-prune0.9710,fold_8,learnls-manifold-nu2-K1300-stride4-learnls-bs1.0-bd0.01-bw0.1-knn15-faiss_atlas_weighted-5-randomwalk-ind1000-lr0.05-ep20-lbs10-blend0.8-infl50-ptls-rootdissolve-dn3-prune0.97,manifold,97,PC 35:1 PE 38:1,PC_35-1_PE_38-1,0,1.1403871774673462,0.1447296484451341,0.0002322698802307,0.9732309579849244,1060.6847239971162
FOLD-8-learnls-manifold-nu2-K1300-stride4-learnls-bs1.0-bd0.01-bw0.1-knn15-faiss_atlas_weighted-5-randomwalk-ind1000-lr0.05-ep20-lbs10-blend0.8-infl50-ptls-rootdissolve-dn3-prune0.9710,fold_8,learnls-manifold-nu2-K1300-stride4-learnls-bs1.0-bd0.01-bw0.1-knn15-faiss_atlas_weighted-5-randomwalk-ind1000-lr0.05-ep20-lbs10-blend0.8-infl50-ptls-rootdissolve-dn3-prune0.97,manifold,18,PA 36:1,PA_36-1,0,1.0204505920410156,0.4460523144407164,0.160741130285262,0.8223597407341003,1060.6847239971162
FOLD-8-learnls-manifold-nu2-K1300-stride4-learnls-bs1.0-bd0.01-bw0.1-knn15-faiss_atlas_weighted-5-randomwalk-ind1000-lr0.05-ep20-lbs10-blend0.8-infl50-ptls-rootdissolve-dn3-prune0.9710,fold_8,learnls-manifold-nu2-K1300-stride4-learnls-bs1.0-bd0.01-bw0.1-knn15-faiss_atlas_weighted-5-randomwalk-ind1000-lr0.05-ep20-lbs10-blend0.8-infl50-ptls-rootdissolve-dn3-prune0.97,manifold,57,LPC 22:6,LPC_22-6,0,0.8293004631996155,0.6006878307148567,0.3584751155491845,0.772491991519928,1060.6847239971162
FOLD-8-learnls-manifold-nu2-K1300-stride4-learnls-bs1.0-bd0.01-bw0.1-knn15-faiss_atlas_weighted-5-randomwalk-ind1000-lr0.05-ep20-lbs10-blend0.8-infl50-ptls-rootdissolve-dn3-prune0.9710,fold_8,learnls-manifold-nu2-K1300-stride4-learnls-bs1.0-bd0.01-bw0.1-knn15-faiss_atlas_weighted-5-randomwalk-ind1000-lr0.05-ep20-lbs10-blend0.8-infl50-ptls-rootdissolve-dn3-prune0.97,manifold,86,PE O-36:0 PE O-38:3,PE_O-36-0_PE_O-38-3,0,0.749330997467041,0.6336459521253541,0.3878964948093223,0.7127431035041809,1060.6847239971162
FOLD-8-learnls-manifold-nu2-K1300-stride4-learnls-bs1.0-bd0.01-bw0.1-knn15-faiss_atlas_weighted-5-randomwalk-ind1000-lr0.05-ep20-lbs10-blend0.8-infl50-ptls-rootdissolve-dn3-prune0.9710,fold_8,learnls-manifold-nu2-K1300-stride4-learnls-bs1.0-bd0.01-bw0.1-knn15-faiss_atlas_weighted-5-randomwalk-ind1000-lr0.05-ep20-lbs10-blend0.8-infl50-ptls-rootdissolve-dn3-prune0.97,manifold,171,Hex2Cer 40:1;O2,Hex2Cer_40-1_O2,0,0.6539215445518494,0.7519132090544387,0.5537470806881104,0.5911951661109924,1060.6847239971162
FOLD-8-learnls-manifold-nu2-K1300-stride4-learnls-bs1.0-bd0.01-bw0.1-knn15-faiss_atlas_weighted-5-randomwalk-ind1000-lr0.05-ep20-lbs10-blend0.8-infl50-ptls-rootdissolve-dn310,fold_8,learnls-manifold-nu2-K1300-stride4-learnls-bs1.0-bd0.01-bw0.1-knn15-faiss_atlas_weighted-5-randomwalk-ind1000-lr0.05-ep20-lbs10-blend0.8-infl50-ptls-rootdissolve-dn3,manifold,97,PC 35:1 PE 38:1,PC_35-1_PE_38-1,0,1.1388684511184692,0.1435360460484422,0.0028934636182524,0.9730851650238036,1080.4157040596008
FOLD-8-learnls-manifold-nu2-K1300-stride4-learnls-bs1.0-bd0.01-bw0.1-knn15-faiss_atlas_weighted-5-randomwalk-ind1000-lr0.05-ep20-lbs10-blend0.8-infl50-ptls-rootdissolve-dn310,fold_8,learnls-manifold-nu2-K1300-stride4-learnls-bs1.0-bd0.01-bw0.1-knn15-faiss_atlas_weighted-5-randomwalk-ind1000-lr0.05-ep20-lbs10-blend0.8-infl50-ptls-rootdissolve-dn3,manifold,18,PA 36:1,PA_36-1,0,1.0198981761932373,0.4449528202401504,0.1616494932008484,0.825774610042572,1080.4157040596008
FOLD-8-learnls-manifold-nu2-K1300-stride4-learnls-bs1.0-bd0.01-bw0.1-knn15-faiss_atlas_weighted-5-randomwalk-ind1000-lr0.05-ep20-lbs10-blend0.8-infl50-ptls-rootdissolve-dn310,fold_8,learnls-manifold-nu2-K1300-stride4-learnls-bs1.0-bd0.01-bw0.1-knn15-faiss_atlas_weighted-5-randomwalk-ind1000-lr0.05-ep20-lbs10-blend0.8-infl50-ptls-rootdissolve-dn3,manifold,57,LPC 22:6,LPC_22-6,0,0.8484058976173401,0.5809428382433961,0.3285757423047147,0.7708389163017273,1080.4157040596008
FOLD-8-learnls-manifold-nu2-K1300-stride4-learnls-bs1.0-bd0.01-bw0.1-knn15-faiss_atlas_weighted-5-randomwalk-ind1000-lr0.05-ep20-lbs10-blend0.8-infl50-ptls-rootdissolve-dn310,fold_8,learnls-manifold-nu2-K1300-stride4-learnls-bs1.0-bd0.01-bw0.1-knn15-faiss_atlas_weighted-5-randomwalk-ind1000-lr0.05-ep20-lbs10-blend0.8-infl50-ptls-rootdissolve-dn3,manifold,86,PE O-36:0 PE O-38:3,PE_O-36-0_PE_O-38-3,0,0.7635839581489563,0.6202161908471507,0.364389453631027,0.7154577374458313,1080.4157040596008
FOLD-8-learnls-manifold-nu2-K1300-stride4-learnls-bs1.0-bd0.01-bw0.1-knn15-faiss_atlas_weighted-5-randomwalk-ind1000-lr0.05-ep20-lbs10-blend0.8-infl50-ptls-rootdissolve-dn310,fold_8,learnls-manifold-nu2-K1300-stride4-learnls-bs1.0-bd0.01-bw0.1-knn15-faiss_atlas_weighted-5-randomwalk-ind1000-lr0.05-ep20-lbs10-blend0.8-infl50-ptls-rootdissolve-dn3,manifold,171,Hex2Cer 40:1;O2,Hex2Cer_40-1_O2,0,0.6547919511795044,0.7511759355476321,0.5525583080166334,0.5932614803314209,1080.4157040596008
FOLD-8-learnls-manifold-nu2-K1300-stride4-learnls-bs1.0-bd0.01-bw0.1-knn15-faiss_atlas_weighted-5-randomwalk-ind1000-lr0.05-ep20-lbs10-blend0.8-infl50-rootdissolve-dn3-prune0.910,fold_8,learnls-manifold-nu2-K1300-stride4-learnls-bs1.0-bd0.01-bw0.1-knn15-faiss_atlas_weighted-5-randomwalk-ind1000-lr0.05-ep20-lbs10-blend0.8-infl50-rootdissolve-dn3-prune0.9,manifold,97,PC 35:1 PE 38:1,PC_35-1_PE_38-1,0,1.139724850654602,0.1480809056242985,0.0013931738933108,0.9709320664405824,528.505916595459
FOLD-8-learnls-manifold-nu2-K1300-stride4-learnls-bs1.0-bd0.01-bw0.1-knn15-faiss_atlas_weighted-5-randomwalk-ind1000-lr0.05-ep20-lbs10-blend0.8-infl50-rootdissolve-dn3-prune0.910,fold_8,learnls-manifold-nu2-K1300-stride4-learnls-bs1.0-bd0.01-bw0.1-knn15-faiss_atlas_weighted-5-randomwalk-ind1000-lr0.05-ep20-lbs10-blend0.8-infl50-rootdissolve-dn3-prune0.9,manifold,18,PA 36:1,PA_36-1,0,1.0106977224349976,0.4571785723592745,0.1767067335472671,0.8210217952728271,528.505916595459
FOLD-8-learnls-manifold-nu2-K1300-stride4-learnls-bs1.0-bd0.01-bw0.1-knn15-faiss_atlas_weighted-5-randomwalk-ind1000-lr0.05-ep20-lbs10-blend0.8-infl50-rootdissolve-dn3-prune0.910,fold_8,learnls-manifold-nu2-K1300-stride4-learnls-bs1.0-bd0.01-bw0.1-knn15-faiss_atlas_weighted-5-randomwalk-ind1000-lr0.05-ep20-lbs10-blend0.8-infl50-rootdissolve-dn3-prune0.9,manifold,57,LPC 22:6,LPC_22-6,0,0.8297247886657715,0.6011742265866492,0.3578184340974464,0.7673847675323486,528.505916595459
FOLD-8-learnls-manifold-nu2-K1300-stride4-learnls-bs1.0-bd0.01-bw0.1-knn15-faiss_atlas_weighted-5-randomwalk-ind1000-lr0.05-ep20-lbs10-blend0.8-infl50-rootdissolve-dn3-prune0.910,fold_8,learnls-manifold-nu2-K1300-stride4-learnls-bs1.0-bd0.01-bw0.1-knn15-faiss_atlas_weighted-5-randomwalk-ind1000-lr0.05-ep20-lbs10-blend0.8-infl50-rootdissolve-dn3-prune0.9,manifold,86,PE O-36:0 PE O-38:3,PE_O-36-0_PE_O-38-3,0,0.7518395185470581,0.6319922135977195,0.3837913282733511,0.7107290625572205,528.505916595459
FOLD-8-learnls-manifold-nu2-K1300-stride4-learnls-bs1.0-bd0.01-bw0.1-knn15-faiss_atlas_weighted-5-randomwalk-ind1000-lr0.05-ep20-lbs10-blend0.8-infl50-rootdissolve-dn3-prune0.910,fold_8,learnls-manifold-nu2-K1300-stride4-learnls-bs1.0-bd0.01-bw0.1-knn15-faiss_atlas_weighted-5-randomwalk-ind1000-lr0.05-ep20-lbs10-blend0.8-infl50-rootdissolve-dn3-prune0.9,manifold,171,Hex2Cer 40:1;O2,Hex2Cer_40-1_O2,0,0.6457752585411072,0.7585741210926731,0.5647962916973568,0.5892413854598999,528.505916595459
FOLD-8-learnls-manifold-nu2-K1300-stride4-learnls-bs1.0-bd0.01-bw0.1-knn15-faiss_atlas_weighted-5-randomwalk-ind1000-lr0.05-ep20-lbs10-blend0.8-infl50-rootdissolve-dn3-prune0.9510,fold_8,learnls-manifold-nu2-K1300-stride4-learnls-bs1.0-bd0.01-bw0.1-knn15-faiss_atlas_weighted-5-randomwalk-ind1000-lr0.05-ep20-lbs10-blend0.8-infl50-rootdissolve-dn3-prune0.95,manifold,97,PC 35:1 PE 38:1,PC_35-1_PE_38-1,0,1.1437220573425293,0.1400942876701844,-0.0056236925076373,0.9733479022979736,882.1549282550811
FOLD-8-learnls-manifold-nu2-K1300-stride4-learnls-bs1.0-bd0.01-bw0.1-knn15-faiss_atlas_weighted-5-randomwalk-ind1000-lr0.05-ep20-lbs10-blend0.8-infl50-rootdissolve-dn3-prune0.9510,fold_8,learnls-manifold-nu2-K1300-stride4-learnls-bs1.0-bd0.01-bw0.1-knn15-faiss_atlas_weighted-5-randomwalk-ind1000-lr0.05-ep20-lbs10-blend0.8-infl50-rootdissolve-dn3-prune0.95,manifold,18,PA 36:1,PA_36-1,0,1.0283921957015991,0.4381484496780702,0.1476273301496174,0.8230109214782715,882.1549282550811
FOLD-8-learnls-manifold-nu2-K1300-stride4-learnls-bs1.0-bd0.01-bw0.1-knn15-faiss_atlas_weighted-5-randomwalk-ind1000-lr0.05-ep20-lbs10-blend0.8-infl50-rootdissolve-dn3-prune0.9510,fold_8,learnls-manifold-nu2-K1300-stride4-learnls-bs1.0-bd0.01-bw0.1-knn15-faiss_atlas_weighted-5-randomwalk-ind1000-lr0.05-ep20-lbs10-blend0.8-infl50-rootdissolve-dn3-prune0.95,manifold,57,LPC 22:6,LPC_22-6,0,0.8359862565994263,0.5936703407997824,0.3480895372763493,0.7711119651794434,882.1549282550811
FOLD-8-learnls-manifold-nu2-K1300-stride4-learnls-bs1.0-bd0.01-bw0.1-knn15-faiss_atlas_weighted-5-randomwalk-ind1000-lr0.05-ep20-lbs10-blend0.8-infl50-rootdissolve-dn3-prune0.9510,fold_8,learnls-manifold-nu2-K1300-stride4-learnls-bs1.0-bd0.01-bw0.1-knn15-faiss_atlas_weighted-5-randomwalk-ind1000-lr0.05-ep20-lbs10-blend0.8-infl50-rootdissolve-dn3-prune0.95,manifold,86,PE O-36:0 PE O-38:3,PE_O-36-0_PE_O-38-3,0,0.7568522691726685,0.6259274499418478,0.3755470483055644,0.7126836776733398,882.1549282550811
FOLD-8-learnls-manifold-nu2-K1300-stride4-learnls-bs1.0-bd0.01-bw0.1-knn15-faiss_atlas_weighted-5-randomwalk-ind1000-lr0.05-ep20-lbs10-blend0.8-infl50-rootdissolve-dn3-prune0.9510,fold_8,learnls-manifold-nu2-K1300-stride4-learnls-bs1.0-bd0.01-bw0.1-knn15-faiss_atlas_weighted-5-randomwalk-ind1000-lr0.05-ep20-lbs10-blend0.8-infl50-rootdissolve-dn3-prune0.95,manifold,171,Hex2Cer 40:1;O2,Hex2Cer_40-1_O2,0,0.6631961464881897,0.7449029340528421,0.5409988456521959,0.5895455479621887,882.1549282550811
FOLD-8-learnls-manifold-nu2-K1300-stride4-learnls-bs1.0-bd0.01-bw0.1-knn15-faiss_atlas_weighted-5-randomwalk-ind1000-lr0.05-ep20-lbs10-blend0.8-infl50-rootdissolve-dn3-prune0.9710,fold_8,learnls-manifold-nu2-K1300-stride4-learnls-bs1.0-bd0.01-bw0.1-knn15-faiss_atlas_weighted-5-randomwalk-ind1000-lr0.05-ep20-lbs10-blend0.8-infl50-rootdissolve-dn3-prune0.97,manifold,97,PC 35:1 PE 38:1,PC_35-1_PE_38-1,0,1.1414711475372314,0.1435199016950295,-0.0016693144987625,0.9731634259223938,598.1969987869263
FOLD-8-learnls-manifold-nu2-K1300-stride4-learnls-bs1.0-bd0.01-bw0.1-knn15-faiss_atlas_weighted-5-randomwalk-ind1000-lr0.05-ep20-lbs10-blend0.8-infl50-rootdissolve-dn3-prune0.9710,fold_8,learnls-manifold-nu2-K1300-stride4-learnls-bs1.0-bd0.01-bw0.1-knn15-faiss_atlas_weighted-5-randomwalk-ind1000-lr0.05-ep20-lbs10-blend0.8-infl50-rootdissolve-dn3-prune0.97,manifold,18,PA 36:1,PA_36-1,0,1.021517038345337,0.4444208894282804,0.1589860981893442,0.822554349899292,598.1969987869263
FOLD-8-learnls-manifold-nu2-K1300-stride4-learnls-bs1.0-bd0.01-bw0.1-knn15-faiss_atlas_weighted-5-randomwalk-ind1000-lr0.05-ep20-lbs10-blend0.8-infl50-rootdissolve-dn3-prune0.9710,fold_8,learnls-manifold-nu2-K1300-stride4-learnls-bs1.0-bd0.01-bw0.1-knn15-faiss_atlas_weighted-5-randomwalk-ind1000-lr0.05-ep20-lbs10-blend0.8-infl50-rootdissolve-dn3-prune0.97,manifold,57,LPC 22:6,LPC_22-6,0,0.8295588493347168,0.600393473233574,0.3580752701101517,0.7724272608757019,598.1969987869263
FOLD-8-learnls-manifold-nu2-K1300-stride4-learnls-bs1.0-bd0.01-bw0.1-knn15-faiss_atlas_weighted-5-randomwalk-ind1000-lr0.05-ep20-lbs10-blend0.8-infl50-rootdissolve-dn3-prune0.9710,fold_8,learnls-manifold-nu2-K1300-stride4-learnls-bs1.0-bd0.01-bw0.1-knn15-faiss_atlas_weighted-5-randomwalk-ind1000-lr0.05-ep20-lbs10-blend0.8-infl50-rootdissolve-dn3-prune0.97,manifold,86,PE O-36:0 PE O-38:3,PE_O-36-0_PE_O-38-3,0,0.7482730746269226,0.6343794702770591,0.3896235628719799,0.7131311893463135,598.1969987869263
FOLD-8-learnls-manifold-nu2-K1300-stride4-learnls-bs1.0-bd0.01-bw0.1-knn15-faiss_atlas_weighted-5-randomwalk-ind1000-lr0.05-ep20-lbs10-blend0.8-infl50-rootdissolve-dn3-prune0.9710,fold_8,learnls-manifold-nu2-K1300-stride4-learnls-bs1.0-bd0.01-bw0.1-knn15-faiss_atlas_weighted-5-randomwalk-ind1000-lr0.05-ep20-lbs10-blend0.8-infl50-rootdissolve-dn3-prune0.97,manifold,171,Hex2Cer 40:1;O2,Hex2Cer_40-1_O2,0,0.6559562087059021,0.7503470841326044,0.5509657705721269,0.5916300415992737,598.1969987869263
FOLD-8-learnls-manifold-nu2-K1300-stride4-learnls-bs1.0-bd0.01-bw0.1-knn15-faiss_atlas_weighted-5-randomwalk-ind1000-lr0.05-ep20-lbs10-blend0.8-infl50-rootdissolve-dn310,fold_8,learnls-manifold-nu2-K1300-stride4-learnls-bs1.0-bd0.01-bw0.1-knn15-faiss_atlas_weighted-5-randomwalk-ind1000-lr0.05-ep20-lbs10-blend0.8-infl50-rootdissolve-dn3,manifold,97,PC 35:1 PE 38:1,PC_35-1_PE_38-1,0,1.1396598815917969,0.1423174672889879,0.0015071932400779,0.9744867086410522,577.6743962287903
FOLD-8-learnls-manifold-nu2-K1300-stride4-learnls-bs1.0-bd0.01-bw0.1-knn15-faiss_atlas_weighted-5-randomwalk-ind1000-lr0.05-ep20-lbs10-blend0.8-infl50-rootdissolve-dn310,fold_8,learnls-manifold-nu2-K1300-stride4-learnls-bs1.0-bd0.01-bw0.1-knn15-faiss_atlas_weighted-5-randomwalk-ind1000-lr0.05-ep20-lbs10-blend0.8-infl50-rootdissolve-dn3,manifold,18,PA 36:1,PA_36-1,0,1.0205836296081543,0.4441153893673901,0.1605223130539741,0.825878381729126,577.6743962287903
FOLD-8-learnls-manifold-nu2-K1300-stride4-learnls-bs1.0-bd0.01-bw0.1-knn15-faiss_atlas_weighted-5-randomwalk-ind1000-lr0.05-ep20-lbs10-blend0.8-infl50-rootdissolve-dn310,fold_8,learnls-manifold-nu2-K1300-stride4-learnls-bs1.0-bd0.01-bw0.1-knn15-faiss_atlas_weighted-5-randomwalk-ind1000-lr0.05-ep20-lbs10-blend0.8-infl50-rootdissolve-dn3,manifold,57,LPC 22:6,LPC_22-6,0,0.8476617932319641,0.5816173203964421,0.3297529861746295,0.7710228562355042,577.6743962287903
FOLD-8-learnls-manifold-nu2-K1300-stride4-learnls-bs1.0-bd0.01-bw0.1-knn15-faiss_atlas_weighted-5-randomwalk-ind1000-lr0.05-ep20-lbs10-blend0.8-infl50-rootdissolve-dn310,fold_8,learnls-manifold-nu2-K1300-stride4-learnls-bs1.0-bd0.01-bw0.1-knn15-faiss_atlas_weighted-5-randomwalk-ind1000-lr0.05-ep20-lbs10-blend0.8-infl50-rootdissolve-dn3,manifold,86,PE O-36:0 PE O-38:3,PE_O-36-0_PE_O-38-3,0,0.7645240426063538,0.6192473210740311,0.3628234359579573,0.7164324522018433,577.6743962287903
FOLD-8-learnls-manifold-nu2-K1300-stride4-learnls-bs1.0-bd0.01-bw0.1-knn15-faiss_atlas_weighted-5-randomwalk-ind1000-lr0.05-ep20-lbs10-blend0.8-infl50-rootdissolve-dn310,fold_8,learnls-manifold-nu2-K1300-stride4-learnls-bs1.0-bd0.01-bw0.1-knn15-faiss_atlas_weighted-5-randomwalk-ind1000-lr0.05-ep20-lbs10-blend0.8-infl50-rootdissolve-dn3,manifold,171,Hex2Cer 40:1;O2,Hex2Cer_40-1_O2,0,0.6544944047927856,0.7511167208148853,0.5529649068896139,0.5902617573738098,577.6743962287903
FOLD-8-learnls-manifold-nu2-K300-stride4-learnls-bs1.0-bd0.01-bw0.1-knn15-faiss_atlas_weighted-5-randomwalk-ind1000-lr0.05-ep20-lbs10-blend0.8-infl50-ptls-rootdissolve-dn3-prune0.910,fold_8,learnls-manifold-nu2-K300-stride4-learnls-bs1.0-bd0.01-bw0.1-knn15-faiss_atlas_weighted-5-randomwalk-ind1000-lr0.05-ep20-lbs10-blend0.8-infl50-ptls-rootdissolve-dn3-prune0.9,manifold,97,PC 35:1 PE 38:1,PC_35-1_PE_38-1,0,1.1442928314208984,0.1166603491374047,-0.0066275972248759,0.9849330186843872,1734.9565104961396
FOLD-8-learnls-manifold-nu2-K300-stride4-learnls-bs1.0-bd0.01-bw0.1-knn15-faiss_atlas_weighted-5-randomwalk-ind1000-lr0.05-ep20-lbs10-blend0.8-infl50-ptls-rootdissolve-dn3-prune0.910,fold_8,learnls-manifold-nu2-K300-stride4-learnls-bs1.0-bd0.01-bw0.1-knn15-faiss_atlas_weighted-5-randomwalk-ind1000-lr0.05-ep20-lbs10-blend0.8-infl50-ptls-rootdissolve-dn3-prune0.9,manifold,18,PA 36:1,PA_36-1,0,1.032282471656799,0.4238984752250976,0.141166239226943,0.8535177707672119,1734.9565104961396
FOLD-8-learnls-manifold-nu2-K300-stride4-learnls-bs1.0-bd0.01-bw0.1-knn15-faiss_atlas_weighted-5-randomwalk-ind1000-lr0.05-ep20-lbs10-blend0.8-infl50-ptls-rootdissolve-dn3-prune0.910,fold_8,learnls-manifold-nu2-K300-stride4-learnls-bs1.0-bd0.01-bw0.1-knn15-faiss_atlas_weighted-5-randomwalk-ind1000-lr0.05-ep20-lbs10-blend0.8-infl50-ptls-rootdissolve-dn3-prune0.9,manifold,57,LPC 22:6,LPC_22-6,0,0.8529661893844604,0.5671910369394849,0.3213383304443222,0.8102169632911682,1734.9565104961396
FOLD-8-learnls-manifold-nu2-K300-stride4-learnls-bs1.0-bd0.01-bw0.1-knn15-faiss_atlas_weighted-5-randomwalk-ind1000-lr0.05-ep20-lbs10-blend0.8-infl50-ptls-rootdissolve-dn3-prune0.910,fold_8,learnls-manifold-nu2-K300-stride4-learnls-bs1.0-bd0.01-bw0.1-knn15-faiss_atlas_weighted-5-randomwalk-ind1000-lr0.05-ep20-lbs10-blend0.8-infl50-ptls-rootdissolve-dn3-prune0.9,manifold,86,PE O-36:0 PE O-38:3,PE_O-36-0_PE_O-38-3,0,0.779518723487854,0.5922731421222472,0.3375843531020318,0.7505102157592773,1734.9565104961396
FOLD-8-learnls-manifold-nu2-K300-stride4-learnls-bs1.0-bd0.01-bw0.1-knn15-faiss_atlas_weighted-5-randomwalk-ind1000-lr0.05-ep20-lbs10-blend0.8-infl50-ptls-rootdissolve-dn3-prune0.910,fold_8,learnls-manifold-nu2-K300-stride4-learnls-bs1.0-bd0.01-bw0.1-knn15-faiss_atlas_weighted-5-randomwalk-ind1000-lr0.05-ep20-lbs10-blend0.8-infl50-ptls-rootdissolve-dn3-prune0.9,manifold,171,Hex2Cer 40:1;O2,Hex2Cer_40-1_O2,0,0.6760767698287964,0.728718001771947,0.5229962648829924,0.6293464303016663,1734.9565104961396
FOLD-8-learnls-manifold-nu2-K300-stride4-learnls-bs1.0-bd0.01-bw0.1-knn15-faiss_atlas_weighted-5-randomwalk-ind1000-lr0.05-ep20-lbs10-blend0.8-infl50-ptls-rootdissolve-dn3-prune0.9510,fold_8,learnls-manifold-nu2-K300-stride4-learnls-bs1.0-bd0.01-bw0.1-knn15-faiss_atlas_weighted-5-randomwalk-ind1000-lr0.05-ep20-lbs10-blend0.8-infl50-ptls-rootdissolve-dn3-prune0.95,manifold,97,PC 35:1 PE 38:1,PC_35-1_PE_38-1,0,1.1445109844207764,0.1193759046111793,-0.0070115217440684,0.9843398332595824,1841.227655220032
FOLD-8-learnls-manifold-nu2-K300-stride4-learnls-bs1.0-bd0.01-bw0.1-knn15-faiss_atlas_weighted-5-randomwalk-ind1000-lr0.05-ep20-lbs10-blend0.8-infl50-ptls-rootdissolve-dn3-prune0.9510,fold_8,learnls-manifold-nu2-K300-stride4-learnls-bs1.0-bd0.01-bw0.1-knn15-faiss_atlas_weighted-5-randomwalk-ind1000-lr0.05-ep20-lbs10-blend0.8-infl50-ptls-rootdissolve-dn3-prune0.95,manifold,18,PA 36:1,PA_36-1,0,1.0265297889709473,0.4253020426044085,0.1507119001787192,0.8557608127593994,1841.227655220032
FOLD-8-learnls-manifold-nu2-K300-stride4-learnls-bs1.0-bd0.01-bw0.1-knn15-faiss_atlas_weighted-5-randomwalk-ind1000-lr0.05-ep20-lbs10-blend0.8-infl50-ptls-rootdissolve-dn3-prune0.9510,fold_8,learnls-manifold-nu2-K300-stride4-learnls-bs1.0-bd0.01-bw0.1-knn15-faiss_atlas_weighted-5-randomwalk-ind1000-lr0.05-ep20-lbs10-blend0.8-infl50-ptls-rootdissolve-dn3-prune0.95,manifold,57,LPC 22:6,LPC_22-6,0,0.8667632341384888,0.5476830263798068,0.299205578245814,0.8144444823265076,1841.227655220032
FOLD-8-learnls-manifold-nu2-K300-stride4-learnls-bs1.0-bd0.01-bw0.1-knn15-faiss_atlas_weighted-5-randomwalk-ind1000-lr0.05-ep20-lbs10-blend0.8-infl50-ptls-rootdissolve-dn3-prune0.9510,fold_8,learnls-manifold-nu2-K300-stride4-learnls-bs1.0-bd0.01-bw0.1-knn15-faiss_atlas_weighted-5-randomwalk-ind1000-lr0.05-ep20-lbs10-blend0.8-infl50-ptls-rootdissolve-dn3-prune0.95,manifold,86,PE O-36:0 PE O-38:3,PE_O-36-0_PE_O-38-3,0,0.8005439043045044,0.5641570584422397,0.3013690940986637,0.7594742774963379,1841.227655220032
FOLD-8-learnls-manifold-nu2-K300-stride4-learnls-bs1.0-bd0.01-bw0.1-knn15-faiss_atlas_weighted-5-randomwalk-ind1000-lr0.05-ep20-lbs10-blend0.8-infl50-ptls-rootdissolve-dn3-prune0.9510,fold_8,learnls-manifold-nu2-K300-stride4-learnls-bs1.0-bd0.01-bw0.1-knn15-faiss_atlas_weighted-5-randomwalk-ind1000-lr0.05-ep20-lbs10-blend0.8-infl50-ptls-rootdissolve-dn3-prune0.95,manifold,171,Hex2Cer 40:1;O2,Hex2Cer_40-1_O2,0,0.6899316906929016,0.7153907750546636,0.503245308959973,0.6392794847488403,1841.227655220032
FOLD-8-learnls-manifold-nu2-K300-stride4-learnls-bs1.0-bd0.01-bw0.1-knn15-faiss_atlas_weighted-5-randomwalk-ind1000-lr0.05-ep20-lbs10-blend0.8-infl50-ptls-rootdissolve-dn3-prune0.9710,fold_8,learnls-manifold-nu2-K300-stride4-learnls-bs1.0-bd0.01-bw0.1-knn15-faiss_atlas_weighted-5-randomwalk-ind1000-lr0.05-ep20-lbs10-blend0.8-infl50-ptls-rootdissolve-dn3-prune0.97,manifold,97,PC 35:1 PE 38:1,PC_35-1_PE_38-1,0,1.1389644145965576,0.1311922333766626,0.0027253296205783,0.985448718070984,1304.0078102111815
FOLD-8-learnls-manifold-nu2-K300-stride4-learnls-bs1.0-bd0.01-bw0.1-knn15-faiss_atlas_weighted-5-randomwalk-ind1000-lr0.05-ep20-lbs10-blend0.8-infl50-ptls-rootdissolve-dn3-prune0.9710,fold_8,learnls-manifold-nu2-K300-stride4-learnls-bs1.0-bd0.01-bw0.1-knn15-faiss_atlas_weighted-5-randomwalk-ind1000-lr0.05-ep20-lbs10-blend0.8-infl50-ptls-rootdissolve-dn3-prune0.97,manifold,18,PA 36:1,PA_36-1,0,1.0150189399719238,0.4352668012326091,0.1696518185352028,0.8581774234771729,1304.0078102111815
FOLD-8-learnls-manifold-nu2-K300-stride4-learnls-bs1.0-bd0.01-bw0.1-knn15-faiss_atlas_weighted-5-randomwalk-ind1000-lr0.05-ep20-lbs10-blend0.8-infl50-ptls-rootdissolve-dn3-prune0.9710,fold_8,learnls-manifold-nu2-K300-stride4-learnls-bs1.0-bd0.01-bw0.1-knn15-faiss_atlas_weighted-5-randomwalk-ind1000-lr0.05-ep20-lbs10-blend0.8-infl50-ptls-rootdissolve-dn3-prune0.97,manifold,57,LPC 22:6,LPC_22-6,0,0.866412341594696,0.547980067066047,0.2997728872502063,0.8166396021842957,1304.0078102111815
FOLD-8-learnls-manifold-nu2-K300-stride4-learnls-bs1.0-bd0.01-bw0.1-knn15-faiss_atlas_weighted-5-randomwalk-ind1000-lr0.05-ep20-lbs10-blend0.8-infl50-ptls-rootdissolve-dn3-prune0.9710,fold_8,learnls-manifold-nu2-K300-stride4-learnls-bs1.0-bd0.01-bw0.1-knn15-faiss_atlas_weighted-5-randomwalk-ind1000-lr0.05-ep20-lbs10-blend0.8-infl50-ptls-rootdissolve-dn3-prune0.97,manifold,86,PE O-36:0 PE O-38:3,PE_O-36-0_PE_O-38-3,0,0.799176037311554,0.5655165431778884,0.3037545345750319,0.7617450952529907,1304.0078102111815
FOLD-8-learnls-manifold-nu2-K300-stride4-learnls-bs1.0-bd0.01-bw0.1-knn15-faiss_atlas_weighted-5-randomwalk-ind1000-lr0.05-ep20-lbs10-blend0.8-infl50-ptls-rootdissolve-dn3-prune0.9710,fold_8,learnls-manifold-nu2-K300-stride4-learnls-bs1.0-bd0.01-bw0.1-knn15-faiss_atlas_weighted-5-randomwalk-ind1000-lr0.05-ep20-lbs10-blend0.8-infl50-ptls-rootdissolve-dn3-prune0.97,manifold,171,Hex2Cer 40:1;O2,Hex2Cer_40-1_O2,0,0.6884910464286804,0.7181758086599503,0.5053177539961943,0.6467104554176331,1304.0078102111815
FOLD-8-learnls-manifold-nu2-K300-stride4-learnls-bs1.0-bd0.01-bw0.1-knn15-faiss_atlas_weighted-5-randomwalk-ind1000-lr0.05-ep20-lbs10-blend0.8-infl50-ptls-rootdissolve-dn310,fold_8,learnls-manifold-nu2-K300-stride4-learnls-bs1.0-bd0.01-bw0.1-knn15-faiss_atlas_weighted-5-randomwalk-ind1000-lr0.05-ep20-lbs10-blend0.8-infl50-ptls-rootdissolve-dn3,manifold,97,PC 35:1 PE 38:1,PC_35-1_PE_38-1,0,1.1435024738311768,0.1114520784377951,-0.0052375410480782,0.9846107363700868,2880.321122407913
FOLD-8-learnls-manifold-nu2-K300-stride4-learnls-bs1.0-bd0.01-bw0.1-knn15-faiss_atlas_weighted-5-randomwalk-ind1000-lr0.05-ep20-lbs10-blend0.8-infl50-ptls-rootdissolve-dn310,fold_8,learnls-manifold-nu2-K300-stride4-learnls-bs1.0-bd0.01-bw0.1-knn15-faiss_atlas_weighted-5-randomwalk-ind1000-lr0.05-ep20-lbs10-blend0.8-infl50-ptls-rootdissolve-dn3,manifold,18,PA 36:1,PA_36-1,0,1.0471879243850708,0.4045227397222035,0.1161852959956855,0.8631581664085388,2880.321122407913
FOLD-8-learnls-manifold-nu2-K300-stride4-learnls-bs1.0-bd0.01-bw0.1-knn15-faiss_atlas_weighted-5-randomwalk-ind1000-lr0.05-ep20-lbs10-blend0.8-infl50-ptls-rootdissolve-dn310,fold_8,learnls-manifold-nu2-K300-stride4-learnls-bs1.0-bd0.01-bw0.1-knn15-faiss_atlas_weighted-5-randomwalk-ind1000-lr0.05-ep20-lbs10-blend0.8-infl50-ptls-rootdissolve-dn3,manifold,57,LPC 22:6,LPC_22-6,0,0.8795543313026428,0.532765250415263,0.2783692331803485,0.8219616413116455,2880.321122407913
FOLD-8-learnls-manifold-nu2-K300-stride4-learnls-bs1.0-bd0.01-bw0.1-knn15-faiss_atlas_weighted-5-randomwalk-ind1000-lr0.05-ep20-lbs10-blend0.8-infl50-ptls-rootdissolve-dn310,fold_8,learnls-manifold-nu2-K300-stride4-learnls-bs1.0-bd0.01-bw0.1-knn15-faiss_atlas_weighted-5-randomwalk-ind1000-lr0.05-ep20-lbs10-blend0.8-infl50-ptls-rootdissolve-dn3,manifold,86,PE O-36:0 PE O-38:3,PE_O-36-0_PE_O-38-3,0,0.7958318591117859,0.5740812625453754,0.3095692431018526,0.7603657245635986,2880.321122407913
FOLD-8-learnls-manifold-nu2-K300-stride4-learnls-bs1.0-bd0.01-bw0.1-knn15-faiss_atlas_weighted-5-randomwalk-ind1000-lr0.05-ep20-lbs10-blend0.8-infl50-ptls-rootdissolve-dn310,fold_8,learnls-manifold-nu2-K300-stride4-learnls-bs1.0-bd0.01-bw0.1-knn15-faiss_atlas_weighted-5-randomwalk-ind1000-lr0.05-ep20-lbs10-blend0.8-infl50-ptls-rootdissolve-dn3,manifold,171,Hex2Cer 40:1;O2,Hex2Cer_40-1_O2,0,0.7066153287887573,0.704033881751381,0.4789302428997483,0.6395721435546875,2880.321122407913
FOLD-8-learnls-manifold-nu2-K300-stride4-learnls-bs1.0-bd0.01-bw0.1-knn15-faiss_atlas_weighted-5-randomwalk-ind1000-lr0.05-ep20-lbs10-blend0.8-infl50-rootdissolve-dn3-prune0.910,fold_8,learnls-manifold-nu2-K300-stride4-learnls-bs1.0-bd0.01-bw0.1-knn15-faiss_atlas_weighted-5-randomwalk-ind1000-lr0.05-ep20-lbs10-blend0.8-infl50-rootdissolve-dn3-prune0.9,manifold,97,PC 35:1 PE 38:1,PC_35-1_PE_38-1,0,1.1471272706985474,0.1120642583134453,-0.0116206202207076,0.9848904013633728,729.5231159210205
FOLD-8-learnls-manifold-nu2-K300-stride4-learnls-bs1.0-bd0.01-bw0.1-knn15-faiss_atlas_weighted-5-randomwalk-ind1000-lr0.05-ep20-lbs10-blend0.8-infl50-rootdissolve-dn3-prune0.910,fold_8,learnls-manifold-nu2-K300-stride4-learnls-bs1.0-bd0.01-bw0.1-knn15-faiss_atlas_weighted-5-randomwalk-ind1000-lr0.05-ep20-lbs10-blend0.8-infl50-rootdissolve-dn3-prune0.9,manifold,18,PA 36:1,PA_36-1,0,1.03262197971344,0.4231850489830607,0.1406013650833303,0.8538889288902283,729.5231159210205
FOLD-8-learnls-manifold-nu2-K300-stride4-learnls-bs1.0-bd0.01-bw0.1-knn15-faiss_atlas_weighted-5-randomwalk-ind1000-lr0.05-ep20-lbs10-blend0.8-infl50-rootdissolve-dn3-prune0.910,fold_8,learnls-manifold-nu2-K300-stride4-learnls-bs1.0-bd0.01-bw0.1-knn15-faiss_atlas_weighted-5-randomwalk-ind1000-lr0.05-ep20-lbs10-blend0.8-infl50-rootdissolve-dn3-prune0.9,manifold,57,LPC 22:6,LPC_22-6,0,0.8532915115356445,0.5668481245606696,0.3208205376938261,0.8106035590171814,729.5231159210205
FOLD-8-learnls-manifold-nu2-K300-stride4-learnls-bs1.0-bd0.01-bw0.1-knn15-faiss_atlas_weighted-5-randomwalk-ind1000-lr0.05-ep20-lbs10-blend0.8-infl50-rootdissolve-dn3-prune0.910,fold_8,learnls-manifold-nu2-K300-stride4-learnls-bs1.0-bd0.01-bw0.1-knn15-faiss_atlas_weighted-5-randomwalk-ind1000-lr0.05-ep20-lbs10-blend0.8-infl50-rootdissolve-dn3-prune0.9,manifold,86,PE O-36:0 PE O-38:3,PE_O-36-0_PE_O-38-3,0,0.7782806158065796,0.5933173210217267,0.3396868501488492,0.7507888674736023,729.5231159210205
FOLD-8-learnls-manifold-nu2-K300-stride4-learnls-bs1.0-bd0.01-bw0.1-knn15-faiss_atlas_weighted-5-randomwalk-ind1000-lr0.05-ep20-lbs10-blend0.8-infl50-rootdissolve-dn3-prune0.910,fold_8,learnls-manifold-nu2-K300-stride4-learnls-bs1.0-bd0.01-bw0.1-knn15-faiss_atlas_weighted-5-randomwalk-ind1000-lr0.05-ep20-lbs10-blend0.8-infl50-rootdissolve-dn3-prune0.9,manifold,171,Hex2Cer 40:1;O2,Hex2Cer_40-1_O2,0,0.6754575371742249,0.7288657000488192,0.5238696211239149,0.62920743227005,729.5231159210205
FOLD-8-learnls-manifold-nu2-K300-stride4-learnls-bs1.0-bd0.01-bw0.1-knn15-faiss_atlas_weighted-5-randomwalk-ind1000-lr0.05-ep20-lbs10-blend0.8-infl50-rootdissolve-dn3-prune0.9510,fold_8,learnls-manifold-nu2-K300-stride4-learnls-bs1.0-bd0.01-bw0.1-knn15-faiss_atlas_weighted-5-randomwalk-ind1000-lr0.05-ep20-lbs10-blend0.8-infl50-rootdissolve-dn3-prune0.95,manifold,97,PC 35:1 PE 38:1,PC_35-1_PE_38-1,0,1.1468206644058228,0.116115586751009,-0.0110800304467286,0.9839506149291992,768.8889272689819
FOLD-8-learnls-manifold-nu2-K300-stride4-learnls-bs1.0-bd0.01-bw0.1-knn15-faiss_atlas_weighted-5-randomwalk-ind1000-lr0.05-ep20-lbs10-blend0.8-infl50-rootdissolve-dn3-prune0.9510,fold_8,learnls-manifold-nu2-K300-stride4-learnls-bs1.0-bd0.01-bw0.1-knn15-faiss_atlas_weighted-5-randomwalk-ind1000-lr0.05-ep20-lbs10-blend0.8-infl50-rootdissolve-dn3-prune0.95,manifold,18,PA 36:1,PA_36-1,0,1.025798797607422,0.4253347675704886,0.1519210273495274,0.8563595414161682,768.8889272689819
FOLD-8-learnls-manifold-nu2-K300-stride4-learnls-bs1.0-bd0.01-bw0.1-knn15-faiss_atlas_weighted-5-randomwalk-ind1000-lr0.05-ep20-lbs10-blend0.8-infl50-rootdissolve-dn3-prune0.9510,fold_8,learnls-manifold-nu2-K300-stride4-learnls-bs1.0-bd0.01-bw0.1-knn15-faiss_atlas_weighted-5-randomwalk-ind1000-lr0.05-ep20-lbs10-blend0.8-infl50-rootdissolve-dn3-prune0.95,manifold,57,LPC 22:6,LPC_22-6,0,0.8671877980232239,0.5471558925703501,0.2985189033196831,0.8146964311599731,768.8889272689819
FOLD-8-learnls-manifold-nu2-K300-stride4-learnls-bs1.0-bd0.01-bw0.1-knn15-faiss_atlas_weighted-5-randomwalk-ind1000-lr0.05-ep20-lbs10-blend0.8-infl50-rootdissolve-dn3-prune0.9510,fold_8,learnls-manifold-nu2-K300-stride4-learnls-bs1.0-bd0.01-bw0.1-knn15-faiss_atlas_weighted-5-randomwalk-ind1000-lr0.05-ep20-lbs10-blend0.8-infl50-rootdissolve-dn3-prune0.95,manifold,86,PE O-36:0 PE O-38:3,PE_O-36-0_PE_O-38-3,0,0.7990798354148865,0.5656861009017509,0.3039221375049805,0.7599673271179199,768.8889272689819
FOLD-8-learnls-manifold-nu2-K300-stride4-learnls-bs1.0-bd0.01-bw0.1-knn15-faiss_atlas_weighted-5-randomwalk-ind1000-lr0.05-ep20-lbs10-blend0.8-infl50-rootdissolve-dn3-prune0.9510,fold_8,learnls-manifold-nu2-K300-stride4-learnls-bs1.0-bd0.01-bw0.1-knn15-faiss_atlas_weighted-5-randomwalk-ind1000-lr0.05-ep20-lbs10-blend0.8-infl50-rootdissolve-dn3-prune0.95,manifold,171,Hex2Cer 40:1;O2,Hex2Cer_40-1_O2,0,0.6896542310714722,0.7155569218589355,0.5036448414770754,0.6395276188850403,768.8889272689819
FOLD-8-learnls-manifold-nu2-K300-stride4-learnls-bs1.0-bd0.01-bw0.1-knn15-faiss_atlas_weighted-5-randomwalk-ind1000-lr0.05-ep20-lbs10-blend0.8-infl50-rootdissolve-dn3-prune0.9710,fold_8,learnls-manifold-nu2-K300-stride4-learnls-bs1.0-bd0.01-bw0.1-knn15-faiss_atlas_weighted-5-randomwalk-ind1000-lr0.05-ep20-lbs10-blend0.8-infl50-rootdissolve-dn3-prune0.97,manifold,97,PC 35:1 PE 38:1,PC_35-1_PE_38-1,0,1.1404783725738523,0.1284722047127425,7.237556191275196e-05,0.9852277636528016,746.1811744689942
FOLD-8-learnls-manifold-nu2-K300-stride4-learnls-bs1.0-bd0.01-bw0.1-knn15-faiss_atlas_weighted-5-randomwalk-ind1000-lr0.05-ep20-lbs10-blend0.8-infl50-rootdissolve-dn3-prune0.9710,fold_8,learnls-manifold-nu2-K300-stride4-learnls-bs1.0-bd0.01-bw0.1-knn15-faiss_atlas_weighted-5-randomwalk-ind1000-lr0.05-ep20-lbs10-blend0.8-infl50-rootdissolve-dn3-prune0.97,manifold,18,PA 36:1,PA_36-1,0,1.0139466524124146,0.4355639103869221,0.1714053330936402,0.8591299653053284,746.1811744689942
FOLD-8-learnls-manifold-nu2-K300-stride4-learnls-bs1.0-bd0.01-bw0.1-knn15-faiss_atlas_weighted-5-randomwalk-ind1000-lr0.05-ep20-lbs10-blend0.8-infl50-rootdissolve-dn3-prune0.9710,fold_8,learnls-manifold-nu2-K300-stride4-learnls-bs1.0-bd0.01-bw0.1-knn15-faiss_atlas_weighted-5-randomwalk-ind1000-lr0.05-ep20-lbs10-blend0.8-infl50-rootdissolve-dn3-prune0.97,manifold,57,LPC 22:6,LPC_22-6,0,0.8668249845504761,0.5474421648648625,0.2991057351035788,0.8169254660606384,746.1811744689942
FOLD-8-learnls-manifold-nu2-K300-stride4-learnls-bs1.0-bd0.01-bw0.1-knn15-faiss_atlas_weighted-5-randomwalk-ind1000-lr0.05-ep20-lbs10-blend0.8-infl50-rootdissolve-dn3-prune0.9710,fold_8,learnls-manifold-nu2-K300-stride4-learnls-bs1.0-bd0.01-bw0.1-knn15-faiss_atlas_weighted-5-randomwalk-ind1000-lr0.05-ep20-lbs10-blend0.8-infl50-rootdissolve-dn3-prune0.97,manifold,86,PE O-36:0 PE O-38:3,PE_O-36-0_PE_O-38-3,0,0.7972411513328552,0.5676655131189324,0.3071217508577315,0.7622175812721252,746.1811744689942
FOLD-8-learnls-manifold-nu2-K300-stride4-learnls-bs1.0-bd0.01-bw0.1-knn15-faiss_atlas_weighted-5-randomwalk-ind1000-lr0.05-ep20-lbs10-blend0.8-infl50-rootdissolve-dn3-prune0.9710,fold_8,learnls-manifold-nu2-K300-stride4-learnls-bs1.0-bd0.01-bw0.1-knn15-faiss_atlas_weighted-5-randomwalk-ind1000-lr0.05-ep20-lbs10-blend0.8-infl50-rootdissolve-dn3-prune0.97,manifold,171,Hex2Cer 40:1;O2,Hex2Cer_40-1_O2,0,0.6884310245513916,0.7181786063987793,0.5054039862107056,0.6468655467033386,746.1811744689942
FOLD-8-learnls-manifold-nu2-K300-stride4-learnls-bs1.0-bd0.01-bw0.1-knn15-faiss_atlas_weighted-5-randomwalk-ind1000-lr0.05-ep20-lbs10-blend0.8-infl50-rootdissolve-dn310,fold_8,learnls-manifold-nu2-K300-stride4-learnls-bs1.0-bd0.01-bw0.1-knn15-faiss_atlas_weighted-5-randomwalk-ind1000-lr0.05-ep20-lbs10-blend0.8-infl50-rootdissolve-dn3,manifold,97,PC 35:1 PE 38:1,PC_35-1_PE_38-1,0,1.1456396579742432,0.1083220924086952,-0.0089986206331369,0.9843025207519532,730.0002678394318
FOLD-8-learnls-manifold-nu2-K300-stride4-learnls-bs1.0-bd0.01-bw0.1-knn15-faiss_atlas_weighted-5-randomwalk-ind1000-lr0.05-ep20-lbs10-blend0.8-infl50-rootdissolve-dn310,fold_8,learnls-manifold-nu2-K300-stride4-learnls-bs1.0-bd0.01-bw0.1-knn15-faiss_atlas_weighted-5-randomwalk-ind1000-lr0.05-ep20-lbs10-blend0.8-infl50-rootdissolve-dn3,manifold,18,PA 36:1,PA_36-1,0,1.0475585460662842,0.4040520861782096,0.1155596036192101,0.8637151718139648,730.0002678394318
FOLD-8-learnls-manifold-nu2-K300-stride4-learnls-bs1.0-bd0.01-bw0.1-knn15-faiss_atlas_weighted-5-randomwalk-ind1000-lr0.05-ep20-lbs10-blend0.8-infl50-rootdissolve-dn310,fold_8,learnls-manifold-nu2-K300-stride4-learnls-bs1.0-bd0.01-bw0.1-knn15-faiss_atlas_weighted-5-randomwalk-ind1000-lr0.05-ep20-lbs10-blend0.8-infl50-rootdissolve-dn3,manifold,57,LPC 22:6,LPC_22-6,0,0.8799293637275696,0.5323363968744702,0.2777537589794653,0.8223187327384949,730.0002678394318
FOLD-8-learnls-manifold-nu2-K300-stride4-learnls-bs1.0-bd0.01-bw0.1-knn15-faiss_atlas_weighted-5-randomwalk-ind1000-lr0.05-ep20-lbs10-blend0.8-infl50-rootdissolve-dn310,fold_8,learnls-manifold-nu2-K300-stride4-learnls-bs1.0-bd0.01-bw0.1-knn15-faiss_atlas_weighted-5-randomwalk-ind1000-lr0.05-ep20-lbs10-blend0.8-infl50-rootdissolve-dn3,manifold,86,PE O-36:0 PE O-38:3,PE_O-36-0_PE_O-38-3,0,0.7948882579803467,0.5748678604839956,0.3112054834815588,0.7600351572036743,730.0002678394318
FOLD-8-learnls-manifold-nu2-K300-stride4-learnls-bs1.0-bd0.01-bw0.1-knn15-faiss_atlas_weighted-5-randomwalk-ind1000-lr0.05-ep20-lbs10-blend0.8-infl50-rootdissolve-dn310,fold_8,learnls-manifold-nu2-K300-stride4-learnls-bs1.0-bd0.01-bw0.1-knn15-faiss_atlas_weighted-5-randomwalk-ind1000-lr0.05-ep20-lbs10-blend0.8-infl50-rootdissolve-dn3,manifold,171,Hex2Cer 40:1;O2,Hex2Cer_40-1_O2,0,0.7054458856582642,0.704462661443227,0.4806534890339982,0.639008641242981,730.0002678394318
FOLD-8-spectral-nu2-K100-stride4-bw0.1-knn15-faiss_atlas_weighted-5-randomwalk-lr0.05-ep20-lbs10-rootdissolve-dn310,fold_8,spectral-nu2-K100-stride4-bw0.1-knn15-faiss_atlas_weighted-5-randomwalk-lr0.05-ep20-lbs10-rootdissolve-dn3,spectral,97,PC 35:1 PE 38:1,PC_35-1_PE_38-1,0,1.1284617185592651,0.1528514673210915,0.021032783679912,0.9933450818061828,174.53790950775146
FOLD-8-spectral-nu2-K100-stride4-bw0.1-knn15-faiss_atlas_weighted-5-randomwalk-lr0.05-ep20-lbs10-rootdissolve-dn310,fold_8,spectral-nu2-K100-stride4-bw0.1-knn15-faiss_atlas_weighted-5-randomwalk-lr0.05-ep20-lbs10-rootdissolve-dn3,spectral,18,PA 36:1,PA_36-1,0,1.0241962671279907,0.4128211936220192,0.1545686049511411,0.8873235583305359,174.53790950775146
FOLD-8-spectral-nu2-K100-stride4-bw0.1-knn15-faiss_atlas_weighted-5-randomwalk-lr0.05-ep20-lbs10-rootdissolve-dn310,fold_8,spectral-nu2-K100-stride4-bw0.1-knn15-faiss_atlas_weighted-5-randomwalk-lr0.05-ep20-lbs10-rootdissolve-dn3,spectral,57,LPC 22:6,LPC_22-6,0,0.9046545028686525,0.4872847931847442,0.2365947408739449,0.8542503118515015,174.53790950775146
FOLD-8-spectral-nu2-K100-stride4-bw0.1-knn15-faiss_atlas_weighted-5-randomwalk-lr0.05-ep20-lbs10-rootdissolve-dn310,fold_8,spectral-nu2-K100-stride4-bw0.1-knn15-faiss_atlas_weighted-5-randomwalk-lr0.05-ep20-lbs10-rootdissolve-dn3,spectral,86,PE O-36:0 PE O-38:3,PE_O-36-0_PE_O-38-3,0,0.8172453045845032,0.5302296176885115,0.2719145567684071,0.8157504200935364,174.53790950775146
FOLD-8-spectral-nu2-K100-stride4-bw0.1-knn15-faiss_atlas_weighted-5-randomwalk-lr0.05-ep20-lbs10-rootdissolve-dn310,fold_8,spectral-nu2-K100-stride4-bw0.1-knn15-faiss_atlas_weighted-5-randomwalk-lr0.05-ep20-lbs10-rootdissolve-dn3,spectral,171,Hex2Cer 40:1;O2,Hex2Cer_40-1_O2,0,0.7574977874755859,0.6496998301467524,0.4011852130419384,0.7183607220649719,174.53790950775146
FOLD-8-spectral-nu2-K1300-stride4-bw0.1-knn15-faiss_atlas_weighted-5-randomwalk-lr0.05-ep20-lbs10-rootdissolve-dn310,fold_8,spectral-nu2-K1300-stride4-bw0.1-knn15-faiss_atlas_weighted-5-randomwalk-lr0.05-ep20-lbs10-rootdissolve-dn3,spectral,97,PC 35:1 PE 38:1,PC_35-1_PE_38-1,0,1.159854292869568,0.1260778034706022,-0.0341923310409209,0.9778941869735718,202.0492997646332
FOLD-8-spectral-nu2-K1300-stride4-bw0.1-knn15-faiss_atlas_weighted-5-randomwalk-lr0.05-ep20-lbs10-rootdissolve-dn310,fold_8,spectral-nu2-K1300-stride4-bw0.1-knn15-faiss_atlas_weighted-5-randomwalk-lr0.05-ep20-lbs10-rootdissolve-dn3,spectral,18,PA 36:1,PA_36-1,0,1.077092170715332,0.3909979012514083,0.0649869666877176,0.8226109147071838,202.0492997646332
FOLD-8-spectral-nu2-K1300-stride4-bw0.1-knn15-faiss_atlas_weighted-5-randomwalk-lr0.05-ep20-lbs10-rootdissolve-dn310,fold_8,spectral-nu2-K1300-stride4-bw0.1-knn15-faiss_atlas_weighted-5-randomwalk-lr0.05-ep20-lbs10-rootdissolve-dn3,spectral,57,LPC 22:6,LPC_22-6,0,0.8708437085151672,0.5573551528911723,0.2925917469307353,0.7469627261161804,202.0492997646332
FOLD-8-spectral-nu2-K1300-stride4-bw0.1-knn15-faiss_atlas_weighted-5-randomwalk-lr0.05-ep20-lbs10-rootdissolve-dn310,fold_8,spectral-nu2-K1300-stride4-bw0.1-knn15-faiss_atlas_weighted-5-randomwalk-lr0.05-ep20-lbs10-rootdissolve-dn3,spectral,86,PE O-36:0 PE O-38:3,PE_O-36-0_PE_O-38-3,0,0.8180118203163147,0.5798547916736213,0.2705480757912607,0.7165648937225342,202.0492997646332
FOLD-8-spectral-nu2-K1300-stride4-bw0.1-knn15-faiss_atlas_weighted-5-randomwalk-lr0.05-ep20-lbs10-rootdissolve-dn310,fold_8,spectral-nu2-K1300-stride4-bw0.1-knn15-faiss_atlas_weighted-5-randomwalk-lr0.05-ep20-lbs10-rootdissolve-dn3,spectral,171,Hex2Cer 40:1;O2,Hex2Cer_40-1_O2,0,0.7116556167602539,0.7147045525721129,0.4714701360685396,0.5712514519691467,202.0492997646332
