lipid,model,kernel_family,n_folds,n_runs,test_rmse_z_mean,test_rmse_z_median,test_rmse_z_min,test_rmse_z_max,test_corr_mean,test_corr_median,test_corr_min,test_corr_max,test_r2_mean,test_r2_median,test_r2_min,test_r2_max,mean_pred_std_z_mean,mean_pred_std_z_median,mean_pred_std_z_min,mean_pred_std_z_max,fit_sec_mean,fit_sec_median,fit_sec_min,fit_sec_max
Hex2Cer 40:1;O2,[full] MANIFOLD-RSAMPLE-5-4-K100-reference-5-data-1000-1000-faiss_atlas_weighted-50-15-randomwalk-2-1.0-0.01-0.1-learndiff1.0-blend0.8-level_5annot-rootdissolve-dn3-prune0.910,whole-brain Riemann manifold latent GP (inducing-point),8,8,0.5706487849189373,0.5697335295052126,0.5190235142289213,0.6354453181888584,0.8239550324174068,0.8232992250955412,0.7858218734607963,0.8557144500470073,0.672754394447559,0.6752861177138567,0.5962092475918604,0.7306145916774607,,,,,,,,
Hex2Cer 40:1;O2,[full] MANIFOLD-RSAMPLE-5-4-K100-reference-5-data-2000-1000-faiss_atlas_weighted-50-15-randomwalk-2-1.0-0.01-0.1-learndiff1.0-blend0.810,whole-brain Riemann manifold latent GP (inducing-point),8,8,0.5672028307268179,0.5700610757105757,0.5163270134858342,0.6215784912470081,0.8256169577180879,0.8239764190867069,0.7928835304904827,0.8570510548432022,0.6767063793921544,0.6749567680532266,0.613640179219093,0.7334064151447992,,,,,,,,
Hex2Cer 40:1;O2,[full] SPECTRAL-5-4-K300-reference-5-1000-faiss_cluster_weighted-50-15-randomwalk-2-1.0-0.01-0.1-1.0-clk64-sw1.0-cs010,whole-brain Riemann manifold latent GP (spectral / weight-space eigenbasis),8,8,0.5675349387659373,0.5702918563204813,0.5217074265474316,0.6208978129603465,0.8262453475475315,0.8250735047093676,0.7943264487879298,0.8536035636435044,0.6765139923592872,0.6747386027496047,0.6144859058610586,0.7278213610852562,,,,,,,,
Hex2Cer 40:1;O2,[full] SPECTRAL-5-4-K300-reference-5-1000-faiss_cluster_weighted-50-15-randomwalk-2-1.0-0.01-0.1-1.0-clk64-sw1.0-cs0-learndiff1.010,whole-brain Riemann manifold latent GP (spectral / weight-space eigenbasis),8,8,0.5688093841996378,0.5709693377160496,0.5180796748386448,0.6300506549547982,0.8247570682285115,0.82288477017084,0.789598422233153,0.8561036762881011,0.6748651138318282,0.6739197413423772,0.6030361721910299,0.7315934505190841,,,,,,,,
Hex2Cer 40:1;O2,[full] SPECTRAL-5-4-K100-reference-5-1000-faiss_atlas_weighted-50-15-randomwalk-2-1.0-0.01-0.1-1.0-level_5annot-rootdissolve-dn3-prune0.95-learndiff1.010,whole-brain Riemann manifold latent GP (spectral / weight-space eigenbasis),8,8,0.5713021947749288,0.5712267388095373,0.5194964715011978,0.6373821829995935,0.8234404400903519,0.823600126561504,0.7847444678341005,0.8550055792006097,0.6718790574733662,0.6736994330285928,0.5937439527946727,0.7301234160978052,,,,,,,,
Hex2Cer 40:1;O2,[full] SPECTRAL-5-4-K100-reference-5-1000-faiss-1-15-randomwalk-2-1.0-0.01-0.1-1.010,whole-brain Riemann manifold latent GP (spectral / weight-space eigenbasis),8,8,0.5717982312339108,0.571463654058771,0.5239981778846692,0.6418158935651178,0.8230356237107619,0.8226999837943092,0.7810693155868339,0.8522771654544349,0.6710699789427488,0.6734100452131794,0.5880723587672093,0.7254259095735466,,,,,,,,
Hex2Cer 40:1;O2,[full] SPECTRAL-5-4-K300-reference-5-1000-faiss_atlas_weighted-50-15-randomwalk-2-1.0-0.01-0.1-1.0-level_5annot-rootdissolve-dn3-prune0.97-learndiff1.0-learnspecw10,whole-brain Riemann manifold latent GP (spectral / weight-space eigenbasis),8,8,0.570600785991761,0.5716476167646475,0.5232385923792319,0.6304627022087758,0.823238703917145,0.8219193078950231,0.7850581292351655,0.8524349029717175,0.6728848898513435,0.6732133220788222,0.6025167811236085,0.726221375445,,,,,,,,
Hex2Cer 40:1;O2,[full] SPECTRAL-5-4-K300-reference-5-1000-faiss-1-15-randomwalk-2-1.0-0.01-0.1-1.010,whole-brain Riemann manifold latent GP (spectral / weight-space eigenbasis),8,8,0.5702936421177148,0.5720842626898797,0.5196939682519371,0.6365063638884155,0.8233484215385665,0.821610050997176,0.7836232402192417,0.8557461244169912,0.6731421956938363,0.6726846400316006,0.594859648729548,0.7299181793625545,,,,,,,,
Hex2Cer 40:1;O2,[full] SPECTRAL-5-4-K100-reference-5-1000-faiss_atlas_weighted-50-15-randomwalk-2-1.0-0.01-0.1-1.0-level_5annot-rootdissolve-dn3-prune0.97-learndiff1.010,whole-brain Riemann manifold latent GP (spectral / weight-space eigenbasis),8,8,0.5743339612062192,0.5722106560336992,0.5199321121273145,0.6491180402186358,0.8216067213222833,0.8219122997328496,0.7760928735403384,0.8544038627809197,0.6680145359056298,0.6725701169022036,0.5786457698627174,0.7296705987788297,,,,,,,,
Hex2Cer 40:1;O2,[full] SPECTRAL-5-4-K2300-reference-5-1000-faiss_atlas_weighted-50-15-randomwalk-2-1.0-0.01-0.1-1.0-learndiff1.010,whole-brain Riemann manifold latent GP (spectral / weight-space eigenbasis),8,8,0.5774228603874695,0.5723301931480718,0.5267290801163683,0.655195221067667,0.8197968746870337,0.8217629784477323,0.7732985488332874,0.8518813505270966,0.6643178302040453,0.6724337060949103,0.570719222290091,0.7225564761597645,,,,,,,,
Hex2Cer 40:1;O2,[full] MANIFOLD-RSAMPLE-5-4-K300-reference-5-data-1000-1000-faiss_atlas_weighted-50-15-randomwalk-2-1.0-0.01-0.1-learndiff1.0-blend0.8-level_5annot-rootdissolve-dn3-prune0.910,whole-brain Riemann manifold latent GP (inducing-point),8,8,0.5730295968520358,0.5723999023967549,0.5235158995503596,0.6315412735980362,0.8216423633130256,0.8221807514541628,0.7852995705331552,0.8529289046284473,0.6700987849862019,0.6722544046964967,0.6011556197421704,0.7259311029179778,,,,,,,,
Hex2Cer 40:1;O2,[full] SPECTRAL-5-4-K100-reference-5-1000-faiss_atlas_weighted-50-15-randomwalk-2-1.0-0.01-0.1-1.0-rootdissolve-dn3-prune0.97-learndiff1.010,whole-brain Riemann manifold latent GP (spectral / weight-space eigenbasis),8,8,0.5735645101482748,0.5730911026652113,0.5231818595109277,0.6417316012880263,0.8213997920862299,0.8215826086030404,0.7768400809191698,0.8523883810843089,0.6689984867975778,0.6715539399611956,0.5881805519083056,0.726280741878688,,,,,,,,
Hex2Cer 40:1;O2,[full] MANIFOLD-RSAMPLE-5-4-K100-reference-5-data-1000-1000-faiss_atlas_weighted-50-15-randomwalk-2-1.0-0.01-0.1-learndiff1.0-blend0.8-level_5annot-rootdissolve-dn3-prune0.9710,whole-brain Riemann manifold latent GP (inducing-point),8,8,0.567538182388968,0.5731521460976688,0.5190039777687019,0.617555189901391,0.8253235161581305,0.8212977772183789,0.7963167091770897,0.8555708899564192,0.676590461699522,0.671453830342441,0.6186255874258568,0.7306348710602648,,,,,,,,
Hex2Cer 40:1;O2,[full] MANIFOLD-RSAMPLE-5-4-K100-reference-5-data-1000-1000-faiss_atlas_weighted-50-15-randomwalk-2-1.0-0.01-0.1-learndiff1.0-blend0.8-level_5annot-rootdissolve-dn3-prune0.9510,whole-brain Riemann manifold latent GP (inducing-point),8,8,0.5708619814493703,0.5731495731871308,0.5227447497526652,0.6255014706545986,0.8232878008658693,0.8210518875974244,0.7909328513000977,0.8531144742690205,0.672705972572891,0.6714027795422094,0.6087479102089344,0.7267379266060234,,,,,,,,
Hex2Cer 40:1;O2,[full] MANIFOLD-RSAMPLE-5-4-K100-reference-5-data-1000-1000-faiss_atlas_weighted-50-15-randomwalk-2-1.0-0.01-0.1-learndiff1.0-blend0.8-rootdissolve-dn3-prune0.9710,whole-brain Riemann manifold latent GP (inducing-point),8,8,0.5726581127835146,0.5734675714985866,0.5273089174356068,0.6314916901152549,0.8222470531766348,0.8216341428838203,0.7868287922199546,0.8507206279690133,0.6704851557400149,0.6710857996123685,0.6012182453153789,0.7219453055928884,,,,,,,,
Hex2Cer 40:1;O2,[full] SPECTRAL-5-4-K1300-reference-5-1000-faiss_atlas_weighted-50-15-randomwalk-2-1.0-0.01-0.1-1.0-level_5annot-rootdissolve-dn3-prune0.95-learndiff1.010,whole-brain Riemann manifold latent GP (spectral / weight-space eigenbasis),8,8,0.5793190689851251,0.5738061918379714,0.524616992199631,0.6652687115904943,0.8183042403789839,0.8214786712648567,0.767050735245694,0.8520654468269142,0.6616859146170692,0.6707103906441249,0.5574175413787237,0.7247770114954123,,,,,,,,
Hex2Cer 40:1;O2,[full] MANIFOLD-RSAMPLE-5-4-K100-reference-5-data-1000-1000-faiss_atlas_weighted-50-15-randomwalk-2-1.0-0.01-0.1-learndiff1.0-blend0.8-rootdissolve-dn3-prune0.9510,whole-brain Riemann manifold latent GP (inducing-point),8,8,0.5733324530622925,0.5740592725336694,0.5267910228653044,0.6347562796677786,0.8218224265471782,0.8203036304428444,0.785720041318409,0.8509638367831951,0.6698237337515353,0.6703585849016603,0.5970844654223209,0.7224912182285262,,,,,,,,
Hex2Cer 40:1;O2,[full] SPECTRAL-5-4-K300-reference-5-1000-faiss-1-15-randomwalk-2-1.0-0.01-0.1-1.0-learndiff1.010,whole-brain Riemann manifold latent GP (spectral / weight-space eigenbasis),8,8,0.5725377366041557,0.5740993426838557,0.5277584533827036,0.6303236499641404,0.8226860811317496,0.8211195413401862,0.7889424453999165,0.8515311008410249,0.6706837118980374,0.6703455850671058,0.6026920962958838,0.7214710148830967,,,,,,,,
Hex2Cer 40:1;O2,[full] SPECTRAL-5-4-K300-reference-5-1000-faiss_atlas_weighted-50-15-randomwalk-2-1.0-0.01-0.1-1.0-level_5annot-rootdissolve-dn3-prune0.9-learndiff1.010,whole-brain Riemann manifold latent GP (spectral / weight-space eigenbasis),8,8,0.5750192511040797,0.5744817245526177,0.5250727448080352,0.6557461185371912,0.821878235495739,0.8204927782057231,0.7796921759359773,0.8519350549672701,0.6673495132944425,0.6699706590175509,0.5699970280234079,0.7242986126597559,,,,,,,,
Hex2Cer 40:1;O2,[full] SPECTRAL-5-4-K100-reference-5-1000-faiss_atlas_weighted-50-15-randomwalk-2-1.0-0.01-0.1-1.010,whole-brain Riemann manifold latent GP (spectral / weight-space eigenbasis),8,8,0.5785887255848869,0.5747295630548303,0.5240576858408917,0.6656229001596012,0.8186503915579761,0.8195724665323576,0.7684178773307679,0.8528830902996106,0.6627304771178686,0.669671101782612,0.5569461547831216,0.7253635419110892,,,,,,,,
Hex2Cer 40:1;O2,[full] SPECTRAL-5-4-K100-reference-5-1000-faiss_cluster_weighted-50-15-randomwalk-2-1.0-0.01-0.1-1.0-clk64-sw1.0-cs010,whole-brain Riemann manifold latent GP (spectral / weight-space eigenbasis),8,8,0.5749407995738138,0.574798986494701,0.5192460360964587,0.6474602983339967,0.82006050112767,0.8195781621299691,0.7731514197505422,0.8557321535114085,0.6672427434383545,0.6695901976939584,0.580795162081252,0.7303835539981152,,,,,,,,
Hex2Cer 40:1;O2,[full] SPECTRAL-5-4-K1300-reference-5-1000-faiss_atlas_weighted-50-15-randomwalk-2-1.0-0.01-0.1-1.0-level_5annot-rootdissolve-dn3-prune0.97-learndiff1.0-learnspecw10,whole-brain Riemann manifold latent GP (spectral / weight-space eigenbasis),8,8,0.576841082871137,0.5752047086535912,0.5256969786312995,0.6518043906957073,0.819950336822099,0.8210519532423275,0.771232358469445,0.8529771288624317,0.6651985293909146,0.6691252383222874,0.5751510362697978,0.7236426866579231,,,,,,,,
Hex2Cer 40:1;O2,[full] SPECTRAL-5-4-K100-reference-5-1000-faiss_atlas_weighted-50-15-randomwalk-2-1.0-0.01-0.1-1.0-level_5annot-rootdissolve-dn3-prune0.9-learndiff1.010,whole-brain Riemann manifold latent GP (spectral / weight-space eigenbasis),8,8,0.5743759888877144,0.575388869394399,0.5220831055053697,0.6492557572906689,0.8221817090316887,0.8192859257836068,0.7813482570966854,0.8538845029589982,0.6678544182749193,0.6689233971682391,0.5784669616249201,0.727429230945869,,,,,,,,
Hex2Cer 40:1;O2,[full] SPECTRAL-5-4-K300-reference-5-1000-faiss_atlas_weighted-50-15-randomwalk-2-1.0-0.01-0.1-1.0-rootdissolve-dn3-prune0.95-learndiff1.010,whole-brain Riemann manifold latent GP (spectral / weight-space eigenbasis),8,8,0.5741562486388339,0.5754570427733554,0.5178392477148498,0.6474204097885967,0.8220763665411666,0.8199347609315275,0.7812178924172948,0.8559279431017565,0.6681155604979212,0.6687884437811074,0.5808468129891655,0.7318425135261184,,,,,,,,
Hex2Cer 40:1;O2,[full] SPECTRAL-5-4-K100-reference-5-1000-faiss_cluster_weighted-50-15-randomwalk-2-1.0-0.01-0.1-1.0-clk64-sw1.0-cs0-learndiff1.010,whole-brain Riemann manifold latent GP (spectral / weight-space eigenbasis),8,8,0.5755570240333122,0.5762170443805621,0.5229835849989513,0.6469325905373181,0.820626227049535,0.820034255721223,0.7790168271051883,0.8527591790758506,0.6665810475007499,0.667954042096986,0.5814782233006747,0.7264881698216448,,,,,,,,
Hex2Cer 40:1;O2,[full] SPECTRAL-5-4-K100-reference-5-1000-faiss_atlas_weighted-50-15-randomwalk-2-1.0-0.01-0.1-1.0-rootdissolve-dn3-prune0.95-learndiff1.010,whole-brain Riemann manifold latent GP (spectral / weight-space eigenbasis),8,8,0.572842161254139,0.5764549153443581,0.5231427631739684,0.6475275564187644,0.8221409482145895,0.8191278523991964,0.7773965124848009,0.8530218278057156,0.6699789916417345,0.6676994808858796,0.5807080636783439,0.7263216493387052,,,,,,,,
Hex2Cer 40:1;O2,[full] SPECTRAL-5-4-K100-reference-5-1000-faiss_atlas_weighted-50-15-randomwalk-2-1.0-0.01-0.1-1.0-learndiff1.010,whole-brain Riemann manifold latent GP (spectral / weight-space eigenbasis),8,8,0.5766574055138945,0.5764686550239808,0.5181785985028988,0.6537203964728739,0.8206141810957409,0.8202453502687719,0.7745188295743873,0.8558319290507038,0.6651214763764789,0.6676781382780634,0.5726496432353485,0.7314909400535716,,,,,,,,
Hex2Cer 40:1;O2,[full] MANIFOLD-RSAMPLE-5-4-K300-reference-5-data-1000-1000-faiss_atlas_weighted-50-15-randomwalk-2-1.0-0.01-0.1-learndiff1.0-blend0.8-rootdissolve-dn3-prune0.910,whole-brain Riemann manifold latent GP (inducing-point),8,8,0.5766623759109906,0.5763646676740377,0.5271923222077747,0.643747809839053,0.8192952242084137,0.8194243213518382,0.774980706314594,0.8503149262677097,0.6659598873758819,0.6676516682507702,0.5855887573274224,0.7220682554051738,,,,,,,,
Hex2Cer 40:1;O2,[full] SPECTRAL-5-4-K1300-reference-5-1000-faiss_atlas_weighted-50-15-randomwalk-2-1.0-0.01-0.1-1.0-level_5annot-rootdissolve-dn3-prune0.9-learndiff1.010,whole-brain Riemann manifold latent GP (spectral / weight-space eigenbasis),8,8,0.5789630470263021,0.5765795137282524,0.524737146175195,0.6559162118644446,0.8183902462836307,0.8193984840168063,0.7688439936796286,0.8536756723822329,0.6623338489316286,0.667554804541802,0.569773923013397,0.7246509274239121,,,,,,,,
Hex2Cer 40:1;O2,[full] SPECTRAL-5-4-K300-reference-5-1000-faiss_atlas_weighted-50-15-randomwalk-2-1.0-0.01-0.1-1.0-rootdissolve-dn3-prune0.9-learndiff1.010,whole-brain Riemann manifold latent GP (spectral / weight-space eigenbasis),8,8,0.5734901205431087,0.5767881647254147,0.5214787742669612,0.6317200547211533,0.8229510095759774,0.82044456348907,0.7895270827805517,0.8541274819346776,0.6695087976802745,0.6672952221585936,0.6009297724631031,0.7280598879890278,,,,,,,,
Hex2Cer 40:1;O2,[full] MANIFOLD-RSAMPLE-5-4-K300-reference-5-data-1000-1000-faiss_atlas_weighted-50-15-randomwalk-2-1.0-0.01-0.1-learndiff1.0-blend0.8-rootdissolve-dn3-prune0.9510,whole-brain Riemann manifold latent GP (inducing-point),8,8,0.574190777068426,0.5767385128157478,0.5304240188749464,0.6296758458387806,0.8204757664668185,0.819065608482423,0.7866146313174814,0.8487502887423094,0.6690089972957969,0.6672603236097134,0.6035083291672163,0.7186503602005505,,,,,,,,
Hex2Cer 40:1;O2,[full] MANIFOLD-RSAMPLE-5-4-K100-reference-5-data-1000-1000-faiss_atlas_weighted-50-15-randomwalk-2-1.0-0.01-0.1-learndiff1.0-blend0.8-rootdissolve-dn3-prune0.910,whole-brain Riemann manifold latent GP (inducing-point),8,8,0.5728246024174302,0.5768197601690217,0.5250767969622148,0.6393342520582697,0.8218403623322146,0.8186431685885576,0.780035080928129,0.8517575624515898,0.670298450496488,0.667196506733096,0.5912517141450929,0.7242943572919011,,,,,,,,
Hex2Cer 40:1;O2,[full] SPECTRAL-5-4-K100-reference-5-1000-faiss-1-15-randomwalk-2-1.0-0.01-0.1-1.0-learndiff1.010,whole-brain Riemann manifold latent GP (spectral / weight-space eigenbasis),8,8,0.576623172066393,0.5770158788156655,0.5226482339110192,0.6557825646395365,0.8204122264475544,0.8186852792095881,0.7775889185863432,0.8538493758182271,0.6652608502912426,0.6670502260574047,0.5699492279147921,0.7268388235896925,,,,,,,,
Hex2Cer 40:1;O2,[full] SPECTRAL-5-4-K100-reference-5-1000-faiss_atlas_weighted-50-15-randomwalk-2-1.0-0.01-0.1-1.0-level_5annot-rootdissolve-dn3-prune0.97-learndiff1.0-learnspecw10,whole-brain Riemann manifold latent GP (spectral / weight-space eigenbasis),8,8,0.5759263663524465,0.5774838639806608,0.5248608814423444,0.6493180359844766,0.8211538272357409,0.8192312198071484,0.7800010173605231,0.8529723400209136,0.6663747323130981,0.6665035599443423,0.578386088145262,0.7245210551315653,,,,,,,,
Hex2Cer 40:1;O2,[full] SPECTRAL-5-8-K6000-reference-5-1000-faiss_atlas_weighted-50-15-randomwalk-2-1.0-0.01-0.1-1.0-learndiff1.010,whole-brain Riemann manifold latent GP (spectral / weight-space eigenbasis),8,8,0.5895125386410633,0.5777056424104086,0.5315062569822213,0.6891769401842407,0.8126451129274763,0.819637349906118,0.7536173846589794,0.847840771773122,0.6488957541787729,0.6662533767313448,0.5250351451182875,0.7175010987887489,,,,,,,,
Hex2Cer 40:1;O2,[full] MANIFOLD-RSAMPLE-5-4-K300-reference-5-data-1000-1000-faiss_atlas_weighted-50-15-randomwalk-2-1.0-0.01-0.1-learndiff1.0-blend0.8-rootdissolve-dn3-prune0.9710,whole-brain Riemann manifold latent GP (inducing-point),8,8,0.5809773585056728,0.5781888410498077,0.5305073934461808,0.6471967871607046,0.8168178302006677,0.8182127159843848,0.7770964188500838,0.848735139120997,0.6606151452209734,0.6655630081921986,0.5811363186888616,0.7185619054989392,,,,,,,,
Hex2Cer 40:1;O2,[full] SPECTRAL-5-4-K300-reference-5-1000-faiss_atlas_weighted-50-15-randomwalk-2-1.0-0.01-0.1-1.0-level_5annot-learndiff1.010,whole-brain Riemann manifold latent GP (spectral / weight-space eigenbasis),8,8,0.5775441193856882,0.5782934295094888,0.5224453413184752,0.6549128196923416,0.8192436010582034,0.8181000193154416,0.7723789507083456,0.8532368102303932,0.6642167169976605,0.6655524223620424,0.5710891986026264,0.7270508653346219,,,,,,,,
Hex2Cer 40:1;O2,[full] SPECTRAL-5-4-K300-reference-5-1000-faiss_atlas_weighted-50-15-randomwalk-2-1.0-0.01-0.1-1.0-rootdissolve-dn3-prune0.97-learndiff1.010,whole-brain Riemann manifold latent GP (spectral / weight-space eigenbasis),8,8,0.5774439366986373,0.5784018011705053,0.5254687938056208,0.6514974594121269,0.8190606298502832,0.8182516369749124,0.7720081252965992,0.851740017878033,0.6644724809250233,0.6654418084070586,0.5755510603795441,0.7238825467364659,,,,,,,,
Hex2Cer 40:1;O2,[full] SPECTRAL-5-4-K100-reference-5-1000-faiss_atlas_weighted-50-15-randomwalk-2-1.0-0.01-0.1-1.0-rootdissolve-dn3-prune0.9-learndiff1.010,whole-brain Riemann manifold latent GP (spectral / weight-space eigenbasis),8,8,0.5732092849578486,0.5787296094489129,0.5208000939658309,0.6462262717487719,0.8222172082958012,0.8172860550280644,0.7796177989567721,0.8539309706453918,0.6695551834313884,0.6650696680123334,0.5823916057016825,0.7287672621251817,,,,,,,,
Hex2Cer 40:1;O2,[full] MANIFOLD-RSAMPLE-5-4-K300-reference-5-data-1000-1000-faiss_atlas_weighted-50-15-randomwalk-2-1.0-0.01-0.1-learndiff1.0-blend0.8-level_5annot-rootdissolve-dn3-prune0.9710,whole-brain Riemann manifold latent GP (inducing-point),8,8,0.5728721465047831,0.5786662694445295,0.5271717464074154,0.6163557382493619,0.8210802048682448,0.8172908195049695,0.7925161640231067,0.8504454422779635,0.670607133304248,0.6649635712204898,0.6201056039270841,0.7220899497897557,,,,,,,,
Hex2Cer 40:1;O2,[full] SPECTRAL-5-4-K300-reference-5-1000-faiss_atlas_weighted-50-15-randomwalk-2-1.0-0.01-0.1-1.0-level_5annot10,whole-brain Riemann manifold latent GP (spectral / weight-space eigenbasis),8,8,0.5769694713771151,0.5798785577289187,0.5252216250173884,0.6592917959460226,0.8200666675367811,0.8186056215473478,0.7677457840736549,0.8523374433437546,0.6649513305637353,0.6637343833102958,0.5653343277982681,0.7241422446140938,,,,,,,,
Hex2Cer 40:1;O2,[full] MANIFOLD-RSAMPLE-5-4-K300-reference-5-data-1000-1000-faiss_atlas_weighted-50-15-randomwalk-2-1.0-0.01-0.1-learndiff1.0-blend0.8-level_5annot-rootdissolve-dn3-prune0.9510,whole-brain Riemann manifold latent GP (inducing-point),8,8,0.5754162936348367,0.5798524078942422,0.525342711332272,0.6311693174303162,0.8200425661748303,0.8169747793592443,0.7848909699430621,0.8511589292315259,0.667401048746874,0.6636367254823743,0.6016252927345487,0.7240150356500572,,,,,,,,
Hex2Cer 40:1;O2,[full] SPECTRAL-5-4-K1300-reference-5-1000-faiss_atlas_weighted-50-15-randomwalk-2-1.0-0.01-0.1-1.0-level_5annot-rootdissolve-dn3-prune0.97-learndiff1.010,whole-brain Riemann manifold latent GP (spectral / weight-space eigenbasis),8,8,0.5803641878784007,0.5806239973828035,0.5236837011062156,0.6544425496223711,0.8174118422291969,0.8170223180465485,0.7714582386212189,0.8525951461867606,0.6609022738273752,0.6628752015290447,0.5717049492437702,0.7257553811956958,,,,,,,,
Hex2Cer 40:1;O2,[full] SPECTRAL-5-4-K300-reference-5-1000-faiss_atlas_weighted-50-15-randomwalk-2-1.0-0.01-0.1-1.0-level_5annot-rootdissolve-dn3-prune0.95-learndiff1.010,whole-brain Riemann manifold latent GP (spectral / weight-space eigenbasis),8,8,0.5752667600522594,0.5806597923357673,0.5260519923387192,0.637479302659197,0.8209856454909319,0.8167025621324363,0.784751870076072,0.8524177003639145,0.6673514677928869,0.6628338188793532,0.5936201386811439,0.7232693013564641,,,,,,,,
Hex2Cer 40:1;O2,[full] SPECTRAL-5-4-K300-reference-5-1000-faiss_atlas_weighted-50-15-randomwalk-2-1.0-0.01-0.1-1.0-level_5annot-rootdissolve-dn3-prune0.97-learndiff1.010,whole-brain Riemann manifold latent GP (spectral / weight-space eigenbasis),8,8,0.5753145391532929,0.5806969407697614,0.5186098551681615,0.64600557379379,0.8217492734549248,0.8169085188846181,0.7837406653124271,0.8555454150141212,0.6669474109117435,0.6627907798869086,0.5826767986273562,0.7310438181224586,,,,,,,,
Hex2Cer 40:1;O2,[full] SPECTRAL-5-4-K100-reference-5-1000-faiss_atlas_weighted-50-15-randomwalk-2-1.0-0.01-0.1-1.0-level_5annot-learndiff1.010,whole-brain Riemann manifold latent GP (spectral / weight-space eigenbasis),8,8,0.5736321868966736,0.5811861592788385,0.5233608275944872,0.6334558180096383,0.8215560387366453,0.8157324285610124,0.784755315674596,0.8532233960666323,0.6692229603431097,0.6622215461953235,0.5987337266297399,0.7260934441396134,,,,,,,,
Hex2Cer 40:1;O2,[full] SPECTRAL-5-4-K100-reference-5-1000-faiss_atlas_weighted-50-15-randomwalk-2-1.0-0.01-0.1-1.0-level_5annot10,whole-brain Riemann manifold latent GP (spectral / weight-space eigenbasis),8,8,0.5784014422181106,0.5814555414691135,0.5263742367070258,0.6552779407847723,0.8185037203353036,0.8161883401917762,0.771486112320992,0.851740428520581,0.6633986716495531,0.6619093654481627,0.5706108203208684,0.722930162931096,,,,,,,,
Hex2Cer 40:1;O2,[full] MANIFOLD-RSAMPLE-5-4-K1300-reference-5-data-1000-1000-faiss_atlas_weighted-50-15-randomwalk-2-1.0-0.01-0.1-learndiff1.0-prodard2.5-blend0.8-rootdissolve-dn3-prune0.910,whole-brain Riemann manifold latent GP (inducing-point),8,8,0.5854318309203115,0.5842083511274986,0.5274773579071645,0.6669095662511318,0.8150620593600484,0.8162343979219921,0.7667792742994812,0.8500541489368634,0.6551793341972776,0.6585580304390632,0.5552316304427272,0.721767636895277,,,,,,,,
Hex2Cer 40:1;O2,[full] MANIFOLD-RSAMPLE-5-4-K1300-reference-5-data-1000-1000-faiss_atlas_weighted-50-15-randomwalk-2-1.0-0.01-0.1-learndiff1.0-blend0.8-rootdissolve-dn3-prune0.910,whole-brain Riemann manifold latent GP (inducing-point),8,8,0.582382017438155,0.5858703360489002,0.5338672946530992,0.6350738319024074,0.8165185580754094,0.8149178395529131,0.7828022846252068,0.8473948488836872,0.6594347318682202,0.656605027135676,0.5966812280327928,0.714985711699781,,,,,,,,
Hex2Cer 40:1;O2,[full] MANIFOLD-RSAMPLE-5-4-K1300-reference-5-data-1000-1000-faiss_atlas_weighted-50-15-randomwalk-2-1.0-0.01-0.1-learndiff1.0-blend0.8-rootdissolve-dn3-prune0.9510,whole-brain Riemann manifold latent GP (inducing-point),8,8,0.5867642508979181,0.5861149872177279,0.5322338200541686,0.6533502547260219,0.8133941126398476,0.8133125855175167,0.7740687858461214,0.848411112299402,0.6537766168930036,0.6562375390402412,0.5731334446494423,0.7167271607905469,,,,,,,,
Hex2Cer 40:1;O2,[full] MANIFOLD-RSAMPLE-5-4-K1300-reference-5-data-1000-1000-faiss_atlas_weighted-50-15-randomwalk-2-1.0-0.01-0.1-learndiff1.0-prodard2.5-blend0.8-rootdissolve-dn3-prune0.9510,whole-brain Riemann manifold latent GP (inducing-point),8,8,0.5877453938339319,0.5876166577523181,0.5277676279476942,0.6612791246280605,0.8120964080274915,0.811856207179515,0.763272464074749,0.8515478280755302,0.6524533888038153,0.6544788339813243,0.5627099193311461,0.7214613308904643,,,,,,,,
Hex2Cer 40:1;O2,[full] MANIFOLD-RSAMPLE-5-4-K1300-reference-5-data-1000-1000-faiss_atlas_weighted-50-15-randomwalk-2-1.0-0.01-0.1-learndiff1.0-prodard2.5-blend0.8-rootdissolve-dn3-prune0.9710,whole-brain Riemann manifold latent GP (inducing-point),8,8,0.5855851237355738,0.5882594508422241,0.5269547497146297,0.6462283337193461,0.8138532091923221,0.8118129251072821,0.7746239871560431,0.8509263513495583,0.655285658943642,0.6536959054238729,0.5823889406983175,0.722318691753192,,,,,,,,
Hex2Cer 40:1;O2,[full] MANIFOLD-RSAMPLE-5-4-K1300-reference-5-data-1000-1000-faiss_atlas_weighted-50-15-randomwalk-2-1.0-0.01-0.1-learndiff1.0-blend0.8-rootdissolve-dn3-prune0.9710,whole-brain Riemann manifold latent GP (inducing-point),8,8,0.5901817558415838,0.5914731058895062,0.5361454688174736,0.651954161283253,0.8107195025509857,0.8093433366826022,0.7737396247069486,0.8468457913453876,0.6499259394319983,0.6499479550558409,0.5749557715854502,0.7125480362664914,,,,,,,,
Hex2Cer 40:1;O2,learnls-manifold-nu2-K1300-stride4-learnls-bs1.0-bd0.01-bw0.1-knn15-faiss_atlas_weighted-5-randomwalk-ind1000-lr0.05-ep20-lbs10-blend0.8-infl50-ptls-rootdissolve-dn3-prune0.9,manifold,8,8,0.6133878156542778,0.619791567325592,0.5694748759269714,0.6458474397659302,0.7911403156165678,0.7904345316394862,0.7588021742774161,0.8196420775059109,0.621476238736197,0.6206722564205857,0.5646990253870361,0.6717777636139234,0.5961616560816765,0.5964830815792084,0.587848961353302,0.6068823337554932,1683.8202770650387,1231.955394268036,1002.7714972019196,2662.6408121109007
Hex2Cer 40:1;O2,learnls-manifold-nu2-K1300-stride4-learnls-bs1.0-bd0.01-bw0.1-knn15-faiss_atlas_weighted-5-randomwalk-ind1000-lr0.05-ep20-lbs10-blend0.8-infl50-rootdissolve-dn3-prune0.9,manifold,8,8,0.6137372925877571,0.620206207036972,0.5701990127563477,0.6457752585411072,0.7907840578740282,0.790120489164271,0.7585741210926731,0.8191747519086342,0.6210643926852857,0.6201711044468021,0.5647962916973568,0.6709425071022908,0.5958124920725822,0.5955108404159546,0.5877785682678223,0.6074556708335876,873.4468322277069,646.6926800251008,478.8035377502441,1602.3791280269622
Hex2Cer 40:1;O2,learnls-manifold-nu2-K1300-stride4-learnls-bs1.0-bd0.01-bw0.1-knn15-faiss_atlas_weighted-5-randomwalk-ind1000-lr0.05-ep20-lbs10-blend0.8-infl50-ptls-rootdissolve-dn3-prune0.95,manifold,8,8,0.6190411075949669,0.6214904487133026,0.5707428455352783,0.6637825965881348,0.7869527492981353,0.7893107025226703,0.7458550213224291,0.8188052484404872,0.6139892565200376,0.6185842301291213,0.5401867059702168,0.6703145601111684,0.5947321206331253,0.5982615053653717,0.5647878646850586,0.6094834208488464,1500.3576918005942,1315.1481261730194,983.5124282836914,2863.2202331066133
Hex2Cer 40:1;O2,learnls-manifold-nu2-K1300-stride4-learnls-bs1.0-bd0.01-bw0.1-knn15-faiss_atlas_weighted-5-randomwalk-ind1000-lr0.05-ep20-lbs10-blend0.8-infl50-rootdissolve-dn3-prune0.95,manifold,8,8,0.6192885339260101,0.6216637194156647,0.5714542865753174,0.6631961464881897,0.786489994615144,0.7890776782071871,0.7449029340528421,0.8184048630671035,0.6136865118162684,0.6183717226891283,0.5409988456521959,0.6694921018263178,0.5976911187171936,0.5977278351783752,0.5895455479621887,0.6102705001831055,737.7391889810563,736.9386959791184,559.7733387470246,882.1549282550811
Hex2Cer 40:1;O2,learnls-manifold-nu2-K1300-stride4-learnls-bs1.0-bd0.01-bw0.1-knn15-faiss_atlas_weighted-5-randomwalk-ind1000-lr0.05-ep20-lbs10-blend0.8-infl50-rootdissolve-dn3,manifold,8,8,0.6187073364853859,0.622779130935669,0.5744237899780273,0.6544944047927856,0.7869772910334321,0.7883425901779164,0.7511167208148853,0.816234575503415,0.6147748659424801,0.6170175703768199,0.5529649068896139,0.6660483274095308,0.5961891263723373,0.5954487919807434,0.5902617573738098,0.6043355464935303,740.7751899778843,641.087081170082,498.4960698127746,1154.0856853485109
Hex2Cer 40:1;O2,learnls-manifold-nu2-K1300-stride4-learnls-bs1.0-bd0.01-bw0.1-knn15-faiss_atlas_weighted-5-randomwalk-ind1000-lr0.05-ep20-lbs10-blend0.8-infl50-ptls-rootdissolve-dn3,manifold,8,8,0.6186391040682793,0.6228095889091492,0.5739032030105591,0.6548038125038147,0.7872279675226537,0.7885594921439963,0.7511660144895201,0.8166006511728297,0.6148412574705887,0.6169865437972573,0.5525420591769139,0.6666533608614853,0.5963452681899071,0.5942363739013672,0.593021810054779,0.6045410633087158,1696.8434637188911,1525.8893583536146,1005.4783073425292,2805.682429075241
Hex2Cer 40:1;O2,learnls-manifold-nu2-K1300-stride4-learnls-bs1.0-bd0.01-bw0.1-knn15-faiss_atlas_weighted-5-randomwalk-ind1000-lr0.05-ep20-lbs10-blend0.8-infl50-ptls-rootdissolve-dn3-prune0.97,manifold,8,8,0.6175454929471016,0.6228079199790955,0.5716891884803772,0.6539220213890076,0.7878912900805402,0.7883142162801174,0.7519132090544387,0.8181499015572394,0.6161766930240038,0.6169481769451168,0.5537464005041222,0.6692203298490977,0.5989623665809631,0.5991567969322205,0.5911951661109924,0.6108824610710144,1762.3879880905151,1842.29719080925,1060.6847239971162,2740.633572483063
Hex2Cer 40:1;O2,learnls-manifold-nu2-K1300-stride4-learnls-bs1.0-bd0.01-bw0.1-knn15-faiss_atlas_weighted-5-randomwalk-ind1000-lr0.05-ep20-lbs10-blend0.8-infl50-rootdissolve-dn3-prune0.97,manifold,8,8,0.6182598993182182,0.6229808628559113,0.5721622109413147,0.6559590697288513,0.7872500048853527,0.7879969991427569,0.7503443530504685,0.8178970256114321,0.6152360389079217,0.6167294094206206,0.5509618028321954,0.668672761523063,0.5990400016307831,0.5983869731426239,0.5916128158569336,0.6117122769355774,810.791158759594,680.8413188934326,541.5273586273194,1586.7093570709228
Hex2Cer 40:1;O2,spectral-nu2-K1300-stride4-bw0.1-knn15-faiss_atlas_weighted-5-randomwalk-lr0.05-ep20-lbs10-rootdissolve-dn3,spectral,8,8,0.6324764490127563,0.6237411499023438,0.5692458152770996,0.7116556763648987,0.7781849360423275,0.7872835346623106,0.7147045305344695,0.820920233521467,0.5949831382133006,0.6159361818795941,0.4714700604925409,0.6720418131483543,0.5836296752095222,0.5843608975410461,0.571251392364502,0.59244304895401,202.32829250693322,176.49469151496885,135.33260407447816,422.1191092967987
Hex2Cer 40:1;O2,euclidean-ard-matern-nu1.5-ind1000-5-lr0.05-ep20-lbs10,euclidean,8,8,0.616277351975441,0.6178300678730011,0.5766918063163757,0.6522499322891235,0.7890715838065518,0.7837414044843546,0.7700468849347809,0.8145514755611447,0.6184671202331249,0.6102923549616999,0.5837744830337173,0.6634059830296237,0.6030916124582291,0.603992223739624,0.596777617931366,0.6092338562011719,492.9588567078114,468.54807705879216,381.2922593593597,768.5328538417816
Hex2Cer 40:1;O2,euclidean-no-ard-matern-nu1.5-ind1000-5-lr0.05-ep20-lbs10,euclidean,8,8,0.6163770332932472,0.6171607673168182,0.5766558647155762,0.6534032821655273,0.7893889916980178,0.7839715943691141,0.7713060527081461,0.8145809986313783,0.6183860234511922,0.6095265397347065,0.5856693244730048,0.6634479670143651,0.6026248559355736,0.6048209071159363,0.5945959091186523,0.6097513437271118,542.5437922060489,547.3215399742127,394.9238978862762,719.2978029727935
Hex2Cer 40:1;O2,learnls-manifold-nu2-K300-stride4-learnls-bs1.0-bd0.01-bw0.1-knn15-faiss_atlas_weighted-5-randomwalk-ind1000-lr0.05-ep20-lbs10-blend0.8-infl50-rootdissolve-dn3-prune0.9,manifold,8,8,0.6541970670223236,0.6567448973655701,0.6123992800712585,0.6893308758735657,0.757283594077514,0.7542267326407229,0.7288620848883705,0.7878573757401539,0.5699426198959425,0.5650458101573572,0.5238654266559872,0.6204332355664826,0.6391634717583656,0.6362415552139282,0.62920743227005,0.6571998596191406,764.1956034779548,707.8240249872208,452.7825549125672,1071.0653777122498
Hex2Cer 40:1;O2,learnls-manifold-nu2-K300-stride4-learnls-bs1.0-bd0.01-bw0.1-knn15-faiss_atlas_weighted-5-randomwalk-ind1000-lr0.05-ep20-lbs10-blend0.8-infl50-ptls-rootdissolve-dn3-prune0.9,manifold,8,8,0.6543355956673622,0.6569555997848511,0.6124235391616821,0.6894553899765015,0.757228195991027,0.7542741729980307,0.7281776128182078,0.7877543818729524,0.5697480310612049,0.5650037902008587,0.5229962648829924,0.6204031434185246,0.6365839242935181,0.6364355385303497,0.6073370575904846,0.6574282050132751,1447.8248120903968,1295.9960968255996,625.4174993038177,2710.9184814453124
Hex2Cer 40:1;O2,learnls-manifold-nu2-K300-stride4-learnls-bs1.0-bd0.01-bw0.1-knn15-faiss_atlas_weighted-5-randomwalk-ind1000-lr0.05-ep20-lbs10-blend0.8-infl50-rootdissolve-dn3,manifold,8,8,0.6683059558272362,0.6716211140155792,0.6208129525184631,0.7095759510993958,0.7453618476765524,0.7465994818307305,0.701758650774512,0.7811458918966946,0.5505073403286509,0.5544975032734707,0.4745546570912884,0.609931946063559,0.648335799574852,0.6492545902729034,0.6357171535491943,0.6644145846366882,699.4607622623444,714.2920899152756,232.3056728363037,1056.9366778850556
Hex2Cer 40:1;O2,learnls-manifold-nu2-K300-stride4-learnls-bs1.0-bd0.01-bw0.1-knn15-faiss_atlas_weighted-5-randomwalk-ind1000-lr0.05-ep20-lbs10-blend0.8-infl50-ptls-rootdissolve-dn3,manifold,8,8,0.6681134179234505,0.6717475950717926,0.6208494305610657,0.7066198587417603,0.7456126174883055,0.7465842916018697,0.7040280489935594,0.7810577969085998,0.5507976876473147,0.5543306184896785,0.4789235922118631,0.6098861189852232,0.6489785835146904,0.649022251367569,0.6395721435546875,0.6649912595748901,1580.0841717422009,1445.879678297043,1059.5366389751434,2880.321122407913
Hex2Cer 40:1;O2,learnls-manifold-nu2-K300-stride4-learnls-bs1.0-bd0.01-bw0.1-knn15-faiss_atlas_weighted-5-randomwalk-ind1000-lr0.05-ep20-lbs10-blend0.8-infl50-rootdissolve-dn3-prune0.95,manifold,8,8,0.6664867922663689,0.6682420969009399,0.6252899169921875,0.703882098197937,0.7464217055983399,0.7440321276793656,0.7155569218589355,0.7774910105945497,0.5536129185687413,0.5496966392829894,0.5036448414770754,0.6042857889722502,0.6515325084328651,0.6490266919136047,0.6395276188850403,0.6726967096328735,631.1180254280567,645.500598692894,343.0432229995728,978.1217030525208
Hex2Cer 40:1;O2,learnls-manifold-nu2-K300-stride4-learnls-bs1.0-bd0.01-bw0.1-knn15-faiss_atlas_weighted-5-randomwalk-ind1000-lr0.05-ep20-lbs10-blend0.8-infl50-ptls-rootdissolve-dn3-prune0.95,manifold,8,8,0.6667956933379173,0.6687009036540985,0.6249884366989136,0.7039507627487183,0.7465962978187486,0.7440767193815554,0.7153863914728497,0.7776441959764419,0.5531878104850368,0.549159267624311,0.5032346905321563,0.604667270394917,0.6507267355918884,0.6469828486442566,0.6392505764961243,0.6724633574485779,1643.2581516563891,1692.9964258193968,1041.7542363643647,2649.8764119625093
Hex2Cer 40:1;O2,learnls-manifold-nu2-K300-stride4-learnls-bs1.0-bd0.01-bw0.1-knn15-faiss_atlas_weighted-5-randomwalk-ind1000-lr0.05-ep20-lbs10-blend0.8-infl50-ptls-rootdissolve-dn3-prune0.97,manifold,8,8,0.6715772971510887,0.671662449836731,0.6316269636154175,0.7123368978500366,0.7425978998015935,0.7367863071232943,0.7181758086599503,0.772271915082868,0.5469410650280526,0.5385899032996582,0.5053177539961943,0.5962243200679169,0.6604074761271477,0.6578080058097839,0.6467104554176331,0.6829712986946106,1311.2570073604584,1213.1152584791184,832.5915608882904,2026.036247253418
Hex2Cer 40:1;O2,learnls-manifold-nu2-K300-stride4-learnls-bs1.0-bd0.01-bw0.1-knn15-faiss_atlas_weighted-5-randomwalk-ind1000-lr0.05-ep20-lbs10-blend0.8-infl50-rootdissolve-dn3-prune0.97,manifold,8,8,0.6715737655758858,0.6716763377189636,0.6320294141769409,0.7122604250907898,0.7425321054910334,0.7367077484197764,0.7181786063987793,0.7720603812316811,0.546948356360984,0.5385712770701842,0.5054039862107056,0.5957095993154362,0.6604003235697746,0.6576057970523834,0.6468655467033386,0.68312007188797,712.886974543333,721.7871578216552,441.5941117286682,983.2467559814452
Hex2Cer 40:1;O2,learnls-manifold-nu2-K100-stride4-learnls-bs1.0-bd0.01-bw0.1-knn15-faiss_atlas_weighted-5-randomwalk-ind1000-lr0.05-ep20-lbs10-blend0.8-infl50-ptls-rootdissolve-dn3-prune0.9,manifold,8,8,0.7157263085246086,0.7164886593818665,0.6798608303070068,0.7500143647193909,0.7000437988036354,0.6959774104707424,0.6716725244220947,0.7298429329730733,0.48544532988375355,0.48150461514997495,0.4379031318240403,0.5322014987629952,0.7095928639173508,0.7064787447452545,0.7008031010627747,0.7270670533180237,1371.7086737275124,1298.0997265815736,780.8531027317047,2154.0986153125764
Hex2Cer 40:1;O2,learnls-manifold-nu2-K100-stride4-learnls-bs1.0-bd0.01-bw0.1-knn15-faiss_atlas_weighted-5-randomwalk-ind1000-lr0.05-ep20-lbs10-blend0.8-infl50-rootdissolve-dn3-prune0.9,manifold,8,8,0.7155763581395149,0.7161664366722107,0.6801167726516724,0.7501378655433655,0.7001511464258605,0.6959951496799526,0.6720205612218377,0.7299793013094166,0.4856748674352986,0.48146356219829345,0.438761524017221,0.5318492030982875,0.7098374888300896,0.7063432037830353,0.7006000876426697,0.7294716835021973,757.0613512337208,714.4169904232026,435.0860486507416,1200.507752084732
Hex2Cer 40:1;O2,learnls-manifold-nu2-K100-stride4-learnls-bs1.0-bd0.01-bw0.1-knn15-faiss_atlas_weighted-5-randomwalk-ind1000-lr0.05-ep20-lbs10-blend0.8-infl50-ptls-rootdissolve-dn3-prune0.95,manifold,8,8,0.713168278336525,0.7105026543140411,0.6789677739143372,0.7526758909225464,0.703135239158717,0.6952749921864527,0.684010262107375,0.7321220792610696,0.48936582900679393,0.4799758940349767,0.4554267119135132,0.534288209301813,0.7090305611491203,0.7118161022663116,0.6826539635658264,0.7267370820045471,1328.971303164959,1091.9575391769408,910.4566824913024,2260.8664878368377
Hex2Cer 40:1;O2,learnls-manifold-nu2-K100-stride4-learnls-bs1.0-bd0.01-bw0.1-knn15-faiss_atlas_weighted-5-randomwalk-ind1000-lr0.05-ep20-lbs10-blend0.8-infl50-rootdissolve-dn3-prune0.95,manifold,8,8,0.713349312543869,0.7111039459705353,0.6772462725639343,0.7528624534606934,0.70307526509006,0.6948562615781215,0.6827362768523277,0.7324072510110979,0.48907946784718626,0.47914010026972415,0.454317596344661,0.5357925796823764,0.709445096552372,0.7067027390003204,0.6829003691673279,0.727179765701294,577.2767422556877,591.8588327884675,362.2236257553101,736.3296094894409
Hex2Cer 40:1;O2,learnls-manifold-nu2-K100-stride4-learnls-bs1.0-bd0.01-bw0.1-knn15-faiss_atlas_weighted-5-randomwalk-ind1000-lr0.05-ep20-lbs10-blend0.8-infl50-ptls-rootdissolve-dn3-prune0.97,manifold,8,8,0.717029258608818,0.7154914438724518,0.6821500062942505,0.7554353475570679,0.6978826759882054,0.6911144070312438,0.6760004877298671,0.7295011233830719,0.4837769327214143,0.4758427632504547,0.4481503303351327,0.5309445046399768,0.7167805135250092,0.7138906121253967,0.7074344158172607,0.7340468764305115,1224.7463105618954,1200.3975676774978,184.6689065933228,2175.3325106143952
Hex2Cer 40:1;O2,learnls-manifold-nu2-K100-stride4-learnls-bs1.0-bd0.01-bw0.1-knn15-faiss_atlas_weighted-5-randomwalk-ind1000-lr0.05-ep20-lbs10-blend0.8-infl50-rootdissolve-dn3-prune0.97,manifold,8,8,0.7172231301665306,0.7151558697223663,0.6820069551467896,0.7554510235786438,0.6983478433731682,0.6910744070195612,0.6759747232938553,0.7296491228476378,0.48351374058369356,0.4741540798871453,0.4482007395262624,0.5311412588756527,0.7148899957537651,0.7139489948749542,0.6868358254432678,0.7345022559165955,616.2290274679661,601.4996862888336,363.9737890720368,847.1888272762299
Hex2Cer 40:1;O2,learnls-manifold-nu2-K100-stride4-learnls-bs1.0-bd0.01-bw0.1-knn15-faiss_atlas_weighted-5-randomwalk-ind1000-lr0.05-ep20-lbs10-blend0.8-infl50-rootdissolve-dn3,manifold,8,8,0.7314455807209015,0.7335190176963806,0.6959400177001953,0.7617906928062439,0.6835770649900901,0.6824799247650897,0.6483320899394114,0.7140434597212513,0.46244889901397324,0.46358619594124545,0.4050881465545582,0.5098122518258864,0.72223299741745,0.7190849483013153,0.7113772034645081,0.735690712928772,610.7284797847271,608.2905959129334,444.7335654258728,843.5649337291718
Hex2Cer 40:1;O2,learnls-manifold-nu2-K100-stride4-learnls-bs1.0-bd0.01-bw0.1-knn15-faiss_atlas_weighted-5-randomwalk-ind1000-lr0.05-ep20-lbs10-blend0.8-infl50-ptls-rootdissolve-dn3,manifold,8,8,0.7318947687745094,0.733815461397171,0.6962546706199646,0.7618661522865295,0.6833935465394576,0.682423361423672,0.6479366964704044,0.7137486324576368,0.4617545279834283,0.4635265283237995,0.4015316912079568,0.509368882094106,0.7212612852454185,0.7193431854248047,0.705313503742218,0.7348806858062744,1178.7393712580206,1048.5784509658815,397.0723135948181,1964.631768989563
Hex2Cer 40:1;O2,spectral-nu2-K100-stride4-bw0.1-knn15-faiss_atlas_weighted-5-randomwalk-lr0.05-ep20-lbs10-rootdissolve-dn3,spectral,8,8,0.7336670905351639,0.7352670133113861,0.6965553164482117,0.7656270861625671,0.6817531857530006,0.6791777828949574,0.6496998273166755,0.7139124872540947,0.45918045936911345,0.4601256218528095,0.4011852130419384,0.5089450903862983,0.7222080752253532,0.7214421927928925,0.7183607220649719,0.7265499234199524,171.72702809572218,158.5864385843277,100.642751789093,279.7807814121246
LPC 22:6,[full] SPECTRAL-5-4-K300-reference-5-1000-faiss_cluster_weighted-50-15-randomwalk-2-1.0-0.01-0.1-1.0-clk64-sw1.0-cs010,whole-brain Riemann manifold latent GP (spectral / weight-space eigenbasis),8,8,0.7527887742596113,0.7652924674152761,0.7065515205507263,0.7888888081612166,0.6664487074325269,0.6524235173219662,0.6339008130410583,0.7102219805320298,0.4325134653721394,0.4143184159816904,0.3776544483579751,0.5007849488074565,,,,,,,,
LPC 22:6,[full] MANIFOLD-RSAMPLE-5-4-K100-reference-5-data-1000-1000-faiss_atlas_weighted-50-15-randomwalk-2-1.0-0.01-0.1-learndiff1.0-blend0.8-rootdissolve-dn3-prune0.910,whole-brain Riemann manifold latent GP (inducing-point),8,8,0.7536188010285582,0.7655219651233163,0.7074058289986226,0.7892486703343636,0.6635974046371199,0.6504811174453857,0.6219897428617617,0.7111232083506485,0.43125713458154413,0.4139586779754113,0.377086536375439,0.4995769930987714,,,,,,,,
LPC 22:6,[full] MANIFOLD-RSAMPLE-5-4-K100-reference-5-data-1000-1000-faiss_atlas_weighted-50-15-randomwalk-2-1.0-0.01-0.1-learndiff1.0-blend0.8-level_5annot-rootdissolve-dn3-prune0.9510,whole-brain Riemann manifold latent GP (inducing-point),8,8,0.7514660602537844,0.7655865213332707,0.7108477968786453,0.780041330385505,0.6653227544793706,0.6499476343559936,0.638417840562643,0.7056642898530378,0.4346417892315987,0.4138760392668759,0.3915355228904114,0.4946954096727763,,,,,,,,
LPC 22:6,[full] SPECTRAL-5-4-K300-reference-5-1000-faiss_atlas_weighted-50-15-randomwalk-2-1.0-0.01-0.1-1.0-level_5annot-rootdissolve-dn3-prune0.97-learndiff1.0-learnspecw10,whole-brain Riemann manifold latent GP (spectral / weight-space eigenbasis),8,8,0.7531942910302956,0.7662518556703592,0.7068516057132543,0.7834271903352439,0.6642900650904892,0.6524673818759295,0.6324810833955861,0.7113795735596287,0.4318420458897482,0.4128570423724516,0.3862418374434256,0.5003608075005941,,,,,,,,
LPC 22:6,[full] SPECTRAL-5-4-K100-reference-5-1000-faiss_atlas_weighted-50-15-randomwalk-2-1.0-0.01-0.1-1.0-level_5annot-rootdissolve-dn3-prune0.95-learndiff1.010,whole-brain Riemann manifold latent GP (spectral / weight-space eigenbasis),8,8,0.7553249214794019,0.7663836688483122,0.7026957151416289,0.7894417581374774,0.6632970010945578,0.6540536453968316,0.6325950018099191,0.7148531514261262,0.4286236455670282,0.41263863210099894,0.3767817105088086,0.5062187319215948,,,,,,,,
LPC 22:6,[full] MANIFOLD-RSAMPLE-5-4-K100-reference-5-data-1000-1000-faiss_atlas_weighted-50-15-randomwalk-2-1.0-0.01-0.1-learndiff1.0-blend0.8-rootdissolve-dn3-prune0.9710,whole-brain Riemann manifold latent GP (inducing-point),8,8,0.7526567708464442,0.7671229650471609,0.7097917885207995,0.7766171917930964,0.6644686013149341,0.6499611765431151,0.6372841486747028,0.7085922091699036,0.4328456013244373,0.41151995210827874,0.3968657374114049,0.4961956169484448,,,,,,,,
LPC 22:6,[full] MANIFOLD-RSAMPLE-5-4-K100-reference-5-data-1000-1000-faiss_atlas_weighted-50-15-randomwalk-2-1.0-0.01-0.1-learndiff1.0-blend0.8-level_5annot-rootdissolve-dn3-prune0.910,whole-brain Riemann manifold latent GP (inducing-point),8,8,0.7565098167339548,0.7673796649817907,0.7081617966353534,0.8168304995861002,0.660667381491697,0.6490771865665175,0.5947355002767161,0.7090332965506471,0.42653908553911896,0.4111202379614892,0.332787934945922,0.4985068697861884,,,,,,,,
LPC 22:6,[full] SPECTRAL-5-4-K100-reference-5-1000-faiss_atlas_weighted-50-15-randomwalk-2-1.0-0.01-0.1-1.0-level_5annot-rootdissolve-dn3-prune0.9-learndiff1.010,whole-brain Riemann manifold latent GP (spectral / weight-space eigenbasis),8,8,0.754339315580386,0.7682624918849024,0.7019069823487627,0.7883295412565774,0.6627187245577126,0.6502641469486587,0.6273058657494356,0.7154477274181605,0.42990278731363585,0.40977206287071455,0.3785365343821942,0.5073265881300537,,,,,,,,
LPC 22:6,[full] MANIFOLD-RSAMPLE-5-4-K300-reference-5-data-1000-1000-faiss_atlas_weighted-50-15-randomwalk-2-1.0-0.01-0.1-learndiff1.0-blend0.8-rootdissolve-dn3-prune0.910,whole-brain Riemann manifold latent GP (inducing-point),8,8,0.7597515681384877,0.7685300489238183,0.7176467219744792,0.7855361333389913,0.6586646616438778,0.6475957504668277,0.6276174439130255,0.701147978448839,0.4220872981242534,0.4093346409159816,0.3829329832188264,0.4849831824392846,,,,,,,,
LPC 22:6,[full] SPECTRAL-5-4-K100-reference-5-1000-faiss_cluster_weighted-50-15-randomwalk-2-1.0-0.01-0.1-1.0-clk64-sw1.0-cs010,whole-brain Riemann manifold latent GP (spectral / weight-space eigenbasis),8,8,0.7571681238133602,0.7686070000185313,0.7065937059199633,0.7927896575112885,0.6599593520117734,0.6500222228196204,0.6171227695191404,0.709723777081942,0.4256676044821387,0.40918670238449184,0.371484558943134,0.5007253347542924,,,,,,,,
LPC 22:6,[full] SPECTRAL-5-4-K100-reference-5-1000-faiss_atlas_weighted-50-15-randomwalk-2-1.0-0.01-0.1-1.0-learndiff1.010,whole-brain Riemann manifold latent GP (spectral / weight-space eigenbasis),8,8,0.7574513521595511,0.7688855840431607,0.7046491450104118,0.7962261729963624,0.6605668698029288,0.6500583671497178,0.6263436185382395,0.7111280376435676,0.42525942700970154,0.40881489111392244,0.3660238814355667,0.5034695824360957,,,,,,,,
LPC 22:6,[full] SPECTRAL-5-4-K100-reference-5-1000-faiss_atlas_weighted-50-15-randomwalk-2-1.0-0.01-0.1-1.0-rootdissolve-dn3-prune0.95-learndiff1.010,whole-brain Riemann manifold latent GP (spectral / weight-space eigenbasis),8,8,0.7565607725758224,0.7689121293657624,0.709913851399847,0.794639895148161,0.6615179663205712,0.6495061679008342,0.6248935154987878,0.7080023531455323,0.4267336059395616,0.40877167537844666,0.3685474370389197,0.4960223235906359,,,,,,,,
LPC 22:6,[full] SPECTRAL-5-4-K300-reference-5-1000-faiss_atlas_weighted-50-15-randomwalk-2-1.0-0.01-0.1-1.0-level_5annot-rootdissolve-dn3-prune0.9-learndiff1.010,whole-brain Riemann manifold latent GP (spectral / weight-space eigenbasis),8,8,0.7562670920193852,0.7690292341334535,0.7104265776586155,0.7894914375392875,0.6627687345573425,0.651491733480499,0.630435580718029,0.7076991373991495,0.42730373230457525,0.40858948199592693,0.3767032700521492,0.4952940777562672,,,,,,,,
LPC 22:6,[full] SPECTRAL-5-4-K100-reference-5-1000-faiss-1-15-randomwalk-2-1.0-0.01-0.1-1.010,whole-brain Riemann manifold latent GP (spectral / weight-space eigenbasis),8,8,0.7550172431357396,0.7693172619713273,0.7074224716843267,0.7816898558697559,0.6628770302349581,0.6505018974396282,0.6294410566003449,0.7090417629406255,0.4291130991193257,0.4081450473476907,0.3889609692303202,0.4995534465560381,,,,,,,,
LPC 22:6,[full] SPECTRAL-5-4-K300-reference-5-1000-faiss_cluster_weighted-50-15-randomwalk-2-1.0-0.01-0.1-1.0-clk64-sw1.0-cs0-learndiff1.010,whole-brain Riemann manifold latent GP (spectral / weight-space eigenbasis),8,8,0.752583605739224,0.7693378404565594,0.7060969572990758,0.7840239301496582,0.6656514638399138,0.6506123859287103,0.6367828979234582,0.7114816278610947,0.43276877266754843,0.4081170130236716,0.3853064769526839,0.5014270868929871,,,,,,,,
LPC 22:6,[full] SPECTRAL-5-4-K300-reference-5-1000-faiss-1-15-randomwalk-2-1.0-0.01-0.1-1.0-learndiff1.010,whole-brain Riemann manifold latent GP (spectral / weight-space eigenbasis),8,8,0.7545843034143034,0.7698809929366042,0.7105870624414298,0.7824273608190324,0.6634889885075701,0.6485713952299054,0.6357196849113086,0.7071124077061426,0.42986024228380026,0.40728279451554417,0.3878074250417637,0.4950660266908595,,,,,,,,
LPC 22:6,[full] MANIFOLD-RSAMPLE-5-4-K100-reference-5-data-1000-1000-faiss_atlas_weighted-50-15-randomwalk-2-1.0-0.01-0.1-learndiff1.0-blend0.8-rootdissolve-dn3-prune0.9510,whole-brain Riemann manifold latent GP (inducing-point),8,8,0.7549569290050318,0.7698891904570422,0.7123470225256826,0.7822712843950989,0.6620456015531605,0.6459534533356336,0.6301015234021614,0.7047509736042805,0.4293564945881345,0.40726906319280937,0.3880516376108424,0.4925617194987945,,,,,,,,
LPC 22:6,[full] SPECTRAL-5-4-K100-reference-5-1000-faiss_atlas_weighted-50-15-randomwalk-2-1.0-0.01-0.1-1.0-level_5annot10,whole-brain Riemann manifold latent GP (spectral / weight-space eigenbasis),8,8,0.7586313974205076,0.7699331501150808,0.7098487318842751,0.7994443127740462,0.6584038217459257,0.6482418889294908,0.6205442438585346,0.7090487457971402,0.4234744333070096,0.407187362669849,0.360888790773233,0.4961147778422866,,,,,,,,
LPC 22:6,[full] SPECTRAL-5-4-K1300-reference-5-1000-faiss_atlas_weighted-50-15-randomwalk-2-1.0-0.01-0.1-1.0-level_5annot-rootdissolve-dn3-prune0.97-learndiff1.010,whole-brain Riemann manifold latent GP (spectral / weight-space eigenbasis),8,8,0.7613989192875187,0.7699574568814334,0.7053476813400859,0.8000899098731604,0.6570717925526239,0.6492021051138007,0.6146595443017112,0.7114760133095288,0.41917020681174344,0.40716348098647237,0.3598561361191581,0.5024846484281646,,,,,,,,
LPC 22:6,[full] MANIFOLD-RSAMPLE-5-4-K100-reference-5-data-1000-1000-faiss_atlas_weighted-50-15-randomwalk-2-1.0-0.01-0.1-learndiff1.0-blend0.8-level_5annot-rootdissolve-dn3-prune0.9710,whole-brain Riemann manifold latent GP (inducing-point),8,8,0.7544216296625554,0.7703074564915322,0.7037337629615494,0.8000566332238881,0.6617354185549991,0.6470371373650531,0.6076991055621064,0.7124035004772996,0.42982046827859155,0.4066247422699951,0.359909383634457,0.5047587908679778,,,,,,,,
LPC 22:6,[full] SPECTRAL-5-4-K300-reference-5-1000-faiss-1-15-randomwalk-2-1.0-0.01-0.1-1.010,whole-brain Riemann manifold latent GP (spectral / weight-space eigenbasis),8,8,0.7550950332510742,0.7703955674417461,0.7037938156594186,0.7840321558565311,0.6634650895298262,0.6484194602143729,0.628201978891623,0.7143612385462491,0.4288904275164314,0.40648536269888247,0.3852935785829601,0.5046742650395564,,,,,,,,
LPC 22:6,[full] SPECTRAL-5-4-K100-reference-5-1000-faiss_atlas_weighted-50-15-randomwalk-2-1.0-0.01-0.1-1.0-level_5annot-rootdissolve-dn3-prune0.97-learndiff1.010,whole-brain Riemann manifold latent GP (spectral / weight-space eigenbasis),8,8,0.756626425755467,0.7705720392234712,0.7032386813312395,0.7906604789858439,0.6612450284512277,0.6486532678598724,0.6199141322732565,0.7138322745195482,0.42654358718569196,0.4062099601451963,0.3748560069698758,0.5054553570794994,,,,,,,,
LPC 22:6,[full] SPECTRAL-5-4-K100-reference-5-1000-faiss_atlas_weighted-50-15-randomwalk-2-1.0-0.01-0.1-1.0-level_5annot-rootdissolve-dn3-prune0.97-learndiff1.0-learnspecw10,whole-brain Riemann manifold latent GP (spectral / weight-space eigenbasis),8,8,0.7575392087192485,0.7706942038960168,0.7092676645224936,0.7934924489677544,0.6611093008775684,0.6480355735217715,0.6264456125853636,0.7087844700460776,0.42525505721176965,0.4060299088757112,0.3703697334311557,0.4969393800628074,,,,,,,,
LPC 22:6,[full] SPECTRAL-5-4-K300-reference-5-1000-faiss_atlas_weighted-50-15-randomwalk-2-1.0-0.01-0.1-1.0-level_5annot-rootdissolve-dn3-prune0.95-learndiff1.010,whole-brain Riemann manifold latent GP (spectral / weight-space eigenbasis),8,8,0.757225423712855,0.7713109771956357,0.7087098664696857,0.7940692638444079,0.6610767231580653,0.6497710346877712,0.6223771350163229,0.7090557094416624,0.4256316271581862,0.40507790852173753,0.3694540042176001,0.4977303251685204,,,,,,,,
LPC 22:6,[full] SPECTRAL-5-4-K100-reference-5-1000-faiss_atlas_weighted-50-15-randomwalk-2-1.0-0.01-0.1-1.0-rootdissolve-dn3-prune0.9-learndiff1.010,whole-brain Riemann manifold latent GP (spectral / weight-space eigenbasis),8,8,0.7552338283858703,0.7714893734572279,0.7051206010059157,0.7924574392584642,0.6617683285555179,0.6466096119649365,0.6264542877106467,0.7109207604768838,0.42865222172299844,0.4048026159709518,0.3720112069639175,0.5028049380370563,,,,,,,,
LPC 22:6,[full] SPECTRAL-5-4-K2300-reference-5-1000-faiss_atlas_weighted-50-15-randomwalk-2-1.0-0.01-0.1-1.0-learndiff1.010,whole-brain Riemann manifold latent GP (spectral / weight-space eigenbasis),8,8,0.7589234651609074,0.7715367772416442,0.7090477726346155,0.7944020286500818,0.6596891710720175,0.6476152594906615,0.6247569446759353,0.7098884641874028,0.42307304116688355,0.40472071978624446,0.3689254168766346,0.4972512561218906,,,,,,,,
LPC 22:6,[full] SPECTRAL-5-4-K300-reference-5-1000-faiss_atlas_weighted-50-15-randomwalk-2-1.0-0.01-0.1-1.0-rootdissolve-dn3-prune0.9-learndiff1.010,whole-brain Riemann manifold latent GP (spectral / weight-space eigenbasis),8,8,0.7541355113916857,0.7715986784707884,0.7069493855918001,0.7849080256242611,0.6640654134132211,0.6471896037993037,0.6351698473939118,0.7099576271993123,0.43044395511977895,0.4046352339782864,0.3839193913106243,0.5002225662113764,,,,,,,,
LPC 22:6,[full] SPECTRAL-5-4-K100-reference-5-1000-faiss_atlas_weighted-50-15-randomwalk-2-1.0-0.01-0.1-1.0-level_5annot-learndiff1.010,whole-brain Riemann manifold latent GP (spectral / weight-space eigenbasis),8,8,0.7566963300955349,0.7716849822643426,0.7096079982883302,0.7950701111421931,0.6612507449530423,0.6464059955578234,0.6265253332153603,0.7074357332354397,0.42653646072614476,0.40449954359467477,0.3678635183683407,0.4964564887652291,,,,,,,,
LPC 22:6,[full] SPECTRAL-5-4-K100-reference-5-1000-faiss-1-15-randomwalk-2-1.0-0.01-0.1-1.0-learndiff1.010,whole-brain Riemann manifold latent GP (spectral / weight-space eigenbasis),8,8,0.7569390705356882,0.7719205400661724,0.7082108172066641,0.7928479888758633,0.6611615953091254,0.6476877474856213,0.6263156112091036,0.7096017342672526,0.4261441842884898,0.4041383670444463,0.371392066535499,0.4984374383914689,,,,,,,,
LPC 22:6,[full] MANIFOLD-RSAMPLE-5-4-K300-reference-5-data-1000-1000-faiss_atlas_weighted-50-15-randomwalk-2-1.0-0.01-0.1-learndiff1.0-blend0.8-rootdissolve-dn3-prune0.9510,whole-brain Riemann manifold latent GP (inducing-point),8,8,0.7570216872939102,0.7719238671348219,0.7118391382855195,0.7854083164808288,0.6602900580037395,0.642948584376924,0.6359537682619507,0.705070663689439,0.4262217644753291,0.4041218300733638,0.3831337764027503,0.4932850412049291,,,,,,,,
LPC 22:6,[full] MANIFOLD-RSAMPLE-5-4-K100-reference-5-data-2000-1000-faiss_atlas_weighted-50-15-randomwalk-2-1.0-0.01-0.1-learndiff1.0-blend0.810,whole-brain Riemann manifold latent GP (inducing-point),8,8,0.7516823431136518,0.7719682041076381,0.7038686727570515,0.7786792320387278,0.6658715938319671,0.6461168555759427,0.6381277075109558,0.7123663280026384,0.4340527951475852,0.4040637857710663,0.3936586535915771,0.5045688915112269,,,,,,,,
LPC 22:6,[full] SPECTRAL-5-4-K100-reference-5-1000-faiss_atlas_weighted-50-15-randomwalk-2-1.0-0.01-0.1-1.010,whole-brain Riemann manifold latent GP (spectral / weight-space eigenbasis),8,8,0.7587953237057627,0.7720216957124841,0.7088969555087463,0.7895535784164858,0.658047730128072,0.6461275416433478,0.6234044713087585,0.7078709688785556,0.42331418190072634,0.4039755884418921,0.3766051468097222,0.4974651064704305,,,,,,,,
LPC 22:6,[full] SPECTRAL-5-4-K100-reference-5-1000-faiss_cluster_weighted-50-15-randomwalk-2-1.0-0.01-0.1-1.0-clk64-sw1.0-cs0-learndiff1.010,whole-brain Riemann manifold latent GP (spectral / weight-space eigenbasis),8,8,0.7563437626637435,0.7720380176193901,0.7082382956034735,0.7905071391472108,0.6606433870335124,0.6463371789835928,0.6250712842647688,0.7096362383630215,0.42696155068262653,0.40395725633382024,0.3750984629572923,0.4983985166406868,,,,,,,,
LPC 22:6,[full] SPECTRAL-5-8-K6000-reference-5-1000-faiss_atlas_weighted-50-15-randomwalk-2-1.0-0.01-0.1-1.0-learndiff1.010,whole-brain Riemann manifold latent GP (spectral / weight-space eigenbasis),8,8,0.766047126566562,0.7723781564829415,0.7208598164162193,0.8111541319892748,0.6517444949166271,0.6445145907648033,0.5993132793807714,0.7006208479371627,0.4120876516702795,0.4034258470809877,0.3420289741567263,0.4803611250763746,,,,,,,,
LPC 22:6,[full] SPECTRAL-5-4-K100-reference-5-1000-faiss_atlas_weighted-50-15-randomwalk-2-1.0-0.01-0.1-1.0-rootdissolve-dn3-prune0.97-learndiff1.010,whole-brain Riemann manifold latent GP (spectral / weight-space eigenbasis),8,8,0.7571094143932948,0.7725386734755366,0.7092986942927842,0.7869846479448149,0.6597532237282335,0.6447027624679805,0.623960133706765,0.7097292246551822,0.4258109828619938,0.4031832725678153,0.3806551638991758,0.4968953622745514,,,,,,,,
LPC 22:6,[full] MANIFOLD-RSAMPLE-5-4-K300-reference-5-data-1000-1000-faiss_atlas_weighted-50-15-randomwalk-2-1.0-0.01-0.1-learndiff1.0-blend0.8-level_5annot-rootdissolve-dn3-prune0.9710,whole-brain Riemann manifold latent GP (inducing-point),8,8,0.7581380132582659,0.7730451600067427,0.7122922413293127,0.7993007613910523,0.6587869464180941,0.6406553297511829,0.6197113105662795,0.7053007060237629,0.4243147616659697,0.40239933287886764,0.361118292839684,0.4926397629420643,,,,,,,,
LPC 22:6,[full] SPECTRAL-5-4-K300-reference-5-1000-faiss_atlas_weighted-50-15-randomwalk-2-1.0-0.01-0.1-1.0-level_5annot-learndiff1.010,whole-brain Riemann manifold latent GP (spectral / weight-space eigenbasis),8,8,0.7604060582190235,0.7731991888485765,0.7092215888269392,0.7929509340965591,0.6569966344398297,0.6453427901195994,0.6186311043259278,0.706839498455402,0.4208100438193465,0.4021598253225263,0.3712288161153942,0.497004737941792,,,,,,,,
LPC 22:6,[full] SPECTRAL-5-4-K1300-reference-5-1000-faiss_atlas_weighted-50-15-randomwalk-2-1.0-0.01-0.1-1.0-level_5annot-rootdissolve-dn3-prune0.95-learndiff1.010,whole-brain Riemann manifold latent GP (spectral / weight-space eigenbasis),8,8,0.7596225070285918,0.7733999653740586,0.7077651043443736,0.7956423770430632,0.6592300721879296,0.6474956192485306,0.6148871489095127,0.7097032086932294,0.4218537026334055,0.4018514624425171,0.3669532078532641,0.4990685570723981,,,,,,,,
LPC 22:6,[full] MANIFOLD-RSAMPLE-5-4-K300-reference-5-data-1000-1000-faiss_atlas_weighted-50-15-randomwalk-2-1.0-0.01-0.1-learndiff1.0-blend0.8-level_5annot-rootdissolve-dn3-prune0.910,whole-brain Riemann manifold latent GP (inducing-point),8,8,0.7574589324806882,0.773518029730299,0.7106524693837535,0.7810462306729155,0.6617100224993104,0.6449600938511413,0.6362909623019786,0.7084837557497359,0.4255321596449416,0.40166638580849945,0.3899667855516309,0.4949730677587733,,,,,,,,
LPC 22:6,[full] SPECTRAL-5-4-K1300-reference-5-1000-faiss_atlas_weighted-50-15-randomwalk-2-1.0-0.01-0.1-1.0-level_5annot-rootdissolve-dn3-prune0.9-learndiff1.010,whole-brain Riemann manifold latent GP (spectral / weight-space eigenbasis),8,8,0.759323571795771,0.7735489175948052,0.7015714156751427,0.7945019141145329,0.659516512361161,0.6474390173847273,0.6198777417738721,0.7144972158855373,0.42222233715545826,0.40161467491268804,0.3687667084683435,0.5077975487075761,,,,,,,,
LPC 22:6,[full] SPECTRAL-5-4-K300-reference-5-1000-faiss_atlas_weighted-50-15-randomwalk-2-1.0-0.01-0.1-1.0-level_5annot-rootdissolve-dn3-prune0.97-learndiff1.010,whole-brain Riemann manifold latent GP (spectral / weight-space eigenbasis),8,8,0.7594519360585568,0.7737561065173825,0.7019576314257416,0.798598820468729,0.6593720575779775,0.6457723730888789,0.6214717048648647,0.7152319165199238,0.4220631878376765,0.4013010490296227,0.3622399239459548,0.5072554836831626,,,,,,,,
LPC 22:6,[full] SPECTRAL-5-4-K300-reference-5-1000-faiss_atlas_weighted-50-15-randomwalk-2-1.0-0.01-0.1-1.0-level_5annot10,whole-brain Riemann manifold latent GP (spectral / weight-space eigenbasis),8,8,0.7594408275774259,0.774005225779143,0.7057607815839658,0.7999536737976906,0.6589587182725053,0.6465076574446953,0.6121646475705688,0.7111981804026375,0.42203890950755507,0.40091525964667096,0.3600741197775781,0.5019017191779898,,,,,,,,
LPC 22:6,[full] SPECTRAL-5-4-K300-reference-5-1000-faiss_atlas_weighted-50-15-randomwalk-2-1.0-0.01-0.1-1.0-rootdissolve-dn3-prune0.97-learndiff1.010,whole-brain Riemann manifold latent GP (spectral / weight-space eigenbasis),8,8,0.7606119045996336,0.7741188665831193,0.7098780232755139,0.7944316991269116,0.6571753467672732,0.6451582086108036,0.6186056884665211,0.7096986529246738,0.4204563167687455,0.40073621505795815,0.3688782754223282,0.496073192070449,,,,,,,,
LPC 22:6,[full] SPECTRAL-5-4-K1300-reference-5-1000-faiss_atlas_weighted-50-15-randomwalk-2-1.0-0.01-0.1-1.0-level_5annot-rootdissolve-dn3-prune0.97-learndiff1.0-learnspecw10,whole-brain Riemann manifold latent GP (spectral / weight-space eigenbasis),8,8,0.7579287135471617,0.7746913781735076,0.7094951361548523,0.7894534531456451,0.6609429688391293,0.6449749234101503,0.6200176736044628,0.7097102030554134,0.4245859622709015,0.39984617994973426,0.3767632453164168,0.4966166517726077,,,,,,,,
LPC 22:6,[full] SPECTRAL-5-4-K300-reference-5-1000-faiss_atlas_weighted-50-15-randomwalk-2-1.0-0.01-0.1-1.0-rootdissolve-dn3-prune0.95-learndiff1.010,whole-brain Riemann manifold latent GP (spectral / weight-space eigenbasis),8,8,0.7575670945027382,0.7747865760840895,0.7101854391958787,0.7901854477725211,0.6611601523550843,0.6437759459930315,0.6296457859049159,0.7092258022997054,0.42512594827863054,0.39970545264094803,0.3756069581285404,0.4956366419541569,,,,,,,,
LPC 22:6,[full] MANIFOLD-RSAMPLE-5-4-K300-reference-5-data-1000-1000-faiss_atlas_weighted-50-15-randomwalk-2-1.0-0.01-0.1-learndiff1.0-blend0.8-rootdissolve-dn3-prune0.9710,whole-brain Riemann manifold latent GP (inducing-point),8,8,0.7620718412612205,0.7754719797966031,0.7192733491953022,0.8008098590112626,0.6549957202912768,0.6409023451065556,0.6115094005590677,0.7028755992279938,0.41837879533374456,0.3986270420690614,0.3587035697103617,0.4826458491373729,,,,,,,,
LPC 22:6,[full] MANIFOLD-RSAMPLE-5-4-K300-reference-5-data-1000-1000-faiss_atlas_weighted-50-15-randomwalk-2-1.0-0.01-0.1-learndiff1.0-blend0.8-level_5annot-rootdissolve-dn3-prune0.9510,whole-brain Riemann manifold latent GP (inducing-point),8,8,0.7605060691257158,0.7791536087933213,0.709595969985326,0.7844488574051471,0.6581643450522409,0.6380477239202693,0.630113166184213,0.7077658597325704,0.42079920923239095,0.3929183235935848,0.3846399901157591,0.4964735593805843,,,,,,,,
LPC 22:6,[full] MANIFOLD-RSAMPLE-5-4-K1300-reference-5-data-1000-1000-faiss_atlas_weighted-50-15-randomwalk-2-1.0-0.01-0.1-learndiff1.0-blend0.8-rootdissolve-dn3-prune0.910,whole-brain Riemann manifold latent GP (inducing-point),8,8,0.770286063385456,0.783193985794506,0.7203946046906851,0.8146278993996108,0.6488478048838306,0.6328005619165233,0.5972036451484144,0.6974722452379385,0.40560163267116456,0.38660302492643334,0.3363813855197777,0.4810316135325517,,,,,,,,
LPC 22:6,[full] MANIFOLD-RSAMPLE-5-4-K1300-reference-5-data-1000-1000-faiss_atlas_weighted-50-15-randomwalk-2-1.0-0.01-0.1-learndiff1.0-blend0.8-rootdissolve-dn3-prune0.9510,whole-brain Riemann manifold latent GP (inducing-point),8,8,0.783458798749054,0.7852812299896621,0.724461266482008,0.8609210961298678,0.6360318049358835,0.632910268705473,0.5585258863115478,0.698567117999525,0.3840552031796912,0.38333320262989573,0.2588148662385469,0.4751558733672849,,,,,,,,
LPC 22:6,[full] MANIFOLD-RSAMPLE-5-4-K1300-reference-5-data-1000-1000-faiss_atlas_weighted-50-15-randomwalk-2-1.0-0.01-0.1-learndiff1.0-prodard2.5-blend0.8-rootdissolve-dn3-prune0.910,whole-brain Riemann manifold latent GP (inducing-point),8,8,0.7772910007242579,0.7864933563206785,0.7120359367170745,0.8450825899084726,0.6426628117486567,0.6358428929837326,0.5706145385700399,0.7047543090504798,0.394076897674986,0.3814235677428882,0.2858354162335883,0.4930048248234382,,,,,,,,
LPC 22:6,[full] MANIFOLD-RSAMPLE-5-4-K1300-reference-5-data-1000-1000-faiss_atlas_weighted-50-15-randomwalk-2-1.0-0.01-0.1-learndiff1.0-blend0.8-rootdissolve-dn3-prune0.9710,whole-brain Riemann manifold latent GP (inducing-point),8,8,0.7715749666554677,0.7875235916217204,0.7310158424815628,0.8028989297128243,0.6464608969024654,0.632812292758114,0.6107806585557364,0.687305599089753,0.4038854941492347,0.37979041303161504,0.3553533086660012,0.465615838040971,,,,,,,,
LPC 22:6,[full] MANIFOLD-RSAMPLE-5-4-K1300-reference-5-data-1000-1000-faiss_atlas_weighted-50-15-randomwalk-2-1.0-0.01-0.1-learndiff1.0-prodard2.5-blend0.8-rootdissolve-dn3-prune0.9710,whole-brain Riemann manifold latent GP (inducing-point),8,8,0.7794896113354767,0.7903046132336535,0.7195392284586859,0.8326301575469052,0.6406588724188411,0.632079440417523,0.5815543376335227,0.7005994398496949,0.39090251886609273,0.37541861416214317,0.3067270207434159,0.482263298709079,,,,,,,,
LPC 22:6,[full] MANIFOLD-RSAMPLE-5-4-K1300-reference-5-data-1000-1000-faiss_atlas_weighted-50-15-randomwalk-2-1.0-0.01-0.1-learndiff1.0-prodard2.5-blend0.8-rootdissolve-dn3-prune0.9510,whole-brain Riemann manifold latent GP (inducing-point),8,8,0.7779520952059198,0.7924982733415484,0.717556159215711,0.8458750852626677,0.640449422439729,0.6274386201217728,0.5666894294495892,0.6998624716119755,0.393119082545601,0.37193823205602444,0.2844953401318745,0.4851131583715972,,,,,,,,
LPC 22:6,euclidean-ard-matern-nu1.5-ind1000-5-lr0.05-ep20-lbs10,euclidean,8,8,0.7929740399122238,0.7950389981269836,0.7502164840698242,0.8235986828804016,0.6067618066507692,0.6060918787231493,0.5793281038006595,0.631483590979668,0.36435041545165053,0.36592746273900156,0.3297328990924625,0.3955555304208231,0.7737369611859322,0.7739848494529724,0.7611252665519714,0.7947297096252441,492.9588567078114,468.54807705879216,381.2922593593597,768.5328538417816
LPC 22:6,euclidean-no-ard-matern-nu1.5-ind1000-5-lr0.05-ep20-lbs10,euclidean,8,8,0.7929070889949799,0.7945590317249298,0.7508670687675476,0.8252300024032593,0.6064261414536214,0.6040832725601517,0.5792594320987364,0.630359622230846,0.36448546608115073,0.3647572622713166,0.3292693383160011,0.3945067965342385,0.7747818604111671,0.7755953669548035,0.7611802816390991,0.7960436940193176,542.5437922060489,547.3215399742127,394.9238978862762,719.2978029727935
LPC 22:6,learnls-manifold-nu2-K1300-stride4-learnls-bs1.0-bd0.01-bw0.1-knn15-faiss_atlas_weighted-5-randomwalk-ind1000-lr0.05-ep20-lbs10-blend0.8-infl50-ptls-rootdissolve-dn3-prune0.97,manifold,8,8,0.7937768623232841,0.7985236942768097,0.7448233962059021,0.8293004631996155,0.6082227228070884,0.6006898134323598,0.5795941760817819,0.6386034380652399,0.36313857475058176,0.35847886473348367,0.3249893713692112,0.4042146637465237,0.7689326107501984,0.7665714025497437,0.755325436592102,0.7959687113761902,1762.3879880905151,1842.29719080925,1060.6847239971162,2740.633572483063
LPC 22:6,learnls-manifold-nu2-K1300-stride4-learnls-bs1.0-bd0.01-bw0.1-knn15-faiss_atlas_weighted-5-randomwalk-ind1000-lr0.05-ep20-lbs10-blend0.8-infl50-ptls-rootdissolve-dn3-prune0.9,manifold,8,8,0.7934147268533707,0.7977171242237091,0.7439733743667603,0.8293377161026001,0.6089900966612025,0.6016064197273825,0.5827069077891875,0.6400014878576126,0.3637444207043874,0.35842519397806694,0.3276856871798416,0.4055737474593401,0.7652247697114944,0.7626920640468597,0.7523829936981201,0.7933501601219177,1683.8202770650387,1231.955394268036,1002.7714972019196,2662.6408121109007
LPC 22:6,learnls-manifold-nu2-K1300-stride4-learnls-bs1.0-bd0.01-bw0.1-knn15-faiss_atlas_weighted-5-randomwalk-ind1000-lr0.05-ep20-lbs10-blend0.8-infl50-rootdissolve-dn3-prune0.97,manifold,8,8,0.7936879470944405,0.7983166575431824,0.7447071671485901,0.8295588493347168,0.6083332507372556,0.6003975425107352,0.5798448570278019,0.6388723187791445,0.36328822217883905,0.3580805730104666,0.325250210938965,0.4044006351187816,0.7690511047840118,0.7667236328125,0.7556246519088745,0.7959849238395691,810.791158759594,680.8413188934326,541.5273586273194,1586.7093570709228
LPC 22:6,learnls-manifold-nu2-K1300-stride4-learnls-bs1.0-bd0.01-bw0.1-knn15-faiss_atlas_weighted-5-randomwalk-ind1000-lr0.05-ep20-lbs10-blend0.8-infl50-rootdissolve-dn3-prune0.9,manifold,8,8,0.7936352640390396,0.7979550659656525,0.7441766858100891,0.8297247886657715,0.6089357327181464,0.601192476621562,0.5826095088672965,0.6400277704820798,0.3633935656507312,0.35784748183165555,0.3272691062385855,0.4052488553950626,0.7650930657982826,0.7625286877155304,0.7517408728599548,0.7934344410896301,873.4468322277069,646.6926800251008,478.8035377502441,1602.3791280269622
LPC 22:6,learnls-manifold-nu2-K1300-stride4-learnls-bs1.0-bd0.01-bw0.1-knn15-faiss_atlas_weighted-5-randomwalk-ind1000-lr0.05-ep20-lbs10-blend0.8-infl50-rootdissolve-dn3-prune0.95,manifold,8,8,0.7955769896507263,0.7989884912967682,0.7434046864509583,0.8359974026679993,0.6066549469651958,0.5976346543786535,0.5808906976365455,0.6411175245148641,0.36034837685967847,0.34808082295608656,0.3261428278078644,0.4064820987357948,0.7681900262832642,0.7660206258296967,0.7552356719970703,0.7945557236671448,737.7391889810563,736.9386959791184,559.7733387470246,882.1549282550811
LPC 22:6,learnls-manifold-nu2-K1300-stride4-learnls-bs1.0-bd0.01-bw0.1-knn15-faiss_atlas_weighted-5-randomwalk-ind1000-lr0.05-ep20-lbs10-blend0.8-infl50-ptls-rootdissolve-dn3-prune0.95,manifold,8,8,0.7964391484856606,0.7989073693752289,0.7434230446815491,0.8436881303787231,0.6054210343122151,0.5978182906651981,0.5807062474947173,0.6409077693496404,0.35899678729086304,0.3476792902956001,0.3261844116451378,0.4064528603735863,0.7674964740872383,0.7651605606079102,0.7546833753585815,0.7944586873054504,1500.3576918005942,1315.1481261730194,983.5124282836914,2863.2202331066133
LPC 22:6,learnls-manifold-nu2-K1300-stride4-learnls-bs1.0-bd0.01-bw0.1-knn15-faiss_atlas_weighted-5-randomwalk-ind1000-lr0.05-ep20-lbs10-blend0.8-infl50-ptls-rootdissolve-dn3,manifold,8,8,0.8021584376692772,0.801203727722168,0.749738335609436,0.8484058976173401,0.5986773414588002,0.5932068073432222,0.5783814034717516,0.6326178953818583,0.34984268792866,0.3416268532546214,0.3231435935445251,0.3963258073789009,0.7695075049996376,0.7692399024963379,0.750239908695221,0.7976058721542358,1696.8434637188911,1525.8893583536146,1005.4783073425292,2805.682429075241
LPC 22:6,learnls-manifold-nu2-K1300-stride4-learnls-bs1.0-bd0.01-bw0.1-knn15-faiss_atlas_weighted-5-randomwalk-ind1000-lr0.05-ep20-lbs10-blend0.8-infl50-rootdissolve-dn3,manifold,8,8,0.8021117150783539,0.8014125227928162,0.7501770853996277,0.8476617932319641,0.5988499057628833,0.59309874721832,0.5785923862442995,0.6322669795822596,0.3499104641521588,0.34124685149334344,0.3228443384298616,0.3956190469155682,0.7693310379981995,0.7692581415176392,0.7495273947715759,0.7980536222457886,740.7751899778843,641.087081170082,498.4960698127746,1154.0856853485109
LPC 22:6,spectral-nu2-K1300-stride4-bw0.1-knn15-faiss_atlas_weighted-5-randomwalk-lr0.05-ep20-lbs10-rootdissolve-dn3,spectral,8,8,0.8088793158531189,0.8028375506401062,0.7479451298713684,0.8708437085151672,0.5939558892174019,0.5883992403638376,0.5573551516325089,0.6351577781264813,0.3391797948562011,0.33029393667585094,0.2925917469307353,0.3992100179246549,0.7587120532989502,0.7594465911388397,0.7469627261161804,0.7682763934135437,202.32829250693322,176.49469151496885,135.33260407447816,422.1191092967987
LPC 22:6,learnls-manifold-nu2-K300-stride4-learnls-bs1.0-bd0.01-bw0.1-knn15-faiss_atlas_weighted-5-randomwalk-ind1000-lr0.05-ep20-lbs10-blend0.8-infl50-rootdissolve-dn3-prune0.9,manifold,8,8,0.8214616477489471,0.8261427581310272,0.7706316113471985,0.8533790111541748,0.5686501604970731,0.5667907496371628,0.5332540535344641,0.6039430813649952,0.31785599399981607,0.3207509244610294,0.2776625586455866,0.3622112942561083,0.8082439452409744,0.804645299911499,0.7938405871391296,0.8368791937828064,764.1956034779548,707.8240249872208,452.7825549125672,1071.0653777122498
LPC 22:6,learnls-manifold-nu2-K300-stride4-learnls-bs1.0-bd0.01-bw0.1-knn15-faiss_atlas_weighted-5-randomwalk-ind1000-lr0.05-ep20-lbs10-blend0.8-infl50-ptls-rootdissolve-dn3-prune0.9,manifold,8,8,0.822203166782856,0.826127678155899,0.7703613042831421,0.8599427342414856,0.5675001882655968,0.5630289593341282,0.5329123518083861,0.6040782706840808,0.31667211565947867,0.31576474577828334,0.2776076580794723,0.362658679669428,0.8086383938789368,0.8050444722175598,0.7940995693206787,0.8374563455581665,1447.8248120903968,1295.9960968255996,625.4174993038177,2710.9184814453124
LPC 22:6,learnls-manifold-nu2-K300-stride4-learnls-bs1.0-bd0.01-bw0.1-knn15-faiss_atlas_weighted-5-randomwalk-ind1000-lr0.05-ep20-lbs10-blend0.8-infl50-ptls-rootdissolve-dn3-prune0.97,manifold,8,8,0.8298498392105103,0.8344340026378632,0.777529239654541,0.8664286136627197,0.5553828404367334,0.5479702961063464,0.518680308141689,0.5941671506946196,0.30394161005280734,0.29975971444050686,0.2633562334865137,0.3507430083381654,0.8207769691944122,0.8167642951011658,0.8097855448722839,0.848766565322876,1311.2570073604584,1213.1152584791184,832.5915608882904,2026.036247253418
LPC 22:6,learnls-manifold-nu2-K300-stride4-learnls-bs1.0-bd0.01-bw0.1-knn15-faiss_atlas_weighted-5-randomwalk-ind1000-lr0.05-ep20-lbs10-blend0.8-infl50-ptls-rootdissolve-dn3-prune0.95,manifold,8,8,0.8281785920262337,0.8313231766223907,0.7760244607925415,0.8667632341384888,0.5584658379422789,0.5500766394128757,0.5236722841021528,0.5963031361542609,0.306787261751962,0.29920591601016533,0.2682131761754711,0.3532536603351762,0.8151010945439339,0.8125542998313904,0.8005577325820923,0.8440244197845459,1643.2581516563891,1692.9964258193968,1041.7542363643647,2649.8764119625093
LPC 22:6,learnls-manifold-nu2-K300-stride4-learnls-bs1.0-bd0.01-bw0.1-knn15-faiss_atlas_weighted-5-randomwalk-ind1000-lr0.05-ep20-lbs10-blend0.8-infl50-rootdissolve-dn3-prune0.97,manifold,8,8,0.8299082070589066,0.8345432579517365,0.7771826386451721,0.8668249845504761,0.5553284952023577,0.5474433081613155,0.5187601021475287,0.5945465547103309,0.303851155836909,0.2991062755265408,0.2634481634696286,0.3513216970807188,0.8208197206258774,0.8169276714324951,0.809312105178833,0.8489639163017273,712.886974543333,721.7871578216552,441.5941117286682,983.2467559814452
LPC 22:6,learnls-manifold-nu2-K300-stride4-learnls-bs1.0-bd0.01-bw0.1-knn15-faiss_atlas_weighted-5-randomwalk-ind1000-lr0.05-ep20-lbs10-blend0.8-infl50-rootdissolve-dn3-prune0.95,manifold,8,8,0.8290711790323257,0.8313600122928619,0.775822639465332,0.8718951940536499,0.5576625514919569,0.5499457990931751,0.523720657625445,0.5965440211276738,0.30533283793419874,0.29620340257466166,0.2682828786074721,0.3535899784436327,0.8149117231369019,0.8127655684947968,0.800169825553894,0.8439297676086426,631.1180254280567,645.500598692894,343.0432229995728,978.1217030525208
LPC 22:6,learnls-manifold-nu2-K300-stride4-learnls-bs1.0-bd0.01-bw0.1-knn15-faiss_atlas_weighted-5-randomwalk-ind1000-lr0.05-ep20-lbs10-blend0.8-infl50-ptls-rootdissolve-dn3,manifold,8,8,0.8345494344830513,0.8321571052074432,0.7824936509132385,0.8795543313026428,0.5491214972156415,0.5457641437981209,0.5218368725576481,0.5872809101996822,0.2962156202259402,0.292474466707052,0.266940413727498,0.3424257714926584,0.8196622207760811,0.8183483183383942,0.8025409579277039,0.8445078730583191,1580.0841717422009,1445.879678297043,1059.5366389751434,2880.321122407913
LPC 22:6,learnls-manifold-nu2-K300-stride4-learnls-bs1.0-bd0.01-bw0.1-knn15-faiss_atlas_weighted-5-randomwalk-ind1000-lr0.05-ep20-lbs10-blend0.8-infl50-rootdissolve-dn3,manifold,8,8,0.8363552838563919,0.8322857022285461,0.7829121351242065,0.8929319381713867,0.5472472527662737,0.5457974394155843,0.5177508169964538,0.5870817298249632,0.2932287589435183,0.29211611583977504,0.256251004848945,0.3417221272231927,0.8188652694225311,0.8174925148487091,0.8023737668991089,0.8441299200057983,699.4607622623444,714.2920899152756,232.3056728363037,1056.9366778850556
LPC 22:6,learnls-manifold-nu2-K100-stride4-learnls-bs1.0-bd0.01-bw0.1-knn15-faiss_atlas_weighted-5-randomwalk-ind1000-lr0.05-ep20-lbs10-blend0.8-infl50-rootdissolve-dn3-prune0.95,manifold,8,8,0.856291763484478,0.858031153678894,0.8145223259925842,0.8869121074676514,0.5122552937261324,0.5152221125344768,0.4700039073503855,0.5365174222198863,0.25868432707898353,0.2635929644655735,0.2159840250738657,0.2874929674044583,0.8525514975190163,0.8526239693164825,0.841655969619751,0.8635685443878174,577.2767422556877,591.8588327884675,362.2236257553101,736.3296094894409
LPC 22:6,learnls-manifold-nu2-K100-stride4-learnls-bs1.0-bd0.01-bw0.1-knn15-faiss_atlas_weighted-5-randomwalk-ind1000-lr0.05-ep20-lbs10-blend0.8-infl50-ptls-rootdissolve-dn3-prune0.95,manifold,8,8,0.8562651500105858,0.8574720621109009,0.814644455909729,0.8869071006774902,0.5121523339833416,0.5152545227238022,0.4700682277412099,0.5368621022881858,0.2587340741076585,0.26345586436196844,0.2161119448780494,0.2872792965311607,0.8564672619104385,0.8575955033302307,0.8418895602226257,0.8775097131729126,1328.971303164959,1091.9575391769408,910.4566824913024,2260.8664878368377
LPC 22:6,learnls-manifold-nu2-K100-stride4-learnls-bs1.0-bd0.01-bw0.1-knn15-faiss_atlas_weighted-5-randomwalk-ind1000-lr0.05-ep20-lbs10-blend0.8-infl50-ptls-rootdissolve-dn3-prune0.97,manifold,8,8,0.8579017743468285,0.8588593006134033,0.8147794008255005,0.8906543254852295,0.508980329983638,0.5106867422331192,0.4653451681962744,0.5370698724648041,0.2559404381037987,0.2591534032484416,0.2120675701712402,0.2870431582847976,0.857090450823307,0.8548661172389984,0.8462252020835876,0.8801863789558411,1224.7463105618954,1200.3975676774978,184.6689065933228,2175.3325106143952
LPC 22:6,learnls-manifold-nu2-K100-stride4-learnls-bs1.0-bd0.01-bw0.1-knn15-faiss_atlas_weighted-5-randomwalk-ind1000-lr0.05-ep20-lbs10-blend0.8-infl50-rootdissolve-dn3-prune0.97,manifold,8,8,0.8583300188183784,0.8598646223545074,0.8148033618927002,0.8918872475624084,0.508892622177501,0.5099925193221989,0.4652808211153914,0.5370588594170685,0.255213083330143,0.25809695637567653,0.211976927306898,0.2870011473748874,0.8571919873356819,0.8547829389572144,0.845823347568512,0.8799174427986145,616.2290274679661,601.4996862888336,363.9737890720368,847.1888272762299
LPC 22:6,learnls-manifold-nu2-K100-stride4-learnls-bs1.0-bd0.01-bw0.1-knn15-faiss_atlas_weighted-5-randomwalk-ind1000-lr0.05-ep20-lbs10-blend0.8-infl50-rootdissolve-dn3-prune0.9,manifold,8,8,0.8597830906510353,0.8610363006591797,0.8173620700836182,0.8920546174049377,0.5062221574392833,0.508421623425003,0.4600646065347027,0.5325623883942238,0.2526336123846367,0.25676835039483975,0.2067901851847084,0.2825161364982167,0.8572628498077393,0.85665562748909,0.845824122428894,0.8759801983833313,757.0613512337208,714.4169904232026,435.0860486507416,1200.507752084732
LPC 22:6,learnls-manifold-nu2-K100-stride4-learnls-bs1.0-bd0.01-bw0.1-knn15-faiss_atlas_weighted-5-randomwalk-ind1000-lr0.05-ep20-lbs10-blend0.8-infl50-ptls-rootdissolve-dn3-prune0.9,manifold,8,8,0.8597979843616486,0.8608238101005554,0.8176568150520325,0.8920726180076599,0.5062281373425368,0.5084221742744404,0.460549154798739,0.5322690552206988,0.25260774747950493,0.25647980480889315,0.2071570140349411,0.2819985405440675,0.8572845458984375,0.8569306135177612,0.8461390137672424,0.8760710954666138,1371.7086737275124,1298.0997265815736,780.8531027317047,2154.0986153125764
LPC 22:6,learnls-manifold-nu2-K100-stride4-learnls-bs1.0-bd0.01-bw0.1-knn15-faiss_atlas_weighted-5-randomwalk-ind1000-lr0.05-ep20-lbs10-blend0.8-infl50-rootdissolve-dn3,manifold,8,8,0.8703863993287086,0.8687877058982849,0.8290775418281555,0.9045970439910888,0.48757774678872334,0.4898204749851909,0.4506208761020426,0.5122851676812942,0.23418740904565322,0.23566892061143718,0.1988367812605012,0.2618009107595942,0.8664340004324913,0.8677294254302979,0.8522040843963623,0.8819197416305542,610.7284797847271,608.2905959129334,444.7335654258728,843.5649337291718
LPC 22:6,spectral-nu2-K100-stride4-bw0.1-knn15-faiss_atlas_weighted-5-randomwalk-lr0.05-ep20-lbs10-rootdissolve-dn3,spectral,8,8,0.870896190404892,0.8697506785392761,0.8307152390480042,0.9046545028686525,0.48668391690982893,0.48837028414918693,0.4516703885536135,0.5097696207681843,0.2332724486940579,0.2349693080275403,0.1980606981451034,0.2588816911222483,0.8658378943800926,0.8702670037746429,0.8542503118515015,0.8721938729286194,171.72702809572218,158.5864385843277,100.642751789093,279.7807814121246
LPC 22:6,learnls-manifold-nu2-K100-stride4-learnls-bs1.0-bd0.01-bw0.1-knn15-faiss_atlas_weighted-5-randomwalk-ind1000-lr0.05-ep20-lbs10-blend0.8-infl50-ptls-rootdissolve-dn3,manifold,8,8,0.8707262799143791,0.8687810897827148,0.8293758034706116,0.9067285060882568,0.4870441328102447,0.48994270706726095,0.4496389910242811,0.511985563271124,0.23360143004124703,0.23417187574905218,0.1980926285915811,0.2612696958841003,0.8656517714262009,0.8657649457454681,0.852221667766571,0.8821758031845093,1178.7393712580206,1048.5784509658815,397.0723135948181,1964.631768989563
PA 36:1,[full] SPECTRAL-5-4-K300-reference-5-1000-faiss-1-15-randomwalk-2-1.0-0.01-0.1-1.010,whole-brain Riemann manifold latent GP (spectral / weight-space eigenbasis),8,8,0.8684979117106507,0.8685077472430349,0.841445208480876,0.904584773407957,0.5377945327927831,0.5317309360547782,0.502519092647638,0.5688965051011124,0.24537319564226243,0.245692023572288,0.1817263877184751,0.2919699611245752,,,,,,,,
PA 36:1,[full] SPECTRAL-5-4-K300-reference-5-1000-faiss_cluster_weighted-50-15-randomwalk-2-1.0-0.01-0.1-1.0-clk64-sw1.0-cs0-learndiff1.010,whole-brain Riemann manifold latent GP (spectral / weight-space eigenbasis),8,8,0.8707624001023828,0.8686766210469957,0.8461400035656862,0.9148951779426961,0.5358095195266956,0.5350610264374998,0.4896124772907728,0.5656489224045744,0.24135499235566793,0.2454008568757458,0.1629668133772023,0.2840470943658606,,,,,,,,
PA 36:1,[full] SPECTRAL-5-4-K300-reference-5-1000-faiss_cluster_weighted-50-15-randomwalk-2-1.0-0.01-0.1-1.0-clk64-sw1.0-cs010,whole-brain Riemann manifold latent GP (spectral / weight-space eigenbasis),8,8,0.8737466793742588,0.8693244787396448,0.845813091696428,0.9159947326381994,0.5362524633245952,0.5301287769274553,0.493373672249457,0.5670755491996395,0.236062363875507,0.24426885631069728,0.1609536497790735,0.2846002139149297,,,,,,,,
PA 36:1,[full] MANIFOLD-RSAMPLE-5-4-K100-reference-5-data-1000-1000-faiss_atlas_weighted-50-15-randomwalk-2-1.0-0.01-0.1-learndiff1.0-blend0.8-level_5annot-rootdissolve-dn3-prune0.9710,whole-brain Riemann manifold latent GP (inducing-point),8,8,0.872159846883751,0.8713837529540019,0.8430997917055562,0.9143848704875155,0.5314508566445864,0.5284177315896956,0.4878154395853235,0.5645658444465469,0.23894860608604562,0.240690143926141,0.1639003086235295,0.2891827412260478,,,,,,,,
PA 36:1,[full] SPECTRAL-5-4-K100-reference-5-1000-faiss-1-15-randomwalk-2-1.0-0.01-0.1-1.0-learndiff1.010,whole-brain Riemann manifold latent GP (spectral / weight-space eigenbasis),8,8,0.8744752223699347,0.8716317242705838,0.8528480467225233,0.9098200815608429,0.5320082567634807,0.5250526633801427,0.493640507302465,0.5653156774390491,0.23499154738046965,0.24025799685155105,0.172227419188621,0.2726502092015767,,,,,,,,
PA 36:1,[full] MANIFOLD-RSAMPLE-5-4-K100-reference-5-data-1000-1000-faiss_atlas_weighted-50-15-randomwalk-2-1.0-0.01-0.1-learndiff1.0-blend0.8-rootdissolve-dn3-prune0.910,whole-brain Riemann manifold latent GP (inducing-point),8,8,0.8748138850921958,0.8724272076716124,0.8462132110866365,0.9176665948645801,0.5305728268816274,0.5285815536449611,0.489110852921186,0.5637874320773828,0.23422851526127103,0.23885018463993068,0.1578880206696464,0.2839232013824435,,,,,,,,
PA 36:1,[full] SPECTRAL-5-4-K300-reference-5-1000-faiss_atlas_weighted-50-15-randomwalk-2-1.0-0.01-0.1-1.0-level_5annot10,whole-brain Riemann manifold latent GP (spectral / weight-space eigenbasis),8,8,0.8737435553960555,0.8724474304312908,0.8459700727608126,0.9144766368704644,0.5328032140810293,0.5291733989372309,0.4958560905219321,0.5643468787383669,0.23615973269790272,0.2388353268599968,0.1637324806180846,0.2843346359930655,,,,,,,,
PA 36:1,[full] MANIFOLD-RSAMPLE-5-4-K100-reference-5-data-1000-1000-faiss_atlas_weighted-50-15-randomwalk-2-1.0-0.01-0.1-learndiff1.0-blend0.8-rootdissolve-dn3-prune0.9510,whole-brain Riemann manifold latent GP (inducing-point),8,8,0.8725243668851808,0.872946320209828,0.8481840499967331,0.9123314975200195,0.529805993998808,0.522603704180276,0.4843422940003298,0.5627231979739784,0.238347636084498,0.2379638350206747,0.1676512386328786,0.2805838173311393,,,,,,,,
PA 36:1,[full] MANIFOLD-RSAMPLE-5-4-K100-reference-5-data-1000-1000-faiss_atlas_weighted-50-15-randomwalk-2-1.0-0.01-0.1-learndiff1.0-blend0.8-rootdissolve-dn3-prune0.9710,whole-brain Riemann manifold latent GP (inducing-point),8,8,0.8697563602816235,0.8729919573296767,0.835613218576488,0.9100072273876598,0.5349833863614089,0.5285821556785675,0.4879609061356876,0.575113020474286,0.24298637004455081,0.2378745551028203,0.1718868461022241,0.3017505489402426,,,,,,,,
PA 36:1,[full] MANIFOLD-RSAMPLE-5-4-K100-reference-5-data-1000-1000-faiss_atlas_weighted-50-15-randomwalk-2-1.0-0.01-0.1-learndiff1.0-blend0.8-level_5annot-rootdissolve-dn3-prune0.9510,whole-brain Riemann manifold latent GP (inducing-point),8,8,0.8723618062615486,0.8734970934138552,0.8445558999586998,0.9164123028674812,0.5327000064090038,0.5238618337312704,0.4846757800293466,0.5657272303576116,0.23854776254123516,0.23700036677306455,0.1601884911531199,0.2867253318449505,,,,,,,,
PA 36:1,[full] SPECTRAL-5-4-K100-reference-5-1000-faiss-1-15-randomwalk-2-1.0-0.01-0.1-1.010,whole-brain Riemann manifold latent GP (spectral / weight-space eigenbasis),8,8,0.8729956042061122,0.8736471069070717,0.8474793700238356,0.9103421973395015,0.5342096477449632,0.5286694057686745,0.4958205638142198,0.5665613273479068,0.23754305966987257,0.23672806484450104,0.1712770837430881,0.2817787173840027,,,,,,,,
PA 36:1,[full] SPECTRAL-5-4-K300-reference-5-1000-faiss-1-15-randomwalk-2-1.0-0.01-0.1-1.0-learndiff1.010,whole-brain Riemann manifold latent GP (spectral / weight-space eigenbasis),8,8,0.8700775890715172,0.873973504810224,0.8443350932461956,0.905622649729038,0.5376802090777189,0.5339116114940258,0.4968732374319915,0.5666689904830386,0.2426169346236402,0.23616805819774325,0.179847616297756,0.2870982503129381,,,,,,,,
PA 36:1,[full] SPECTRAL-5-4-K100-reference-5-1000-faiss_atlas_weighted-50-15-randomwalk-2-1.0-0.01-0.1-1.010,whole-brain Riemann manifold latent GP (spectral / weight-space eigenbasis),8,8,0.8723833365735482,0.8741185402416389,0.8479928058500118,0.9025359451831403,0.5326659829531895,0.5227669433700477,0.5021040454219134,0.5644547421175965,0.23865558577450702,0.23591387596033736,0.1854288676523755,0.2809082012266242,,,,,,,,
PA 36:1,[full] MANIFOLD-RSAMPLE-5-4-K100-reference-5-data-2000-1000-faiss_atlas_weighted-50-15-randomwalk-2-1.0-0.01-0.1-learndiff1.0-blend0.810,whole-brain Riemann manifold latent GP (inducing-point),8,8,0.8740391669939684,0.8741836536640076,0.8474246919278422,0.9193104346321895,0.5327801143237236,0.524725397015571,0.4881249864050965,0.5653204618644485,0.23561440841628437,0.23579754340766007,0.1548683247763747,0.2818713915110018,,,,,,,,
PA 36:1,[full] SPECTRAL-5-4-K100-reference-5-1000-faiss_atlas_weighted-50-15-randomwalk-2-1.0-0.01-0.1-1.0-rootdissolve-dn3-prune0.95-learndiff1.010,whole-brain Riemann manifold latent GP (spectral / weight-space eigenbasis),8,8,0.8751059044962604,0.8753654235254229,0.8440547172846451,0.9148454607998978,0.5333093475186668,0.5269955795470693,0.4915373152043246,0.565278927235679,0.23374927480180735,0.23372628283763147,0.1630577828538227,0.2875716342295378,,,,,,,,
PA 36:1,[full] MANIFOLD-RSAMPLE-5-4-K100-reference-5-data-1000-1000-faiss_atlas_weighted-50-15-randomwalk-2-1.0-0.01-0.1-learndiff1.0-blend0.8-level_5annot-rootdissolve-dn3-prune0.910,whole-brain Riemann manifold latent GP (inducing-point),8,8,0.8773208091307461,0.8754729751534344,0.8421033896934796,0.914905084769857,0.525367311392091,0.523850525202248,0.4633483035670684,0.5701649148496597,0.22976258594104815,0.23353484226792498,0.1629486858622609,0.2908618810667515,,,,,,,,
PA 36:1,[full] SPECTRAL-5-4-K300-reference-5-1000-faiss_atlas_weighted-50-15-randomwalk-2-1.0-0.01-0.1-1.0-level_5annot-learndiff1.010,whole-brain Riemann manifold latent GP (spectral / weight-space eigenbasis),8,8,0.8737903091206936,0.8756008736756011,0.8481937637316931,0.8963131194009949,0.532842912807143,0.5206632799482354,0.5051005495201722,0.5645373056526387,0.23622935791462432,0.2333230076269546,0.1966227919896579,0.2805673391666647,,,,,,,,
PA 36:1,[full] SPECTRAL-5-4-K100-reference-5-1000-faiss_atlas_weighted-50-15-randomwalk-2-1.0-0.01-0.1-1.0-level_5annot-learndiff1.010,whole-brain Riemann manifold latent GP (spectral / weight-space eigenbasis),8,8,0.873078914000567,0.8756199619758456,0.8454639447144269,0.9030320109392869,0.5336492352370523,0.5288234568536637,0.4959658930718176,0.5640771640435094,0.23740409204466695,0.23328958588392557,0.1845331872189477,0.2851907181879206,,,,,,,,
PA 36:1,[full] SPECTRAL-5-4-K300-reference-5-1000-faiss_atlas_weighted-50-15-randomwalk-2-1.0-0.01-0.1-1.0-rootdissolve-dn3-prune0.9-learndiff1.010,whole-brain Riemann manifold latent GP (spectral / weight-space eigenbasis),8,8,0.8739955456762095,0.8756248972315965,0.84012353759198,0.9060634172790014,0.5344041720292522,0.5268311638915169,0.4967675545777114,0.5708535941325505,0.2357872709003092,0.2332787815065491,0.1790490838686981,0.294192441583937,,,,,,,,
PA 36:1,[full] SPECTRAL-5-4-K100-reference-5-1000-faiss_atlas_weighted-50-15-randomwalk-2-1.0-0.01-0.1-1.0-learndiff1.010,whole-brain Riemann manifold latent GP (spectral / weight-space eigenbasis),8,8,0.8762465112557456,0.8756782965333105,0.8489001020312636,0.9163845562568509,0.5306646957207573,0.5230110979308112,0.49376856447455,0.5646152528494527,0.2317822603010212,0.23317395382070005,0.1602393450539346,0.2793686167713102,,,,,,,,
PA 36:1,[full] MANIFOLD-RSAMPLE-5-4-K300-reference-5-data-1000-1000-faiss_atlas_weighted-50-15-randomwalk-2-1.0-0.01-0.1-learndiff1.0-blend0.8-rootdissolve-dn3-prune0.9510,whole-brain Riemann manifold latent GP (inducing-point),8,8,0.8770985028693107,0.8757810244718471,0.8440858153876575,0.913615362339566,0.5259746948721652,0.5218024242787067,0.4877387699392788,0.5662908042473458,0.2303048625407959,0.2330067254064492,0.1653069696971436,0.2875191362613534,,,,,,,,
PA 36:1,[full] SPECTRAL-5-4-K100-reference-5-1000-faiss_atlas_weighted-50-15-randomwalk-2-1.0-0.01-0.1-1.0-level_5annot10,whole-brain Riemann manifold latent GP (spectral / weight-space eigenbasis),8,8,0.8734995439927914,0.875910312526611,0.8351647262253064,0.9157958371045714,0.5338286775420295,0.5241657379476441,0.4980973057434313,0.5765938081341095,0.23648539561183157,0.23277881551273744,0.1613179847419374,0.3024998800690091,,,,,,,,
PA 36:1,[full] SPECTRAL-5-4-K300-reference-5-1000-faiss_atlas_weighted-50-15-randomwalk-2-1.0-0.01-0.1-1.0-level_5annot-rootdissolve-dn3-prune0.9-learndiff1.010,whole-brain Riemann manifold latent GP (spectral / weight-space eigenbasis),8,8,0.8764382437978395,0.8759378892115095,0.8467324522747625,0.9231232867803448,0.5329168098245525,0.5262814918365999,0.490797807655934,0.5660668196226858,0.23139939825381503,0.23272185660162642,0.1478433974038532,0.2830441542647671,,,,,,,,
PA 36:1,[full] MANIFOLD-RSAMPLE-5-4-K300-reference-5-data-1000-1000-faiss_atlas_weighted-50-15-randomwalk-2-1.0-0.01-0.1-learndiff1.0-blend0.8-rootdissolve-dn3-prune0.9710,whole-brain Riemann manifold latent GP (inducing-point),8,8,0.8797665913493835,0.8763086962135457,0.8458224306797212,0.9210124724849714,0.5229465377449845,0.5217337000950708,0.4843062097035037,0.5664222858249188,0.22550559936453324,0.23208066162608693,0.1517360255271198,0.2845844157590483,,,,,,,,
PA 36:1,[full] SPECTRAL-5-4-K300-reference-5-1000-faiss_atlas_weighted-50-15-randomwalk-2-1.0-0.01-0.1-1.0-rootdissolve-dn3-prune0.95-learndiff1.010,whole-brain Riemann manifold latent GP (spectral / weight-space eigenbasis),8,8,0.8765761590611755,0.8763494863126596,0.8485056585285052,0.9180572439512596,0.5313347958407968,0.5254173609024508,0.4899683810153287,0.5625843819436799,0.23121163078881118,0.23201157766395894,0.1571708968286173,0.2800381474451077,,,,,,,,
PA 36:1,[full] SPECTRAL-5-4-K300-reference-5-1000-faiss_atlas_weighted-50-15-randomwalk-2-1.0-0.01-0.1-1.0-level_5annot-rootdissolve-dn3-prune0.97-learndiff1.0-learnspecw10,whole-brain Riemann manifold latent GP (spectral / weight-space eigenbasis),8,8,0.8741368563189305,0.8763858259901964,0.8397497652856638,0.9155650833562233,0.5353071645603453,0.5309080748698985,0.495629561836137,0.571362730065929,0.23532230821094463,0.23194723921143154,0.1617405781389118,0.2948203317026726,,,,,,,,
PA 36:1,[full] MANIFOLD-RSAMPLE-5-4-K300-reference-5-data-1000-1000-faiss_atlas_weighted-50-15-randomwalk-2-1.0-0.01-0.1-learndiff1.0-blend0.8-level_5annot-rootdissolve-dn3-prune0.9710,whole-brain Riemann manifold latent GP (inducing-point),8,8,0.8800576441199114,0.8766787276977277,0.8563712988687304,0.9199393718083024,0.5234995125074398,0.5198012003467102,0.483150935999157,0.5593645340260732,0.22518887982713587,0.23143433706185856,0.153711552196946,0.2666281984738835,,,,,,,,
PA 36:1,[full] SPECTRAL-5-4-K1300-reference-5-1000-faiss_atlas_weighted-50-15-randomwalk-2-1.0-0.01-0.1-1.0-level_5annot-rootdissolve-dn3-prune0.97-learndiff1.0-learnspecw10,whole-brain Riemann manifold latent GP (spectral / weight-space eigenbasis),8,8,0.8762989795168414,0.8769188759367836,0.8386390447435618,0.9230108332215453,0.5295714430081235,0.5272285629590798,0.4894247079648479,0.5700399457046333,0.2315870436726593,0.2310065322675364,0.1480510017556686,0.2966845526316062,,,,,,,,
PA 36:1,[full] SPECTRAL-5-4-K100-reference-5-1000-faiss_atlas_weighted-50-15-randomwalk-2-1.0-0.01-0.1-1.0-rootdissolve-dn3-prune0.97-learndiff1.010,whole-brain Riemann manifold latent GP (spectral / weight-space eigenbasis),8,8,0.8764464521455433,0.877232746938724,0.8462768547666136,0.920957801039234,0.5306961144295061,0.524674180771974,0.4876916136968999,0.5638279567121857,0.23136851594414654,0.2304574302648296,0.1518367287049786,0.2838154850863279,,,,,,,,
PA 36:1,[full] SPECTRAL-5-4-K100-reference-5-1000-faiss_cluster_weighted-50-15-randomwalk-2-1.0-0.01-0.1-1.0-clk64-sw1.0-cs0-learndiff1.010,whole-brain Riemann manifold latent GP (spectral / weight-space eigenbasis),8,8,0.8757623506929004,0.8772408443784123,0.847105002625436,0.9128879847477673,0.5308142517528227,0.5292280026669071,0.4902088043300351,0.5669280077790575,0.23268079748817722,0.2304473514378229,0.1666355273031601,0.2824131145269601,,,,,,,,
PA 36:1,[full] SPECTRAL-5-4-K2300-reference-5-1000-faiss_atlas_weighted-50-15-randomwalk-2-1.0-0.01-0.1-1.0-learndiff1.010,whole-brain Riemann manifold latent GP (spectral / weight-space eigenbasis),8,8,0.8802663253561742,0.8773501983966583,0.8541983612340611,0.9144014360495525,0.5293038536797585,0.519469106348489,0.4988696182222859,0.55946230628618,0.22476720735324776,0.2302527685447266,0.1638700137505162,0.2703451596650444,,,,,,,,
PA 36:1,[full] MANIFOLD-RSAMPLE-5-4-K300-reference-5-data-1000-1000-faiss_atlas_weighted-50-15-randomwalk-2-1.0-0.01-0.1-learndiff1.0-blend0.8-level_5annot-rootdissolve-dn3-prune0.9510,whole-brain Riemann manifold latent GP (inducing-point),8,8,0.8783578926388307,0.8774131152284066,0.8553115960890733,0.911721936781859,0.5247223740441354,0.5193519739812918,0.4905565226571995,0.5566795671901321,0.22817242486420636,0.23013253486072,0.168763109990736,0.2684420735955619,,,,,,,,
PA 36:1,[full] SPECTRAL-5-4-K100-reference-5-1000-faiss_atlas_weighted-50-15-randomwalk-2-1.0-0.01-0.1-1.0-level_5annot-rootdissolve-dn3-prune0.97-learndiff1.0-learnspecw10,whole-brain Riemann manifold latent GP (spectral / weight-space eigenbasis),8,8,0.8754904527903637,0.8774232751707033,0.8453318336059072,0.9155529791261352,0.5329585925577904,0.5259530282380189,0.4924620270990298,0.5657658572063727,0.23308173169039054,0.23012300928776575,0.1617627424132586,0.2854140910924747,,,,,,,,
PA 36:1,[full] SPECTRAL-5-4-K100-reference-5-1000-faiss_atlas_weighted-50-15-randomwalk-2-1.0-0.01-0.1-1.0-rootdissolve-dn3-prune0.9-learndiff1.010,whole-brain Riemann manifold latent GP (spectral / weight-space eigenbasis),8,8,0.872322436897422,0.8774896036124062,0.8387595660284667,0.9048706898238504,0.5334488789199687,0.5261998867019476,0.4980438318548875,0.5668634905627477,0.238697270776766,0.23001040811559204,0.181209034697709,0.2964823903957383,,,,,,,,
PA 36:1,[full] SPECTRAL-5-4-K300-reference-5-1000-faiss_atlas_weighted-50-15-randomwalk-2-1.0-0.01-0.1-1.0-level_5annot-rootdissolve-dn3-prune0.95-learndiff1.010,whole-brain Riemann manifold latent GP (spectral / weight-space eigenbasis),8,8,0.8747181769191014,0.8775997356997911,0.849360972731306,0.9075784296590648,0.5326717726052245,0.5270331515605933,0.4984122976257264,0.5638992575146581,0.23456335651467258,0.22981362634753744,0.1763013940175859,0.2785859380009298,,,,,,,,
PA 36:1,[full] SPECTRAL-5-4-K100-reference-5-1000-faiss_atlas_weighted-50-15-randomwalk-2-1.0-0.01-0.1-1.0-level_5annot-rootdissolve-dn3-prune0.9-learndiff1.010,whole-brain Riemann manifold latent GP (spectral / weight-space eigenbasis),8,8,0.8763701520295997,0.8776280934808679,0.8432447037974579,0.9187223988591298,0.5306506515921097,0.5339275104952643,0.4846783436613873,0.5669618905445042,0.23138108015329106,0.22971816601418926,0.155949153834526,0.2889383695175376,,,,,,,,
PA 36:1,[full] SPECTRAL-5-4-K100-reference-5-1000-faiss_atlas_weighted-50-15-randomwalk-2-1.0-0.01-0.1-1.0-level_5annot-rootdissolve-dn3-prune0.97-learndiff1.010,whole-brain Riemann manifold latent GP (spectral / weight-space eigenbasis),8,8,0.8757585709346892,0.8777242400680128,0.8416437333630337,0.9082894550611956,0.5313369724754828,0.5261608437673294,0.4979812355203804,0.5643315874615159,0.23268568197782477,0.22958384181188274,0.1750102658246363,0.2916358260907347,,,,,,,,
PA 36:1,[full] MANIFOLD-RSAMPLE-5-4-K300-reference-5-data-1000-1000-faiss_atlas_weighted-50-15-randomwalk-2-1.0-0.01-0.1-learndiff1.0-blend0.8-rootdissolve-dn3-prune0.910,whole-brain Riemann manifold latent GP (inducing-point),8,8,0.8818634726224202,0.8783396965113448,0.8441533390729611,0.9212702230263097,0.5221987280217425,0.5223441845328893,0.4801061323341164,0.5661266459702068,0.2217510399572247,0.22851213323184194,0.1512611761650536,0.2874051401319704,,,,,,,,
PA 36:1,[full] SPECTRAL-5-4-K300-reference-5-1000-faiss_atlas_weighted-50-15-randomwalk-2-1.0-0.01-0.1-1.0-level_5annot-rootdissolve-dn3-prune0.97-learndiff1.010,whole-brain Riemann manifold latent GP (spectral / weight-space eigenbasis),8,8,0.8756514087743618,0.8786806136194865,0.8437070696257934,0.9102368880829892,0.5328856413505034,0.5248245521176325,0.5024165236254771,0.5712631958531054,0.23283000647122765,0.227914451346204,0.1714688075729959,0.2881583806634564,,,,,,,,
PA 36:1,[full] SPECTRAL-5-4-K300-reference-5-1000-faiss_atlas_weighted-50-15-randomwalk-2-1.0-0.01-0.1-1.0-rootdissolve-dn3-prune0.97-learndiff1.010,whole-brain Riemann manifold latent GP (spectral / weight-space eigenbasis),8,8,0.8767992556304636,0.8787329043023673,0.8439820105142974,0.9152296772751135,0.5322356401999591,0.5188808177403457,0.5012224330368381,0.569706536954137,0.2307290299351703,0.2278189939491307,0.1623546378348916,0.2876943659282442,,,,,,,,
PA 36:1,[full] MANIFOLD-RSAMPLE-5-4-K300-reference-5-data-1000-1000-faiss_atlas_weighted-50-15-randomwalk-2-1.0-0.01-0.1-learndiff1.0-blend0.8-level_5annot-rootdissolve-dn3-prune0.910,whole-brain Riemann manifold latent GP (inducing-point),8,8,0.8807278837401282,0.8797774823268223,0.8532469057783443,0.9186876289528382,0.5261735012199142,0.5218510531510812,0.4871183253250973,0.5627579751478501,0.22391903328136975,0.225991578300789,0.1560130404090124,0.2719697177796814,,,,,,,,
PA 36:1,[full] SPECTRAL-5-4-K1300-reference-5-1000-faiss_atlas_weighted-50-15-randomwalk-2-1.0-0.01-0.1-1.0-level_5annot-rootdissolve-dn3-prune0.95-learndiff1.010,whole-brain Riemann manifold latent GP (spectral / weight-space eigenbasis),8,8,0.8797308095167214,0.881196783687789,0.8491384722334786,0.9224396296760465,0.5282440378199244,0.5287328404285898,0.4872967164246136,0.5618541874937184,0.2255887793292083,0.22345147224749365,0.1491051296031182,0.2789638549729938,,,,,,,,
PA 36:1,[full] SPECTRAL-5-4-K1300-reference-5-1000-faiss_atlas_weighted-50-15-randomwalk-2-1.0-0.01-0.1-1.0-level_5annot-rootdissolve-dn3-prune0.97-learndiff1.010,whole-brain Riemann manifold latent GP (spectral / weight-space eigenbasis),8,8,0.8794579366452566,0.8815009192077606,0.8476159217422978,0.9136318799722712,0.5274116894631955,0.5197983400318107,0.4934388183988265,0.5633574678583879,0.22606969890107564,0.22295097160000077,0.1652767878983335,0.2815472492089549,,,,,,,,
PA 36:1,[full] SPECTRAL-5-4-K100-reference-5-1000-faiss_cluster_weighted-50-15-randomwalk-2-1.0-0.01-0.1-1.0-clk64-sw1.0-cs010,whole-brain Riemann manifold latent GP (spectral / weight-space eigenbasis),8,8,0.8770690818704501,0.8817271500629444,0.8419955329749492,0.9213871777332826,0.5306687812501494,0.5250764389057038,0.4850815159365181,0.5682302758316142,0.23023529223229722,0.22255338097606356,0.1510456687086963,0.2910435224502312,,,,,,,,
PA 36:1,[full] SPECTRAL-5-4-K1300-reference-5-1000-faiss_atlas_weighted-50-15-randomwalk-2-1.0-0.01-0.1-1.0-level_5annot-rootdissolve-dn3-prune0.9-learndiff1.010,whole-brain Riemann manifold latent GP (spectral / weight-space eigenbasis),8,8,0.8808490222316694,0.8817316378791425,0.8550095921883705,0.9198489544326138,0.526316583909679,0.523364025682814,0.4880016370325951,0.5616726411980324,0.22375548246562982,0.22253677871561434,0.1538779010292271,0.2689585972658763,,,,,,,,
PA 36:1,[full] SPECTRAL-5-8-K6000-reference-5-1000-faiss_atlas_weighted-50-15-randomwalk-2-1.0-0.01-0.1-1.0-learndiff1.010,whole-brain Riemann manifold latent GP (spectral / weight-space eigenbasis),8,8,0.878668713636437,0.8822437105072312,0.8448146274385957,0.9200038456023288,0.5271054492675572,0.5187880862967353,0.4855073203797502,0.5681569153284606,0.22742213094124877,0.22163969899833935,0.1535929240769263,0.2862882452657868,,,,,,,,
PA 36:1,[full] SPECTRAL-5-4-K100-reference-5-1000-faiss_atlas_weighted-50-15-randomwalk-2-1.0-0.01-0.1-1.0-level_5annot-rootdissolve-dn3-prune0.95-learndiff1.010,whole-brain Riemann manifold latent GP (spectral / weight-space eigenbasis),8,8,0.8769761933359914,0.8825325243849598,0.8397352911919734,0.9067817346551906,0.5329801996173493,0.5222836190581093,0.5003517836982517,0.5728808685218318,0.23044508080631204,0.2211363431631656,0.1777468856957234,0.2948446407267315,,,,,,,,
PA 36:1,euclidean-no-ard-matern-nu1.5-ind1000-5-lr0.05-ep20-lbs10,euclidean,8,8,0.8590443581342697,0.8598287999629974,0.728076159954071,0.9831351637840272,0.49098231474836745,0.4917521334279399,0.4435166695372226,0.5296673216709493,0.21103077390362504,0.2209983412148004,0.1439494414336587,0.2527409039784468,0.8316678032279015,0.8282559514045715,0.8156061768531799,0.8520516753196716,542.5437922060489,547.3215399742127,394.9238978862762,719.2978029727935
PA 36:1,euclidean-ard-matern-nu1.5-ind1000-5-lr0.05-ep20-lbs10,euclidean,8,8,0.8621557429432869,0.8644275367259979,0.7300769686698914,0.9852479100227356,0.4871984959792637,0.489210568266338,0.4423172048735996,0.5195608396339745,0.20572879354016543,0.2176465094886949,0.1412265373004737,0.2400011334606296,0.831737145781517,0.8292421698570251,0.8156223297119141,0.8513147234916687,492.9588567078114,468.54807705879216,381.2922593593597,768.5328538417816
PA 36:1,[full] MANIFOLD-RSAMPLE-5-4-K1300-reference-5-data-1000-1000-faiss_atlas_weighted-50-15-randomwalk-2-1.0-0.01-0.1-learndiff1.0-blend0.8-rootdissolve-dn3-prune0.9510,whole-brain Riemann manifold latent GP (inducing-point),8,8,0.9057769589046507,0.8918105804588888,0.8542052378992752,0.9839115432310523,0.49606780900624303,0.5028962647509572,0.4063909994123411,0.5526386742071617,0.1779646753296225,0.20467221283293785,0.031918075096689,0.2703334115454427,,,,,,,,
PA 36:1,[full] MANIFOLD-RSAMPLE-5-4-K1300-reference-5-data-1000-1000-faiss_atlas_weighted-50-15-randomwalk-2-1.0-0.01-0.1-learndiff1.0-blend0.8-rootdissolve-dn3-prune0.910,whole-brain Riemann manifold latent GP (inducing-point),8,8,0.8924122521190563,0.8921888819157633,0.8605677744542973,0.9245145347152007,0.5087943464535909,0.507137888379212,0.4657910209540026,0.5421613487294875,0.20322748185792266,0.20399622878408685,0.1452728751003359,0.2594231055707776,,,,,,,,
PA 36:1,[full] MANIFOLD-RSAMPLE-5-4-K1300-reference-5-data-1000-1000-faiss_atlas_weighted-50-15-randomwalk-2-1.0-0.01-0.1-learndiff1.0-blend0.8-rootdissolve-dn3-prune0.9710,whole-brain Riemann manifold latent GP (inducing-point),8,8,0.8916581893894047,0.8953261524002567,0.8543412015422741,0.937011298563785,0.5113493805108993,0.5014756122801145,0.4702063035438076,0.5553789195231724,0.2043695482514301,0.19838874637134205,0.1220098263638095,0.2701011113473033,,,,,,,,
PA 36:1,[full] MANIFOLD-RSAMPLE-5-4-K1300-reference-5-data-1000-1000-faiss_atlas_weighted-50-15-randomwalk-2-1.0-0.01-0.1-learndiff1.0-prodard2.5-blend0.8-rootdissolve-dn3-prune0.910,whole-brain Riemann manifold latent GP (inducing-point),8,8,0.8995475106174976,0.8960507316418991,0.8530442441429251,0.9512690406200416,0.5022547770821252,0.5103181502835323,0.4349318619595172,0.5509990596763749,0.18990722536567495,0.19704063576734981,0.0950872123578256,0.2723155175346256,,,,,,,,
PA 36:1,[full] MANIFOLD-RSAMPLE-5-4-K1300-reference-5-data-1000-1000-faiss_atlas_weighted-50-15-randomwalk-2-1.0-0.01-0.1-learndiff1.0-prodard2.5-blend0.8-rootdissolve-dn3-prune0.9510,whole-brain Riemann manifold latent GP (inducing-point),8,8,0.8924341796152893,0.8980594879040174,0.8587102140439037,0.9274657977205254,0.5104995678496351,0.5090571959319565,0.4684451848644981,0.5478644542921284,0.2030455171319114,0.1934881529384491,0.1398071940586294,0.2626167682966731,,,,,,,,
PA 36:1,[full] MANIFOLD-RSAMPLE-5-4-K1300-reference-5-data-1000-1000-faiss_atlas_weighted-50-15-randomwalk-2-1.0-0.01-0.1-learndiff1.0-prodard2.5-blend0.8-rootdissolve-dn3-prune0.9710,whole-brain Riemann manifold latent GP (inducing-point),8,8,0.9014182985916992,0.8993076722330073,0.8628758392017921,0.9409372670346985,0.5025283650958936,0.5001372018431235,0.4435083233536143,0.5463634675012633,0.18679975420949385,0.1912457094158886,0.1146370595052725,0.255445286121803,,,,,,,,
PA 36:1,learnls-manifold-nu2-K1300-stride4-learnls-bs1.0-bd0.01-bw0.1-knn15-faiss_atlas_weighted-5-randomwalk-ind1000-lr0.05-ep20-lbs10-blend0.8-infl50-rootdissolve-dn3-prune0.97,manifold,8,8,0.8686075285077095,0.8605613112449646,0.722122311592102,1.0215373039245603,0.4812938005748798,0.4801303379146508,0.4443978902275165,0.5260359703496666,0.1961484075954854,0.19112064745778679,0.1464687506434212,0.2471262958506621,0.8277140632271767,0.8236024081707001,0.8166595697402954,0.8531818389892578,810.791158759594,680.8413188934326,541.5273586273194,1586.7093570709228
PA 36:1,learnls-manifold-nu2-K1300-stride4-learnls-bs1.0-bd0.01-bw0.1-knn15-faiss_atlas_weighted-5-randomwalk-ind1000-lr0.05-ep20-lbs10-blend0.8-infl50-ptls-rootdissolve-dn3-prune0.95,manifold,8,8,0.8715884536504745,0.8612149059772491,0.7217530012130737,1.0377411842346191,0.47969498535793437,0.4803606583049091,0.4384782178283988,0.523026763363893,0.19137371111010598,0.1906620044919911,0.132059380074266,0.2441490544322669,0.8267684727907181,0.8229531943798065,0.8155670166015625,0.852358877658844,1500.3576918005942,1315.1481261730194,983.5124282836914,2863.2202331066133
PA 36:1,learnls-manifold-nu2-K1300-stride4-learnls-bs1.0-bd0.01-bw0.1-knn15-faiss_atlas_weighted-5-randomwalk-ind1000-lr0.05-ep20-lbs10-blend0.8-infl50-ptls-rootdissolve-dn3-prune0.97,manifold,8,8,0.8682049512863159,0.8600139617919922,0.7220916152000427,1.0204697847366333,0.4816677985975589,0.48022629954667284,0.446035135762315,0.5260183218090632,0.19677251419564945,0.19061033859115306,0.1459540683719722,0.248250656099326,0.8278436288237572,0.8237466216087341,0.8167240023612976,0.8536934852600098,1762.3879880905151,1842.29719080925,1060.6847239971162,2740.633572483063
PA 36:1,learnls-manifold-nu2-K1300-stride4-learnls-bs1.0-bd0.01-bw0.1-knn15-faiss_atlas_weighted-5-randomwalk-ind1000-lr0.05-ep20-lbs10-blend0.8-infl50-rootdissolve-dn3-prune0.95,manifold,8,8,0.8707363605499268,0.8616950213909149,0.7224826812744141,1.028396725654602,0.4793992321770828,0.4802474686361198,0.438132986582925,0.5231018702215933,0.19276659614253908,0.19051546024997695,0.1476198591958685,0.2435162237451282,0.827085368335247,0.8230269253253937,0.8152218461036682,0.8515819311141968,737.7391889810563,736.9386959791184,559.7733387470246,882.1549282550811
PA 36:1,learnls-manifold-nu2-K1300-stride4-learnls-bs1.0-bd0.01-bw0.1-knn15-faiss_atlas_weighted-5-randomwalk-ind1000-lr0.05-ep20-lbs10-blend0.8-infl50-rootdissolve-dn3-prune0.9,manifold,8,8,0.8668849542737007,0.8619318902492523,0.721996009349823,1.0107159614562988,0.4840504341098185,0.4800185788518578,0.451111949161063,0.5239661168867535,0.19876556422108177,0.19011145959982412,0.1421613873630526,0.243505815524923,0.8246244788169861,0.8210338652133942,0.8125759959220886,0.8506274819374084,873.4468322277069,646.6926800251008,478.8035377502441,1602.3791280269622
PA 36:1,learnls-manifold-nu2-K1300-stride4-learnls-bs1.0-bd0.01-bw0.1-knn15-faiss_atlas_weighted-5-randomwalk-ind1000-lr0.05-ep20-lbs10-blend0.8-infl50-ptls-rootdissolve-dn3-prune0.9,manifold,8,8,0.8664688393473625,0.8617217838764191,0.7215905785560608,1.0092155933380127,0.4845001756587075,0.4802174346321476,0.4509362690216587,0.5237438580799385,0.19944396759159302,0.18988900706659176,0.1421078328081555,0.24374340631076,0.8247146531939507,0.8205291032791138,0.8135014176368713,0.8519548177719116,1683.8202770650387,1231.955394268036,1002.7714972019196,2662.6408121109007
PA 36:1,learnls-manifold-nu2-K1300-stride4-learnls-bs1.0-bd0.01-bw0.1-knn15-faiss_atlas_weighted-5-randomwalk-ind1000-lr0.05-ep20-lbs10-blend0.8-infl50-rootdissolve-dn3,manifold,8,8,0.8714444637298584,0.8632203638553619,0.7252793312072754,1.0205836296081543,0.47684230385114873,0.4758790944628918,0.4441153893673901,0.5185473239821821,0.19058687404446983,0.18270207208348765,0.1331061225669914,0.2380627523039766,0.8296868205070496,0.8261263966560364,0.814078688621521,0.8544176816940308,740.7751899778843,641.087081170082,498.4960698127746,1154.0856853485109
PA 36:1,learnls-manifold-nu2-K1300-stride4-learnls-bs1.0-bd0.01-bw0.1-knn15-faiss_atlas_weighted-5-randomwalk-ind1000-lr0.05-ep20-lbs10-blend0.8-infl50-ptls-rootdissolve-dn3,manifold,8,8,0.8712395429611206,0.8630810976028442,0.7250747084617615,1.0198981761932373,0.47706560334202586,0.4760459464956127,0.4449528202401504,0.518675428435286,0.19094248198564304,0.1823704621639346,0.1334495178775837,0.2380233536484354,0.8300475776195526,0.8258655667304993,0.8148797750473022,0.8567582368850708,1696.8434637188911,1525.8893583536146,1005.4783073425292,2805.682429075241
PA 36:1,learnls-manifold-nu2-K300-stride4-learnls-bs1.0-bd0.01-bw0.1-knn15-faiss_atlas_weighted-5-randomwalk-ind1000-lr0.05-ep20-lbs10-blend0.8-infl50-rootdissolve-dn3-prune0.97,manifold,8,8,0.8757503107190132,0.8786078989505768,0.7269869446754456,1.0139466524124146,0.45185608178695275,0.4397790101784457,0.4157661513880712,0.4984180710157118,0.18220560791511542,0.1774129921370668,0.1357171535348853,0.2218439660659324,0.8669360503554344,0.8612735867500305,0.8520796895027161,0.8929570913314819,712.886974543333,721.7871578216552,441.5941117286682,983.2467559814452
PA 36:1,learnls-manifold-nu2-K300-stride4-learnls-bs1.0-bd0.01-bw0.1-knn15-faiss_atlas_weighted-5-randomwalk-ind1000-lr0.05-ep20-lbs10-blend0.8-infl50-ptls-rootdissolve-dn3-prune0.97,manifold,8,8,0.8760195448994637,0.8787534832954407,0.7267695665359497,1.0150189399719238,0.45172792909564286,0.43984583093726004,0.4151744287788196,0.4982926075839936,0.18185008497847813,0.17677966934108097,0.1374267923471964,0.220961883026863,0.8666786327958107,0.8610464632511139,0.8515967726707458,0.8936073184013367,1311.2570073604584,1213.1152584791184,832.5915608882904,2026.036247253418
PA 36:1,learnls-manifold-nu2-K300-stride4-learnls-bs1.0-bd0.01-bw0.1-knn15-faiss_atlas_weighted-5-randomwalk-ind1000-lr0.05-ep20-lbs10-blend0.8-infl50-ptls-rootdissolve-dn3-prune0.9,manifold,8,8,0.8816353380680084,0.8775486648082733,0.7293423414230347,1.0473182201385498,0.4519480279610708,0.44095218836328487,0.4208582602358794,0.5030119076323277,0.17266671394430053,0.17537318960579706,0.1159653697947005,0.2221750673537181,0.8574682623147964,0.8537509739398956,0.8441320061683655,0.8820558786392212,1447.8248120903968,1295.9960968255996,625.4174993038177,2710.9184814453124
PA 36:1,learnls-manifold-nu2-K300-stride4-learnls-bs1.0-bd0.01-bw0.1-knn15-faiss_atlas_weighted-5-randomwalk-ind1000-lr0.05-ep20-lbs10-blend0.8-infl50-rootdissolve-dn3-prune0.9,manifold,8,8,0.8797786980867386,0.8774601519107819,0.7296958565711975,1.03262197971344,0.4519275456756665,0.44089401857020805,0.4208773191252706,0.5030555944080981,0.1757607381028108,0.1751169622486427,0.1381582665233872,0.2226297049514791,0.8584462031722069,0.8539398908615112,0.8440666198730469,0.8817601203918457,764.1956034779548,707.8240249872208,452.7825549125672,1071.0653777122498
PA 36:1,learnls-manifold-nu2-K300-stride4-learnls-bs1.0-bd0.01-bw0.1-knn15-faiss_atlas_weighted-5-randomwalk-ind1000-lr0.05-ep20-lbs10-blend0.8-infl50-ptls-rootdissolve-dn3-prune0.95,manifold,8,8,0.8785394579172134,0.8774494230747223,0.7265828847885132,1.0265551805496216,0.4507231376730639,0.4360447011847748,0.4151727338658179,0.5018433315400607,0.17758839149918584,0.17358374911759875,0.1346749753254781,0.2242636865371033,0.863375760614872,0.8568458557128906,0.8489587306976318,0.8879267573356628,1643.2581516563891,1692.9964258193968,1041.7542363643647,2649.8764119625093
PA 36:1,learnls-manifold-nu2-K300-stride4-learnls-bs1.0-bd0.01-bw0.1-knn15-faiss_atlas_weighted-5-randomwalk-ind1000-lr0.05-ep20-lbs10-blend0.8-infl50-rootdissolve-dn3-prune0.95,manifold,8,8,0.8785883486270905,0.8747445642948151,0.7269840240478516,1.032336711883545,0.45082009227292374,0.4361220745380465,0.4156534221247467,0.5019132986960707,0.17737136185541874,0.17331812149217465,0.1328250980519284,0.2335424241235297,0.862232394516468,0.8569717407226562,0.8477795124053955,0.8871793746948242,631.1180254280567,645.500598692894,343.0432229995728,978.1217030525208
PA 36:1,learnls-manifold-nu2-K300-stride4-learnls-bs1.0-bd0.01-bw0.1-knn15-faiss_atlas_weighted-5-randomwalk-ind1000-lr0.05-ep20-lbs10-blend0.8-infl50-ptls-rootdissolve-dn3,manifold,8,8,0.8882052302360535,0.8837027251720428,0.7349082827568054,1.0471879243850708,0.43694538772423064,0.42887605288361386,0.4045227397222035,0.4876851422935243,0.1604951241059766,0.1624099782084408,0.1161852959956855,0.2073674395996267,0.8651526495814323,0.8631384074687958,0.8521328568458557,0.8874829411506653,1580.0841717422009,1445.879678297043,1059.5366389751434,2880.321122407913
PA 36:1,learnls-manifold-nu2-K300-stride4-learnls-bs1.0-bd0.01-bw0.1-knn15-faiss_atlas_weighted-5-randomwalk-ind1000-lr0.05-ep20-lbs10-blend0.8-infl50-rootdissolve-dn3,manifold,8,8,0.8895398378372192,0.8835889995098114,0.7352316975593567,1.0578962564468384,0.4366921764664565,0.42915266415983466,0.4020273963495596,0.4878914411910492,0.15822643772702705,0.16220029843607045,0.0980175123825222,0.2077015380188852,0.8671343997120857,0.8671345412731171,0.851601779460907,0.887045681476593,699.4607622623444,714.2920899152756,232.3056728363037,1056.9366778850556
PA 36:1,spectral-nu2-K1300-stride4-bw0.1-knn15-faiss_atlas_weighted-5-randomwalk-lr0.05-ep20-lbs10-rootdissolve-dn3,spectral,8,8,0.8931130543351173,0.8730515837669373,0.7432411313056946,1.077092170715332,0.46151568821671923,0.4798197913575786,0.3909978872686294,0.5032817402204746,0.15238114703340996,0.1621940307192113,0.0649869083208914,0.2229811299338642,0.8235541805624962,0.8250739872455597,0.8100059032440186,0.8312571048736572,202.32829250693322,176.49469151496885,135.33260407447816,422.1191092967987
PA 36:1,learnls-manifold-nu2-K100-stride4-learnls-bs1.0-bd0.01-bw0.1-knn15-faiss_atlas_weighted-5-randomwalk-ind1000-lr0.05-ep20-lbs10-blend0.8-infl50-rootdissolve-dn3-prune0.9,manifold,8,8,0.8893906101584435,0.8927093744277954,0.748627781867981,1.019749402999878,0.41620803743434803,0.4167357083081157,0.3704863338347208,0.4593481007296712,0.15549245907371967,0.16191824325191934,0.1008090023344967,0.1907348312451501,0.8876143246889114,0.8863995671272278,0.8703747987747192,0.9152352809906006,757.0613512337208,714.4169904232026,435.0860486507416,1200.507752084732
PA 36:1,learnls-manifold-nu2-K100-stride4-learnls-bs1.0-bd0.01-bw0.1-knn15-faiss_atlas_weighted-5-randomwalk-ind1000-lr0.05-ep20-lbs10-blend0.8-infl50-rootdissolve-dn3-prune0.95,manifold,8,8,0.8906490802764893,0.8928028643131256,0.7466578483581543,1.0221997499465942,0.41543899622930347,0.4169102489461466,0.3602753452124276,0.4596529475934723,0.15267757591132475,0.15971145192149425,0.0787260718467757,0.19179042094984,0.885836623609066,0.8886330425739288,0.871289849281311,0.8959777355194092,577.2767422556877,591.8588327884675,362.2236257553101,736.3296094894409
PA 36:1,learnls-manifold-nu2-K100-stride4-learnls-bs1.0-bd0.01-bw0.1-knn15-faiss_atlas_weighted-5-randomwalk-ind1000-lr0.05-ep20-lbs10-blend0.8-infl50-ptls-rootdissolve-dn3-prune0.9,manifold,8,8,0.8896644860506058,0.893124908208847,0.7473379969596863,1.021162986755371,0.4157985589452188,0.41537516560164184,0.36939710565726,0.4591229417312163,0.15520144055488053,0.15957507783216268,0.1028581485500405,0.189809861979371,0.8879042938351631,0.885776162147522,0.8704893589019775,0.9161668419837952,1371.7086737275124,1298.0997265815736,780.8531027317047,2154.0986153125764
PA 36:1,learnls-manifold-nu2-K100-stride4-learnls-bs1.0-bd0.01-bw0.1-knn15-faiss_atlas_weighted-5-randomwalk-ind1000-lr0.05-ep20-lbs10-blend0.8-infl50-ptls-rootdissolve-dn3-prune0.95,manifold,8,8,0.8914492726325989,0.8929425477981567,0.7464697360992432,1.0250509977340698,0.41652849083298915,0.4175080461359689,0.3661804012495818,0.459752081361507,0.1520723803773201,0.15886253561835562,0.0982543186436876,0.1914367049427602,0.8922619819641113,0.8920318484306335,0.8712273240089417,0.9179155230522156,1328.971303164959,1091.9575391769408,910.4566824913024,2260.8664878368377
PA 36:1,learnls-manifold-nu2-K100-stride4-learnls-bs1.0-bd0.01-bw0.1-knn15-faiss_atlas_weighted-5-randomwalk-ind1000-lr0.05-ep20-lbs10-blend0.8-infl50-rootdissolve-dn3,manifold,8,8,0.8920289650559425,0.8945728242397308,0.7504019737243652,1.0236008167266846,0.40947428475095204,0.40592314831014964,0.3628970560906814,0.4551592259941379,0.15052545492239816,0.15555719306928956,0.0952156178662375,0.1865108376274052,0.8912574648857117,0.8891941905021667,0.8728015422821045,0.9226865172386168,610.7284797847271,608.2905959129334,444.7335654258728,843.5649337291718
PA 36:1,learnls-manifold-nu2-K100-stride4-learnls-bs1.0-bd0.01-bw0.1-knn15-faiss_atlas_weighted-5-randomwalk-ind1000-lr0.05-ep20-lbs10-blend0.8-infl50-ptls-rootdissolve-dn3,manifold,8,8,0.8921029716730118,0.895158588886261,0.7494174242019653,1.025486707687378,0.4099872960767775,0.40860201654090067,0.362435659149994,0.4549113482156331,0.15054996634344503,0.15536785108521434,0.0983372241611867,0.184980556790737,0.8940599337220192,0.8928734362125397,0.8730635643005371,0.9234814047813416,1178.7393712580206,1048.5784509658815,397.0723135948181,1964.631768989563
PA 36:1,spectral-nu2-K100-stride4-bw0.1-knn15-faiss_atlas_weighted-5-randomwalk-lr0.05-ep20-lbs10-rootdissolve-dn3,spectral,8,8,0.8960297331213951,0.9014993906021118,0.7530845999717712,1.0241962671279907,0.4086447526868257,0.41282119205874224,0.359472794160439,0.4423722077663596,0.1435015201874238,0.1545686049511411,0.0946979238355663,0.1649390110991953,0.8926912248134613,0.8911621570587158,0.8731696009635925,0.907923698425293,171.72702809572218,158.5864385843277,100.642751789093,279.7807814121246
PA 36:1,learnls-manifold-nu2-K100-stride4-learnls-bs1.0-bd0.01-bw0.1-knn15-faiss_atlas_weighted-5-randomwalk-ind1000-lr0.05-ep20-lbs10-blend0.8-infl50-ptls-rootdissolve-dn3-prune0.97,manifold,8,8,0.8919000551104546,0.8921261727809906,0.7418832778930664,1.0285097360610962,0.4122231385980468,0.40862636885801473,0.3575426325623403,0.4683117616190038,0.1512940256655116,0.14852289216739162,0.0927309712671599,0.1976158091601056,0.8918486759066582,0.8858308494091034,0.8730314373970032,0.9195652604103088,1224.7463105618954,1200.3975676774978,184.6689065933228,2175.3325106143952
PA 36:1,learnls-manifold-nu2-K100-stride4-learnls-bs1.0-bd0.01-bw0.1-knn15-faiss_atlas_weighted-5-randomwalk-ind1000-lr0.05-ep20-lbs10-blend0.8-infl50-rootdissolve-dn3-prune0.97,manifold,8,8,0.8911994844675064,0.8917799293994904,0.7424909472465515,1.032490372657776,0.4137152580549443,0.4099526207049242,0.3581657637015342,0.4683740306732142,0.15237603240653652,0.1483954232143968,0.0916235747807767,0.1980567689396911,0.8911700770258904,0.8910886645317078,0.8748186230659485,0.9194063544273376,616.2290274679661,601.4996862888336,363.9737890720368,847.1888272762299
PC 35:1 PE 38:1,euclidean-no-ard-matern-nu1.5-ind1000-5-lr0.05-ep20-lbs10,euclidean,8,8,0.9787091091275215,0.9790345430374146,0.7975947260856628,1.130034327507019,0.17294729841808903,0.161479939871881,0.1542678138655134,0.2139881960058375,0.009387644895677325,0.0140075240404465,-0.0220254165012663,0.0323927372712039,0.9614885672926903,0.9608466625213624,0.9401082992553712,0.9779395461082458,542.5437922060489,547.3215399742127,394.9238978862762,719.2978029727935
PC 35:1 PE 38:1,learnls-manifold-nu2-K100-stride4-learnls-bs1.0-bd0.01-bw0.1-knn15-faiss_atlas_weighted-5-randomwalk-ind1000-lr0.05-ep20-lbs10-blend0.8-infl50-ptls-rootdissolve-dn3-prune0.95,manifold,8,8,0.9816017374396324,0.9840910136699677,0.7960413694381714,1.1326082944869995,0.1316716544090103,0.12993543171647365,0.0933726509021044,0.1768602852983715,0.0035855620358042134,0.0093176821794888,-0.0180482802789474,0.0151183641074222,0.986753024160862,0.9860925674438477,0.9676382541656494,1.005723476409912,1328.971303164959,1091.9575391769408,910.4566824913024,2260.8664878368377
PC 35:1 PE 38:1,spectral-nu2-K100-stride4-bw0.1-knn15-faiss_atlas_weighted-5-randomwalk-lr0.05-ep20-lbs10-rootdissolve-dn3,spectral,8,8,0.9811985194683075,0.9843930900096893,0.7947103977203369,1.1284617185592651,0.13597579057213388,0.1395555311982091,0.090960364491281,0.1652574889404866,0.004094744859910487,0.00822090061100365,-0.0312201267533573,0.021032783679912,0.986676923930645,0.9933450818061828,0.9483482837677002,1.007242202758789,171.72702809572218,158.5864385843277,100.642751789093,279.7807814121246
PC 35:1 PE 38:1,[full] SPECTRAL-5-4-K100-reference-5-1000-faiss_atlas_weighted-50-15-randomwalk-2-1.0-0.01-0.1-1.0-rootdissolve-dn3-prune0.95-learndiff1.010,whole-brain Riemann manifold latent GP (spectral / weight-space eigenbasis),8,8,1.0024896945503434,0.9960802569643632,0.9730117758769488,1.051165519271826,0.19636664446676677,0.1954801018379787,0.1161660002805058,0.2531414680856218,-0.005510922930274763,0.007780297757422249,-0.104948948906008,0.0532480840047864,,,,,,,,
PC 35:1 PE 38:1,learnls-manifold-nu2-K100-stride4-learnls-bs1.0-bd0.01-bw0.1-knn15-faiss_atlas_weighted-5-randomwalk-ind1000-lr0.05-ep20-lbs10-blend0.8-infl50-ptls-rootdissolve-dn3-prune0.97,manifold,8,8,0.9818537905812263,0.9854935109615326,0.7932010293006897,1.1337250471115112,0.12770964494330048,0.1268639383350492,0.0883116568803329,0.1755543781197452,0.0034610015323200747,0.0069215328763709005,-0.0146370258208949,0.0134478924127812,0.9886101931333542,0.989097386598587,0.9671722054481506,1.0150041580200195,1224.7463105618954,1200.3975676774978,184.6689065933228,2175.3325106143952
PC 35:1 PE 38:1,learnls-manifold-nu2-K100-stride4-learnls-bs1.0-bd0.01-bw0.1-knn15-faiss_atlas_weighted-5-randomwalk-ind1000-lr0.05-ep20-lbs10-blend0.8-infl50-rootdissolve-dn3-prune0.97,manifold,8,8,0.9819265305995941,0.9855188131332396,0.7931498885154724,1.134045958518982,0.1281189128795716,0.12328315763954745,0.0885230127360274,0.1756000295695768,0.0033448925789911757,0.0064876563309304,-0.0148810689158536,0.0136923222843552,0.9851556420326233,0.9861103892326355,0.9671815633773804,0.9998999834060668,616.2290274679661,601.4996862888336,363.9737890720368,847.1888272762299
PC 35:1 PE 38:1,learnls-manifold-nu2-K100-stride4-learnls-bs1.0-bd0.01-bw0.1-knn15-faiss_atlas_weighted-5-randomwalk-ind1000-lr0.05-ep20-lbs10-blend0.8-infl50-rootdissolve-dn3-prune0.95,manifold,8,8,0.9813989028334618,0.9839233756065369,0.7955523133277893,1.131991267204285,0.13306003399338034,0.12840903096131512,0.0928893730166723,0.1768252761809972,0.0041556925098408,0.00609283625848495,-0.0167979022595683,0.0210755322298973,0.9823096096515656,0.9851374924182892,0.9675651788711548,0.9919750690460204,577.2767422556877,591.8588327884675,362.2236257553101,736.3296094894409
PC 35:1 PE 38:1,learnls-manifold-nu2-K100-stride4-learnls-bs1.0-bd0.01-bw0.1-knn15-faiss_atlas_weighted-5-randomwalk-ind1000-lr0.05-ep20-lbs10-blend0.8-infl50-rootdissolve-dn3-prune0.9,manifold,8,8,0.9819366335868835,0.985620379447937,0.7967336773872375,1.1312731504440308,0.13516657722306574,0.13853557941810785,0.0899174174981672,0.1753614156710373,0.0027129403202410755,0.00607735776753895,-0.0198199526884867,0.0161632445274053,0.9835432022809982,0.9864799082279205,0.9645376801490784,0.9972664713859558,757.0613512337208,714.4169904232026,435.0860486507416,1200.507752084732
PC 35:1 PE 38:1,learnls-manifold-nu2-K100-stride4-learnls-bs1.0-bd0.01-bw0.1-knn15-faiss_atlas_weighted-5-randomwalk-ind1000-lr0.05-ep20-lbs10-blend0.8-infl50-ptls-rootdissolve-dn3-prune0.9,manifold,8,8,0.981863908469677,0.9856085181236267,0.7976112365722656,1.1305136680603027,0.13603492993437544,0.13935340247915565,0.0909050075211108,0.1753466307127713,0.002726974598435701,0.005704093097291351,-0.0220676704875495,0.0174946208255446,0.9839665964245796,0.985993504524231,0.9652031064033508,0.9981947541236876,1371.7086737275124,1298.0997265815736,780.8531027317047,2154.0986153125764
PC 35:1 PE 38:1,[full] SPECTRAL-5-4-K300-reference-5-1000-faiss_atlas_weighted-50-15-randomwalk-2-1.0-0.01-0.1-1.0-rootdissolve-dn3-prune0.97-learndiff1.010,whole-brain Riemann manifold latent GP (spectral / weight-space eigenbasis),8,8,1.0016848390595563,0.9971954677525281,0.9830827556202631,1.04141886031308,0.19893691276372244,0.1987460845798123,0.1290895458342864,0.2605828782169926,-0.0037433179429069117,0.00554189024220195,-0.0845532426157946,0.0335482956020701,,,,,,,,
PC 35:1 PE 38:1,[full] SPECTRAL-5-4-K100-reference-5-1000-faiss_cluster_weighted-50-15-randomwalk-2-1.0-0.01-0.1-1.0-clk64-sw1.0-cs010,whole-brain Riemann manifold latent GP (spectral / weight-space eigenbasis),8,8,1.001859724429574,0.997260891863831,0.9794492388203732,1.0397146297351074,0.19567964013508776,0.1963923205530695,0.1295459231933221,0.2588430725750045,-0.004085458441683201,0.005395792870089199,-0.0810065112852116,0.0406791885741916,,,,,,,,
PC 35:1 PE 38:1,[full] SPECTRAL-5-4-K100-reference-5-1000-faiss_atlas_weighted-50-15-randomwalk-2-1.0-0.01-0.1-1.0-level_5annot10,whole-brain Riemann manifold latent GP (spectral / weight-space eigenbasis),8,8,1.0023153476177666,0.9974214842968299,0.9830945261901968,1.0402614089142848,0.19444478319551528,0.19003288071329566,0.1307004597363537,0.2689866261030085,-0.005002026173263788,0.00505832206502215,-0.0821437988763327,0.0335251525748725,,,,,,,,
PC 35:1 PE 38:1,[full] SPECTRAL-5-4-K100-reference-5-1000-faiss-1-15-randomwalk-2-1.0-0.01-0.1-1.010,whole-brain Riemann manifold latent GP (spectral / weight-space eigenbasis),8,8,1.004169478558396,0.9974891462419794,0.9835498688087909,1.04908053590934,0.1952241725262273,0.1968949625662882,0.1259469595854694,0.2484783171171,-0.008774597180153214,0.0050023337124014,-0.1005699708238281,0.0326296555662101,,,,,,,,
PC 35:1 PE 38:1,learnls-manifold-nu2-K100-stride4-learnls-bs1.0-bd0.01-bw0.1-knn15-faiss_atlas_weighted-5-randomwalk-ind1000-lr0.05-ep20-lbs10-blend0.8-infl50-rootdissolve-dn3,manifold,8,8,0.9820839986205101,0.9856155514717102,0.7975424528121948,1.1300642490386963,0.13581702673130341,0.13696221301989536,0.0846178133250331,0.1734093747975715,0.0022158804470207,0.00463394886610285,-0.0218913693723681,0.0182600202295263,0.9843444302678108,0.988196074962616,0.9622761011123656,0.9996469616889954,610.7284797847271,608.2905959129334,444.7335654258728,843.5649337291718
PC 35:1 PE 38:1,learnls-manifold-nu2-K100-stride4-learnls-bs1.0-bd0.01-bw0.1-knn15-faiss_atlas_weighted-5-randomwalk-ind1000-lr0.05-ep20-lbs10-blend0.8-infl50-ptls-rootdissolve-dn3,manifold,8,8,0.9822250306606293,0.9860544502735138,0.7978120446205139,1.13074791431427,0.1352561305914633,0.1362677818003108,0.0850259403372819,0.1732012467773546,0.0018695367767767998,0.0043397808477671,-0.0225824082246655,0.0197766779661621,0.9856812655925751,0.988005131483078,0.9623507261276244,1.0055828094482422,1178.7393712580206,1048.5784509658815,397.0723135948181,1964.631768989563
PC 35:1 PE 38:1,[full] SPECTRAL-5-4-K100-reference-5-1000-faiss_atlas_weighted-50-15-randomwalk-2-1.0-0.01-0.1-1.0-rootdissolve-dn3-prune0.9-learndiff1.010,whole-brain Riemann manifold latent GP (spectral / weight-space eigenbasis),8,8,1.0044056067779727,0.9978250844259623,0.977696797465064,1.0468461900488595,0.19186764420202002,0.18770158256724515,0.1252850696435598,0.2501197827685259,-0.009372872624107954,0.004303836527513399,-0.095886945619813,0.0441089722265578,,,,,,,,
PC 35:1 PE 38:1,euclidean-ard-matern-nu1.5-ind1000-5-lr0.05-ep20-lbs10,euclidean,8,8,0.9824206009507179,0.9858285486698151,0.7989358901977539,1.1308298110961914,0.16009532248863942,0.16009101001582385,0.1170891110669569,0.2084446169334221,0.0021855968174824,0.0021954672544644005,-0.0254653928519854,0.0285163650728411,0.9611302688717842,0.958428829908371,0.9430469274520874,0.9799191951751708,492.9588567078114,468.54807705879216,381.2922593593597,768.5328538417816
PC 35:1 PE 38:1,[full] SPECTRAL-5-4-K300-reference-5-1000-faiss_atlas_weighted-50-15-randomwalk-2-1.0-0.01-0.1-1.0-level_5annot10,whole-brain Riemann manifold latent GP (spectral / weight-space eigenbasis),8,8,1.0019885660529766,0.998898635007042,0.9796271742360801,1.0443987987103385,0.19834530133077344,0.20159378950340684,0.1406171792275022,0.2483573710050358,-0.004404751402906613,0.0021132734592329994,-0.0907688507475983,0.0403305994982327,,,,,,,,
PC 35:1 PE 38:1,[full] SPECTRAL-5-4-K300-reference-5-1000-faiss-1-15-randomwalk-2-1.0-0.01-0.1-1.0-learndiff1.010,whole-brain Riemann manifold latent GP (spectral / weight-space eigenbasis),8,8,1.003969783484925,0.9989363303288223,0.9843877703114196,1.0499808906107255,0.19469893856300705,0.19604457372659165,0.1194850100374054,0.2556123344398898,-0.008343454352851635,0.00211026135816875,-0.1024598706476924,0.0309807176613118,,,,,,,,
PC 35:1 PE 38:1,[full] SPECTRAL-5-4-K1300-reference-5-1000-faiss_atlas_weighted-50-15-randomwalk-2-1.0-0.01-0.1-1.0-level_5annot-rootdissolve-dn3-prune0.97-learndiff1.0-learnspecw10,whole-brain Riemann manifold latent GP (spectral / weight-space eigenbasis),8,8,1.00526846708477,0.9992893998999617,0.9806758337590231,1.0415618946584462,0.19514055897456406,0.1908135051421381,0.1434018612765765,0.2417973149174836,-0.010945929699943527,0.00136231542883235,-0.084851180404492,0.0382749090810449,,,,,,,,
PC 35:1 PE 38:1,[full] MANIFOLD-RSAMPLE-5-4-K100-reference-5-data-1000-1000-faiss_atlas_weighted-50-15-randomwalk-2-1.0-0.01-0.1-learndiff1.0-blend0.8-level_5annot-rootdissolve-dn3-prune0.9510,whole-brain Riemann manifold latent GP (inducing-point),8,8,1.0026932307511867,0.9993857555955257,0.9799076347215526,1.03086090696968,0.19067851142803144,0.18427257680730286,0.1509000074712102,0.2464660520616474,-0.005681966808161238,0.0011952413936466002,-0.0626742095183512,0.0397810274144123,,,,,,,,
PC 35:1 PE 38:1,[full] SPECTRAL-5-4-K100-reference-5-1000-faiss_atlas_weighted-50-15-randomwalk-2-1.0-0.01-0.1-1.0-level_5annot-learndiff1.010,whole-brain Riemann manifold latent GP (spectral / weight-space eigenbasis),8,8,1.0062810879910327,0.9994834637333024,0.9822959529134396,1.0514350475617498,0.19124656933851367,0.19096982546448354,0.1148215062527763,0.25551847608794,-0.013064147374500951,0.0009785118112859504,-0.105515659241179,0.0350946608898777,,,,,,,,
PC 35:1 PE 38:1,[full] SPECTRAL-5-4-K100-reference-5-1000-faiss_cluster_weighted-50-15-randomwalk-2-1.0-0.01-0.1-1.0-clk64-sw1.0-cs0-learndiff1.010,whole-brain Riemann manifold latent GP (spectral / weight-space eigenbasis),8,8,1.0047019412840266,0.9997670120389528,0.9782785826789159,1.0423838394899103,0.1949279788838384,0.19182588137700615,0.1310394831545634,0.2423392886315552,-0.009804517209252165,0.0004390137178542997,-0.0865640688297271,0.0429710146717315,,,,,,,,
PC 35:1 PE 38:1,[full] MANIFOLD-RSAMPLE-5-4-K300-reference-5-data-1000-1000-faiss_atlas_weighted-50-15-randomwalk-2-1.0-0.01-0.1-learndiff1.0-blend0.8-rootdissolve-dn3-prune0.9510,whole-brain Riemann manifold latent GP (inducing-point),8,8,1.0015960730300026,0.9998129222191114,0.9665722978931613,1.0429041675485422,0.20066380360751263,0.1872861447563478,0.1536521086410216,0.2671324769110694,-0.0036431268047313493,0.0003738905253076,-0.0876491026901176,0.0657379929455337,,,,,,,,
PC 35:1 PE 38:1,[full] SPECTRAL-5-4-K100-reference-5-1000-faiss_atlas_weighted-50-15-randomwalk-2-1.0-0.01-0.1-1.0-level_5annot-rootdissolve-dn3-prune0.97-learndiff1.0-learnspecw10,whole-brain Riemann manifold latent GP (spectral / weight-space eigenbasis),8,8,1.0055458512216946,0.9998690862443679,0.9776819833593747,1.054091969871562,0.19344374144870125,0.1888829429908359,0.1177910148710866,0.2495301669478487,-0.011631654672696664,0.0002224639969824506,-0.11110988094771,0.0441379394144793,,,,,,,,
PC 35:1 PE 38:1,[full] SPECTRAL-5-4-K100-reference-5-1000-faiss_atlas_weighted-50-15-randomwalk-2-1.0-0.01-0.1-1.0-level_5annot-rootdissolve-dn3-prune0.95-learndiff1.010,whole-brain Riemann manifold latent GP (spectral / weight-space eigenbasis),8,8,1.0052998470247305,0.9999234464300484,0.9777094817738204,1.0648095820396832,0.19429112358801226,0.19888557080327818,0.107299384834688,0.2358962501759157,-0.011301950906431563,0.00013315989238199977,-0.1338194460035247,0.0440841692495674,,,,,,,,
PC 35:1 PE 38:1,[full] SPECTRAL-5-4-K300-reference-5-1000-faiss_atlas_weighted-50-15-randomwalk-2-1.0-0.01-0.1-1.0-level_5annot-rootdissolve-dn3-prune0.95-learndiff1.010,whole-brain Riemann manifold latent GP (spectral / weight-space eigenbasis),8,8,1.0042275291057015,0.9999808946513746,0.9740273596239336,1.0521447542643338,0.19757013379527893,0.1893830238798681,0.1293894626050774,0.2483354502105553,-0.009020492625192538,-2.2804483679498763e-06,-0.1070085839259553,0.0512707027040282,,,,,,,,
PC 35:1 PE 38:1,learnls-manifold-nu2-K300-stride4-learnls-bs1.0-bd0.01-bw0.1-knn15-faiss_atlas_weighted-5-randomwalk-ind1000-lr0.05-ep20-lbs10-blend0.8-infl50-ptls-rootdissolve-dn3-prune0.97,manifold,8,8,0.9843254685401917,0.9847144782543183,0.7986711859703064,1.1389644145965576,0.14020480019283166,0.13117985226357615,0.0937455564931698,0.1956385326989063,-0.001509800275627575,-0.00010672488972234993,-0.024785929325432,0.022419216607361,0.9766295775771141,0.975584477186203,0.9594563245773317,0.994386911392212,1311.2570073604584,1213.1152584791184,832.5915608882904,2026.036247253418
PC 35:1 PE 38:1,[full] SPECTRAL-5-4-K300-reference-5-1000-faiss_atlas_weighted-50-15-randomwalk-2-1.0-0.01-0.1-1.0-level_5annot-learndiff1.010,whole-brain Riemann manifold latent GP (spectral / weight-space eigenbasis),8,8,1.0040103011548955,1.0005874650821733,0.9792165996959399,1.0401021714499208,0.19199628293150356,0.19674558959849314,0.1238944657734016,0.2379613141271767,-0.008371337275310337,-0.0011980884443399493,-0.0818125270548402,0.0411348508799215,,,,,,,,
PC 35:1 PE 38:1,[full] SPECTRAL-5-4-K300-reference-5-1000-faiss-1-15-randomwalk-2-1.0-0.01-0.1-1.010,whole-brain Riemann manifold latent GP (spectral / weight-space eigenbasis),8,8,1.003180478114495,1.000805432726441,0.9810675959077567,1.0402934528780692,0.19580948684729146,0.19920882902227224,0.1310991018634526,0.2509424811411932,-0.006681313057377363,-0.0016267004317071002,-0.0822104681009756,0.0375063722597746,,,,,,,,
PC 35:1 PE 38:1,learnls-manifold-nu2-K300-stride4-learnls-bs1.0-bd0.01-bw0.1-knn15-faiss_atlas_weighted-5-randomwalk-ind1000-lr0.05-ep20-lbs10-blend0.8-infl50-rootdissolve-dn3-prune0.97,manifold,8,8,0.9847496598958969,0.9847910702228546,0.798623263835907,1.1404783725738523,0.13907890585099894,0.1284808903788705,0.0930490798377506,0.1951564986962648,-0.0022536554791085066,-0.001686646177029174,-0.0249055264582107,0.0226669610703784,0.9763381704688072,0.9756307303905488,0.9591339230537416,0.9931104779243468,712.886974543333,721.7871578216552,441.5941117286682,983.2467559814452
PC 35:1 PE 38:1,[full] SPECTRAL-5-4-K300-reference-5-1000-faiss_cluster_weighted-50-15-randomwalk-2-1.0-0.01-0.1-1.0-clk64-sw1.0-cs0-learndiff1.010,whole-brain Riemann manifold latent GP (spectral / weight-space eigenbasis),8,8,1.0068674552215904,1.0008863218319886,0.9817811247207411,1.0623338478031865,0.192679375357647,0.19213451097749784,0.1167176211778681,0.2527667188621096,-0.014436271302712049,-0.001840712562598299,-0.1285532041883239,0.0361058231420765,,,,,,,,
PC 35:1 PE 38:1,[full] SPECTRAL-5-4-K100-reference-5-1000-faiss_atlas_weighted-50-15-randomwalk-2-1.0-0.01-0.1-1.0-rootdissolve-dn3-prune0.97-learndiff1.010,whole-brain Riemann manifold latent GP (spectral / weight-space eigenbasis),8,8,1.002639762562244,1.0011471236029381,0.9774112389941937,1.0405044137585133,0.19560220328329533,0.18940184379351083,0.1305554672974003,0.2668628449841379,-0.0056712354891157255,-0.0023477782658785007,-0.0826494350509474,0.0446672698878352,,,,,,,,
PC 35:1 PE 38:1,[full] SPECTRAL-5-4-K100-reference-5-1000-faiss_atlas_weighted-50-15-randomwalk-2-1.0-0.01-0.1-1.0-learndiff1.010,whole-brain Riemann manifold latent GP (spectral / weight-space eigenbasis),8,8,1.003428735421827,1.001174414926309,0.9800442326557491,1.0304255271175544,0.19410527103108638,0.19252185879547679,0.1341982251461678,0.24334308210946,-0.007107120953190976,-0.0023883002264245,-0.06177676693549,0.0395133020382039,,,,,,,,
PC 35:1 PE 38:1,[full] SPECTRAL-5-4-K300-reference-5-1000-faiss_cluster_weighted-50-15-randomwalk-2-1.0-0.01-0.1-1.0-clk64-sw1.0-cs010,whole-brain Riemann manifold latent GP (spectral / weight-space eigenbasis),8,8,1.0082523704704631,1.001242863275698,0.9794909106365869,1.0555685473946892,0.19308889763967169,0.1892257232596518,0.1195054550486236,0.2597245025961029,-0.01711889556022655,-0.0025224809861571496,-0.114224958248934,0.0405975559803097,,,,,,,,
PC 35:1 PE 38:1,[full] MANIFOLD-RSAMPLE-5-4-K100-reference-5-data-1000-1000-faiss_atlas_weighted-50-15-randomwalk-2-1.0-0.01-0.1-learndiff1.0-blend0.8-rootdissolve-dn3-prune0.9510,whole-brain Riemann manifold latent GP (inducing-point),8,8,1.000193137368617,1.0015282855058107,0.9737019280226756,1.0338536499917144,0.19828203527383642,0.19065241129255617,0.1348849676222673,0.2621116397400154,-0.0007093389199002379,-0.0030946899471904,-0.0688533696011901,0.0519045553649241,,,,,,,,
PC 35:1 PE 38:1,[full] SPECTRAL-5-4-K100-reference-5-1000-faiss_atlas_weighted-50-15-randomwalk-2-1.0-0.01-0.1-1.010,whole-brain Riemann manifold latent GP (spectral / weight-space eigenbasis),8,8,1.0032177355769485,1.001620068176232,0.9756452102897231,1.035221963673902,0.1923118099473496,0.18956088249870764,0.1349660684890868,0.2391569434406256,-0.006760481923382074,-0.003285168447593049,-0.0716845140728494,0.048116423638722,,,,,,,,
PC 35:1 PE 38:1,[full] MANIFOLD-RSAMPLE-5-4-K100-reference-5-data-1000-1000-faiss_atlas_weighted-50-15-randomwalk-2-1.0-0.01-0.1-learndiff1.0-blend0.8-rootdissolve-dn3-prune0.9710,whole-brain Riemann manifold latent GP (inducing-point),8,8,0.9994008804875928,1.0016628995323233,0.9755922972330362,1.0373764480462273,0.19729298936901368,0.18523732963600845,0.1366517305058542,0.2726595436710177,0.0008703886626080862,-0.00332910783275345,-0.0761498949610068,0.0482196695795672,,,,,,,,
PC 35:1 PE 38:1,[full] SPECTRAL-5-4-K100-reference-5-1000-faiss-1-15-randomwalk-2-1.0-0.01-0.1-1.0-learndiff1.010,whole-brain Riemann manifold latent GP (spectral / weight-space eigenbasis),8,8,1.0062969217079412,1.0016435584276537,0.9792900662593316,1.0421089228310778,0.19277765020124632,0.18762668135566035,0.1279704725344375,0.2590949428159914,-0.013018657169122053,-0.0033395004192141005,-0.0859910070441494,0.040990966125794,,,,,,,,
PC 35:1 PE 38:1,[full] SPECTRAL-5-4-K300-reference-5-1000-faiss_atlas_weighted-50-15-randomwalk-2-1.0-0.01-0.1-1.0-level_5annot-rootdissolve-dn3-prune0.97-learndiff1.0-learnspecw10,whole-brain Riemann manifold latent GP (spectral / weight-space eigenbasis),8,8,1.0058225383538635,1.0018787563796263,0.9786415686935003,1.0597546611711908,0.1959777927601259,0.19860600279913845,0.1137544203186805,0.2509862472917156,-0.012242525668959812,-0.00376119147473725,-0.1230799418740651,0.0422606800251251,,,,,,,,
PC 35:1 PE 38:1,learnls-manifold-nu2-K1300-stride4-learnls-bs1.0-bd0.01-bw0.1-knn15-faiss_atlas_weighted-5-randomwalk-ind1000-lr0.05-ep20-lbs10-blend0.8-infl50-rootdissolve-dn3,manifold,8,8,0.9878786951303482,0.9900119304656982,0.8076992034912109,1.1397260427474976,0.15167339939819993,0.14231299443872414,0.1255045341071748,0.2051913649394434,-0.008817811136576051,-0.0049828827798774,-0.0480848744975661,0.021818425660853,0.9620200097560883,0.9611511826515198,0.9418489933013916,0.9788142442703248,740.7751899778843,641.087081170082,498.4960698127746,1154.0856853485109
PC 35:1 PE 38:1,learnls-manifold-nu2-K300-stride4-learnls-bs1.0-bd0.01-bw0.1-knn15-faiss_atlas_weighted-5-randomwalk-ind1000-lr0.05-ep20-lbs10-blend0.8-infl50-ptls-rootdissolve-dn3-prune0.95,manifold,8,8,0.9861638695001602,0.9851111769676208,0.7993693947792053,1.144532322883606,0.13816587914283826,0.13014385286136637,0.0958253546875025,0.1938548496724403,-0.0049567122524241,-0.0051593062544974,-0.0265785668354452,0.021125166112025,0.9752303436398506,0.9735549986362458,0.9576016664505004,0.9938368201255798,1643.2581516563891,1692.9964258193968,1041.7542363643647,2649.8764119625093
PC 35:1 PE 38:1,learnls-manifold-nu2-K1300-stride4-learnls-bs1.0-bd0.01-bw0.1-knn15-faiss_atlas_weighted-5-randomwalk-ind1000-lr0.05-ep20-lbs10-blend0.8-infl50-ptls-rootdissolve-dn3,manifold,8,8,0.9879072457551956,0.990321159362793,0.8067837953567505,1.138871192932129,0.15145538905228637,0.1435212137399119,0.1234172596500088,0.2055436507660428,-0.00884115580482415,-0.0052370368608354,-0.0457105566323217,0.0236515647081341,0.9618737548589706,0.9606801271438598,0.9436548352241516,0.979975402355194,1696.8434637188911,1525.8893583536146,1005.4783073425292,2805.682429075241
PC 35:1 PE 38:1,[full] MANIFOLD-RSAMPLE-5-4-K100-reference-5-data-1000-1000-faiss_atlas_weighted-50-15-randomwalk-2-1.0-0.01-0.1-learndiff1.0-blend0.8-rootdissolve-dn3-prune0.910,whole-brain Riemann manifold latent GP (inducing-point),8,8,1.0021201635657055,1.002680887519806,0.9767352702503986,1.0398546576544014,0.19085432819241624,0.18102413444040238,0.1479310877054067,0.2571560349709275,-0.0045634491743755,-0.00538036018735865,-0.0812977090455522,0.0459882118488808,,,,,,,,
PC 35:1 PE 38:1,learnls-manifold-nu2-K300-stride4-learnls-bs1.0-bd0.01-bw0.1-knn15-faiss_atlas_weighted-5-randomwalk-ind1000-lr0.05-ep20-lbs10-blend0.8-infl50-ptls-rootdissolve-dn3,manifold,8,8,0.987295463681221,0.9876949787139893,0.800403356552124,1.1435024738311768,0.12961605143934454,0.12451093032451244,0.0886390571085236,0.1796061432676152,-0.007492190693312613,-0.00568536547741375,-0.0292358730839192,0.0131973432954654,0.9756169095635414,0.974747598171234,0.9593844413757324,0.9912728667259216,1580.0841717422009,1445.879678297043,1059.5366389751434,2880.321122407913
PC 35:1 PE 38:1,learnls-manifold-nu2-K300-stride4-learnls-bs1.0-bd0.01-bw0.1-knn15-faiss_atlas_weighted-5-randomwalk-ind1000-lr0.05-ep20-lbs10-blend0.8-infl50-ptls-rootdissolve-dn3-prune0.9,manifold,8,8,0.987191304564476,0.9860002100467682,0.8000926375389099,1.1467242240905762,0.13447763228360704,0.12751448270181645,0.0911043162748716,0.1912762409881638,-0.007057156039327375,-0.0062586781694422,-0.0284369327685654,0.0202264018937026,0.9734667837619781,0.9720075726509094,0.9564115405082704,0.9913942813873292,1447.8248120903968,1295.9960968255996,625.4174993038177,2710.9184814453124
PC 35:1 PE 38:1,[full] MANIFOLD-RSAMPLE-5-4-K100-reference-5-data-2000-1000-faiss_atlas_weighted-50-15-randomwalk-2-1.0-0.01-0.1-learndiff1.0-blend0.810,whole-brain Riemann manifold latent GP (inducing-point),8,8,1.0059502001699094,1.0031390632070436,0.976129475853635,1.0416818590487726,0.19506093354077786,0.191502056905911,0.1448374345786598,0.2525209019298815,-0.012319057146023986,-0.0063492598039222,-0.0851010954713069,0.0471712463697078,,,,,,,,
PC 35:1 PE 38:1,learnls-manifold-nu2-K1300-stride4-learnls-bs1.0-bd0.01-bw0.1-knn15-faiss_atlas_weighted-5-randomwalk-ind1000-lr0.05-ep20-lbs10-blend0.8-infl50-rootdissolve-dn3-prune0.9,manifold,8,8,0.9871746674180031,0.9880412220954895,0.8051648139953613,1.1397385597229004,0.15586777903422439,0.14443913488496204,0.1323745682903824,0.2008213131767714,-0.007433372089344162,-0.0063894351658242005,-0.0415178603228916,0.0228862340427918,0.9617645815014839,0.9607756435871124,0.9409888982772828,0.9813297390937804,873.4468322277069,646.6926800251008,478.8035377502441,1602.3791280269622
PC 35:1 PE 38:1,[full] SPECTRAL-5-4-K300-reference-5-1000-faiss_atlas_weighted-50-15-randomwalk-2-1.0-0.01-0.1-1.0-rootdissolve-dn3-prune0.95-learndiff1.010,whole-brain Riemann manifold latent GP (spectral / weight-space eigenbasis),8,8,1.0053470365307426,1.0032468698227763,0.9782496450343167,1.043220005556545,0.19468087718825247,0.18316923343573585,0.1382254316415559,0.2608147231424296,-0.011148241074646565,-0.0065187143932663,-0.0883079799933979,0.0430276319902334,,,,,,,,
PC 35:1 PE 38:1,learnls-manifold-nu2-K1300-stride4-learnls-bs1.0-bd0.01-bw0.1-knn15-faiss_atlas_weighted-5-randomwalk-ind1000-lr0.05-ep20-lbs10-blend0.8-infl50-ptls-rootdissolve-dn3-prune0.97,manifold,8,8,0.9866160750389099,0.9863733947277067,0.8032242059707642,1.1403875350952148,0.15481684989265665,0.14089606283550837,0.1346651750932485,0.2023611477320266,-0.006161947049072475,-0.0065356146078379,-0.0365033158856209,0.0270516556129291,0.9640098214149475,0.9632686376571655,0.943810760974884,0.9828214049339294,1762.3879880905151,1842.29719080925,1060.6847239971162,2740.633572483063
PC 35:1 PE 38:1,learnls-manifold-nu2-K1300-stride4-learnls-bs1.0-bd0.01-bw0.1-knn15-faiss_atlas_weighted-5-randomwalk-ind1000-lr0.05-ep20-lbs10-blend0.8-infl50-ptls-rootdissolve-dn3-prune0.9,manifold,8,8,0.986901231110096,0.9880064129829407,0.8046708106994629,1.138236165046692,0.1558296071078808,0.14477328152807795,0.134020395486427,0.199998787796934,-0.006968754557367488,-0.0071146406422302995,-0.0402402033889963,0.0235194909875409,0.9621364548802376,0.9607855677604675,0.9427204132080078,0.981951892375946,1683.8202770650387,1231.955394268036,1002.7714972019196,2662.6408121109007
PC 35:1 PE 38:1,[full] SPECTRAL-5-4-K300-reference-5-1000-faiss_atlas_weighted-50-15-randomwalk-2-1.0-0.01-0.1-1.0-level_5annot-rootdissolve-dn3-prune0.97-learndiff1.010,whole-brain Riemann manifold latent GP (spectral / weight-space eigenbasis),8,8,1.0061039402048761,1.0035771497416965,0.9746854978894819,1.0406986211615799,0.19272009528515752,0.18720711013863217,0.1282641450265628,0.2449830991305222,-0.012609188453131298,-0.0071681141122689,-0.0830536200876135,0.0499881802039328,,,,,,,,
PC 35:1 PE 38:1,learnls-manifold-nu2-K1300-stride4-learnls-bs1.0-bd0.01-bw0.1-knn15-faiss_atlas_weighted-5-randomwalk-ind1000-lr0.05-ep20-lbs10-blend0.8-infl50-rootdissolve-dn3-prune0.97,manifold,8,8,0.9866862148046494,0.9861379861831663,0.803594172000885,1.1414711475372314,0.15545717783075008,0.1409238323957705,0.1347628397361721,0.2050596762567326,-0.006222176749742287,-0.00734542385380705,-0.037458482625355,0.0277446601931845,0.963680773973465,0.9624388515949249,0.9437785744667052,0.9826143383979796,810.791158759594,680.8413188934326,541.5273586273194,1586.7093570709228
PC 35:1 PE 38:1,learnls-manifold-nu2-K300-stride4-learnls-bs1.0-bd0.01-bw0.1-knn15-faiss_atlas_weighted-5-randomwalk-ind1000-lr0.05-ep20-lbs10-blend0.8-infl50-rootdissolve-dn3,manifold,8,8,0.9880669191479683,0.9879670739173889,0.8002294898033142,1.1471160650253296,0.12734760266769515,0.12399315528154731,0.0884019349556853,0.1773511068328905,-0.008864351165418088,-0.0075345412552756,-0.0287888064819232,0.0119410281488703,0.9768587127327919,0.9747031927108765,0.9590455889701844,0.9949385523796082,699.4607622623444,714.2920899152756,232.3056728363037,1056.9366778850556
PC 35:1 PE 38:1,[full] SPECTRAL-5-4-K100-reference-5-1000-faiss_atlas_weighted-50-15-randomwalk-2-1.0-0.01-0.1-1.0-level_5annot-rootdissolve-dn3-prune0.9-learndiff1.010,whole-brain Riemann manifold latent GP (spectral / weight-space eigenbasis),8,8,1.0032246689822046,1.003861713914523,0.9783714104016618,1.038214107649369,0.19292757907380695,0.18523237313202467,0.1368579465014088,0.2673878397017715,-0.006766436734770973,-0.0077474113105276505,-0.0778885333221754,0.0427893833086631,,,,,,,,
PC 35:1 PE 38:1,learnls-manifold-nu2-K300-stride4-learnls-bs1.0-bd0.01-bw0.1-knn15-faiss_atlas_weighted-5-randomwalk-ind1000-lr0.05-ep20-lbs10-blend0.8-infl50-rootdissolve-dn3-prune0.95,manifold,8,8,0.9868845567107201,0.9851610064506531,0.7993987798690796,1.1470947265625,0.1363488479680044,0.1276703316827274,0.094828470438501,0.1930198600363876,-0.006240694908033863,-0.00788575577724245,-0.0266540088186173,0.0215091487823211,0.976745493710041,0.9745934903621674,0.9568979144096376,0.9973270297050476,631.1180254280567,645.500598692894,343.0432229995728,978.1217030525208
PC 35:1 PE 38:1,[full] SPECTRAL-5-8-K6000-reference-5-1000-faiss_atlas_weighted-50-15-randomwalk-2-1.0-0.01-0.1-1.0-learndiff1.010,whole-brain Riemann manifold latent GP (spectral / weight-space eigenbasis),8,8,1.0057758372460797,1.004326045260238,0.9819226523795589,1.0445324136100536,0.18923568530186846,0.1902083689055663,0.1266622046120121,0.2392297209098627,-0.011889967632162511,-0.008677934347934,-0.0910479630820437,0.0358279047438918,,,,,,,,
PC 35:1 PE 38:1,learnls-manifold-nu2-K300-stride4-learnls-bs1.0-bd0.01-bw0.1-knn15-faiss_atlas_weighted-5-randomwalk-ind1000-lr0.05-ep20-lbs10-blend0.8-infl50-rootdissolve-dn3-prune0.9,manifold,8,8,0.9876611307263374,0.9864117205142977,0.7995184063911438,1.1471272706985474,0.13299705754420535,0.12558369754243703,0.0895201973711441,0.1890589507483159,-0.00786585863049705,-0.0089695963214554,-0.0273527002368862,0.0192455377950113,0.9742477536201477,0.9718360900878906,0.9558135271072388,0.9911194443702698,764.1956034779548,707.8240249872208,452.7825549125672,1071.0653777122498
PC 35:1 PE 38:1,[full] SPECTRAL-5-4-K300-reference-5-1000-faiss_atlas_weighted-50-15-randomwalk-2-1.0-0.01-0.1-1.0-rootdissolve-dn3-prune0.9-learndiff1.010,whole-brain Riemann manifold latent GP (spectral / weight-space eigenbasis),8,8,1.0048986296330313,1.0044908206822314,0.9757496681718952,1.0504779522236016,0.19601087327143343,0.18892544052995636,0.1288991354087468,0.2469209969772919,-0.010310386078142162,-0.009027393363977001,-0.1035039281078913,0.0479125850624363,,,,,,,,
PC 35:1 PE 38:1,[full] MANIFOLD-RSAMPLE-5-4-K300-reference-5-data-1000-1000-faiss_atlas_weighted-50-15-randomwalk-2-1.0-0.01-0.1-learndiff1.0-blend0.8-rootdissolve-dn3-prune0.9710,whole-brain Riemann manifold latent GP (inducing-point),8,8,1.004651512184759,1.0046696407944578,0.9764243000720169,1.0325271752211063,0.19587961230129997,0.1863032280603908,0.143720724029118,0.2513037287421709,-0.009699869661986962,-0.00937858352602485,-0.0661123675700769,0.0465955862288719,,,,,,,,
PC 35:1 PE 38:1,[full] MANIFOLD-RSAMPLE-5-4-K300-reference-5-data-1000-1000-faiss_atlas_weighted-50-15-randomwalk-2-1.0-0.01-0.1-learndiff1.0-blend0.8-level_5annot-rootdissolve-dn3-prune0.910,whole-brain Riemann manifold latent GP (inducing-point),8,8,1.009936462060018,1.0046698275539487,0.9741310175389255,1.0602187189027332,0.19344652849105065,0.17811327316234424,0.1378285689305894,0.2574768082713252,-0.020631303461005425,-0.0093857302677717,-0.124063731911753,0.0510687606685777,,,,,,,,
PC 35:1 PE 38:1,learnls-manifold-nu2-K1300-stride4-learnls-bs1.0-bd0.01-bw0.1-knn15-faiss_atlas_weighted-5-randomwalk-ind1000-lr0.05-ep20-lbs10-blend0.8-infl50-ptls-rootdissolve-dn3-prune0.95,manifold,8,8,0.9876178279519081,0.9870176315307615,0.8041729927062988,1.1431163549423218,0.15310707476868757,0.1378674545002736,0.1339226529005471,0.2017573673774324,-0.008117596474356066,-0.0094239922561416,-0.0389533995193731,0.0253981844197884,0.9630017578601837,0.9629581570625305,0.9429028630256652,0.9816291332244872,1500.3576918005942,1315.1481261730194,983.5124282836914,2863.2202331066133
PC 35:1 PE 38:1,learnls-manifold-nu2-K1300-stride4-learnls-bs1.0-bd0.01-bw0.1-knn15-faiss_atlas_weighted-5-randomwalk-ind1000-lr0.05-ep20-lbs10-blend0.8-infl50-rootdissolve-dn3-prune0.95,manifold,8,8,0.9877464845776558,0.9868869185447693,0.8046157956123352,1.143726825714111,0.15434828935464293,0.1396643220133306,0.1329660903610731,0.203700214260891,-0.008314304323829149,-0.009753454068211799,-0.0400978997340426,0.0254912479487778,0.9629906713962555,0.9620528519153596,0.9417903423309326,0.981357216835022,737.7391889810563,736.9386959791184,559.7733387470246,882.1549282550811
PC 35:1 PE 38:1,[full] SPECTRAL-5-4-K100-reference-5-1000-faiss_atlas_weighted-50-15-randomwalk-2-1.0-0.01-0.1-1.0-level_5annot-rootdissolve-dn3-prune0.97-learndiff1.010,whole-brain Riemann manifold latent GP (spectral / weight-space eigenbasis),8,8,1.0043129561884294,1.005038414391044,0.9759270370172931,1.0465023760420091,0.19511396098618783,0.18707536987442636,0.1274968403045302,0.2610819883498382,-0.009058331454259851,-0.0101129048633874,-0.0951672230615707,0.047566418418647,,,,,,,,
PC 35:1 PE 38:1,[full] MANIFOLD-RSAMPLE-5-4-K100-reference-5-data-1000-1000-faiss_atlas_weighted-50-15-randomwalk-2-1.0-0.01-0.1-learndiff1.0-blend0.8-level_5annot-rootdissolve-dn3-prune0.9710,whole-brain Riemann manifold latent GP (inducing-point),8,8,1.0053586228116493,1.0057453776924152,0.9750339436787817,1.0403457571658221,0.18563106196476115,0.1770744404217445,0.1235271931639593,0.2614235860559291,-0.011184495685631974,-0.0115273349942466,-0.0823192944529278,0.0493088086742024,,,,,,,,
PC 35:1 PE 38:1,[full] SPECTRAL-5-4-K300-reference-5-1000-faiss_atlas_weighted-50-15-randomwalk-2-1.0-0.01-0.1-1.0-level_5annot-rootdissolve-dn3-prune0.9-learndiff1.010,whole-brain Riemann manifold latent GP (spectral / weight-space eigenbasis),8,8,1.0089225607438415,1.0057830943682713,0.9824016726771125,1.0520912877602826,0.18871917554550327,0.18312289324580738,0.1289191884023092,0.2384961627549563,-0.018331714243398873,-0.011605364464722,-0.1068960777810899,0.0348869535212115,,,,,,,,
PC 35:1 PE 38:1,[full] MANIFOLD-RSAMPLE-5-4-K300-reference-5-data-1000-1000-faiss_atlas_weighted-50-15-randomwalk-2-1.0-0.01-0.1-learndiff1.0-blend0.8-level_5annot-rootdissolve-dn3-prune0.9710,whole-brain Riemann manifold latent GP (inducing-point),8,8,1.0098061815602655,1.0063715500033843,0.9774397698671905,1.0481600451366888,0.19229411405861882,0.1797766094665311,0.1507828175723977,0.2486813144615208,-0.02021109894718246,-0.012824594015264059,-0.0986394802209456,0.0446114962819736,,,,,,,,
PC 35:1 PE 38:1,[full] MANIFOLD-RSAMPLE-5-4-K100-reference-5-data-1000-1000-faiss_atlas_weighted-50-15-randomwalk-2-1.0-0.01-0.1-learndiff1.0-blend0.8-level_5annot-rootdissolve-dn3-prune0.910,whole-brain Riemann manifold latent GP (inducing-point),8,8,1.0105491622423297,1.006541324207097,0.9794532242836982,1.0596535593501721,0.1837591947899776,0.17400631649308018,0.1204528207006623,0.2619111936210542,-0.0218293102279139,-0.01312818656682505,-0.122865665843489,0.0406713814402676,,,,,,,,
PC 35:1 PE 38:1,[full] MANIFOLD-RSAMPLE-5-4-K300-reference-5-data-1000-1000-faiss_atlas_weighted-50-15-randomwalk-2-1.0-0.01-0.1-learndiff1.0-blend0.8-level_5annot-rootdissolve-dn3-prune0.9510,whole-brain Riemann manifold latent GP (inducing-point),8,8,1.0098737600409904,1.0065642180116272,0.9774684339457596,1.04913860142989,0.19394982841276429,0.17769250094179945,0.1474190310064962,0.2541903480514273,-0.020318018320104374,-0.01323622525447965,-0.1006918050102654,0.0445554606396242,,,,,,,,
PC 35:1 PE 38:1,[full] SPECTRAL-5-4-K1300-reference-5-1000-faiss_atlas_weighted-50-15-randomwalk-2-1.0-0.01-0.1-1.0-level_5annot-rootdissolve-dn3-prune0.9-learndiff1.010,whole-brain Riemann manifold latent GP (spectral / weight-space eigenbasis),8,8,1.0070711761572548,1.0073337238136921,0.9760698256587889,1.0468967654159371,0.19052164904212665,0.1820638427013494,0.1296701683189904,0.2463806289559818,-0.014685507208887774,-0.014762725685083801,-0.0959928374383516,0.0472876954384215,,,,,,,,
PC 35:1 PE 38:1,[full] SPECTRAL-5-4-K1300-reference-5-1000-faiss_atlas_weighted-50-15-randomwalk-2-1.0-0.01-0.1-1.0-level_5annot-rootdissolve-dn3-prune0.97-learndiff1.010,whole-brain Riemann manifold latent GP (spectral / weight-space eigenbasis),8,8,1.0105652283127387,1.0082352078772756,0.9800128629909483,1.0546549251354196,0.18574545980360352,0.1814384516965204,0.126915705320706,0.2413643352547133,-0.02168426279415795,-0.01655785857521255,-0.1122970111123973,0.0395747883722849,,,,,,,,
PC 35:1 PE 38:1,[full] SPECTRAL-5-4-K1300-reference-5-1000-faiss_atlas_weighted-50-15-randomwalk-2-1.0-0.01-0.1-1.0-level_5annot-rootdissolve-dn3-prune0.95-learndiff1.010,whole-brain Riemann manifold latent GP (spectral / weight-space eigenbasis),8,8,1.009481088125341,1.0083617366435136,0.9781186892539545,1.05148670778354,0.1889032722773497,0.18029513873820985,0.1229269201383366,0.2565660345243645,-0.019581547196848896,-0.0168850189966171,-0.1056242966454674,0.043283829732126,,,,,,,,
PC 35:1 PE 38:1,[full] MANIFOLD-RSAMPLE-5-4-K300-reference-5-data-1000-1000-faiss_atlas_weighted-50-15-randomwalk-2-1.0-0.01-0.1-learndiff1.0-blend0.8-rootdissolve-dn3-prune0.910,whole-brain Riemann manifold latent GP (inducing-point),8,8,1.008868099173046,1.008659379741776,0.9745582641505591,1.0547457002021112,0.19185265746162766,0.18578480932206554,0.1333573070564128,0.2635079906682879,-0.018423782851193678,-0.0174151893167735,-0.1124884920948416,0.050236189775849,,,,,,,,
PC 35:1 PE 38:1,[full] SPECTRAL-5-4-K2300-reference-5-1000-faiss_atlas_weighted-50-15-randomwalk-2-1.0-0.01-0.1-1.0-learndiff1.010,whole-brain Riemann manifold latent GP (spectral / weight-space eigenbasis),8,8,1.0108678647197389,1.009610103089214,0.9728108381266378,1.0512357943035806,0.19157453743195357,0.18231247524191468,0.1324002692522645,0.2614989150737106,-0.022293786214564373,-0.0193238275954684,-0.1050966952250802,0.0536390732233484,,,,,,,,
PC 35:1 PE 38:1,spectral-nu2-K1300-stride4-bw0.1-knn15-faiss_atlas_weighted-5-randomwalk-lr0.05-ep20-lbs10-rootdissolve-dn3,spectral,8,8,0.9968771860003471,0.9929222464561462,0.8064163327217102,1.159854292869568,0.15014306058497814,0.1302509033417104,0.1222434905013765,0.2149224265179671,-0.025815426436931813,-0.0341923310409209,-0.0447581420679392,0.0324236734580095,0.9686723724007607,0.9661338627338409,0.9622344374656676,0.9778941869735718,202.32829250693322,176.49469151496885,135.33260407447816,422.1191092967987
PC 35:1 PE 38:1,[full] MANIFOLD-RSAMPLE-5-4-K1300-reference-5-data-1000-1000-faiss_atlas_weighted-50-15-randomwalk-2-1.0-0.01-0.1-learndiff1.0-blend0.8-rootdissolve-dn3-prune0.9710,whole-brain Riemann manifold latent GP (inducing-point),8,8,1.0185971776935219,1.0173804711187708,0.9831542276115246,1.072813498567485,0.18232820296665936,0.17005485041322754,0.1191807178887457,0.249421955268273,-0.03819773387150159,-0.0350656189631112,-0.1509288027086075,0.0334077647295865,,,,,,,,
PC 35:1 PE 38:1,[full] MANIFOLD-RSAMPLE-5-4-K1300-reference-5-data-1000-1000-faiss_atlas_weighted-50-15-randomwalk-2-1.0-0.01-0.1-learndiff1.0-blend0.8-rootdissolve-dn3-prune0.9510,whole-brain Riemann manifold latent GP (inducing-point),8,8,1.0324835219243365,1.0234925699795614,0.9866414311025291,1.0929063221052995,0.17513048679706672,0.1692981144790653,0.0945223275733633,0.2550230751401692,-0.06728506515599442,-0.0475720680318282,-0.1944442288977328,0.0265386864319532,,,,,,,,
PC 35:1 PE 38:1,[full] MANIFOLD-RSAMPLE-5-4-K1300-reference-5-data-1000-1000-faiss_atlas_weighted-50-15-randomwalk-2-1.0-0.01-0.1-learndiff1.0-prodard2.5-blend0.8-rootdissolve-dn3-prune0.9510,whole-brain Riemann manifold latent GP (inducing-point),8,8,1.027712248148485,1.0282302942810289,0.9830317768393457,1.0774110254342988,0.17861428448194513,0.1649113005353906,0.1032402825864042,0.264654755067789,-0.05716978537932835,-0.05725778491824505,-0.1608145177273872,0.0336485257240788,,,,,,,,
PC 35:1 PE 38:1,[full] MANIFOLD-RSAMPLE-5-4-K1300-reference-5-data-1000-1000-faiss_atlas_weighted-50-15-randomwalk-2-1.0-0.01-0.1-learndiff1.0-prodard2.5-blend0.8-rootdissolve-dn3-prune0.9710,whole-brain Riemann manifold latent GP (inducing-point),8,8,1.031282747895215,1.031482009779906,0.9857376716471864,1.068440180904191,0.182901251526927,0.1760851024769512,0.1211449425788395,0.2650302091240196,-0.06420891271644752,-0.0639619508293318,-0.1415644201705805,0.0283212426955837,,,,,,,,
PC 35:1 PE 38:1,[full] MANIFOLD-RSAMPLE-5-4-K1300-reference-5-data-1000-1000-faiss_atlas_weighted-50-15-randomwalk-2-1.0-0.01-0.1-learndiff1.0-blend0.8-rootdissolve-dn3-prune0.910,whole-brain Riemann manifold latent GP (inducing-point),8,8,1.026899262013702,1.032313379653306,0.9788189409658788,1.0747722299787141,0.18342561969321114,0.16830887401452738,0.1163631371090966,0.2564095531790942,-0.05544828563658364,-0.0656714833313991,-0.1551353463334179,0.0419134808064353,,,,,,,,
PC 35:1 PE 38:1,[full] MANIFOLD-RSAMPLE-5-4-K1300-reference-5-data-1000-1000-faiss_atlas_weighted-50-15-randomwalk-2-1.0-0.01-0.1-learndiff1.0-prodard2.5-blend0.8-rootdissolve-dn3-prune0.910,whole-brain Riemann manifold latent GP (inducing-point),8,8,1.0311126511403175,1.0336132223436962,0.9757179926698989,1.0793830081389122,0.18416476810763283,0.16901641841257659,0.1035460765634069,0.2673547007656548,-0.0641632938706739,-0.06836380196159614,-0.165067678259007,0.0479743987802231,,,,,,,,
PE O-36:0 PE O-38:3,[full] SPECTRAL-5-4-K300-reference-5-1000-faiss_cluster_weighted-50-15-randomwalk-2-1.0-0.01-0.1-1.0-clk64-sw1.0-cs0-learndiff1.010,whole-brain Riemann manifold latent GP (spectral / weight-space eigenbasis),8,8,0.6950260647824618,0.6951765384430232,0.6418364173851402,0.7497561032568721,0.7230812085383633,0.7206145710462823,0.680693553559825,0.7676038266701423,0.5151777982161077,0.5162029301121274,0.4378657856290705,0.5880460133182082,,,,,,,,
PE O-36:0 PE O-38:3,[full] SPECTRAL-5-4-K300-reference-5-1000-faiss-1-15-randomwalk-2-1.0-0.01-0.1-1.010,whole-brain Riemann manifold latent GP (spectral / weight-space eigenbasis),8,8,0.6978209982007684,0.6960805908948492,0.6468315630490836,0.7583554138378904,0.7211220698361833,0.7202776250314014,0.6720892695490017,0.7629686037921579,0.5112261919855176,0.5150416833431266,0.4248970663027619,0.5816089290434794,,,,,,,,
PE O-36:0 PE O-38:3,[full] MANIFOLD-RSAMPLE-5-4-K300-reference-5-data-1000-1000-faiss_atlas_weighted-50-15-randomwalk-2-1.0-0.01-0.1-learndiff1.0-blend0.8-level_5annot-rootdissolve-dn3-prune0.910,whole-brain Riemann manifold latent GP (inducing-point),8,8,0.6975201209191838,0.6973202517532079,0.6423127929311602,0.7466558005930255,0.7201714972503835,0.7198593048450506,0.6798137163972445,0.767074381671352,0.5119570181847012,0.5131409350268892,0.4425051154407881,0.5874342760369725,,,,,,,,
PE O-36:0 PE O-38:3,[full] SPECTRAL-5-4-K100-reference-5-1000-faiss_atlas_weighted-50-15-randomwalk-2-1.0-0.01-0.1-1.0-level_5annot-rootdissolve-dn3-prune0.95-learndiff1.010,whole-brain Riemann manifold latent GP (spectral / weight-space eigenbasis),8,8,0.6988659898767818,0.6980767769734434,0.6431100516986374,0.761941111474366,0.7199992179365369,0.7189328911652244,0.6700982269874045,0.7661947771035788,0.5096049806013448,0.5125074560914993,0.4194457426452077,0.5864094614041758,,,,,,,,
PE O-36:0 PE O-38:3,[full] MANIFOLD-RSAMPLE-5-4-K100-reference-5-data-1000-1000-faiss_atlas_weighted-50-15-randomwalk-2-1.0-0.01-0.1-learndiff1.0-blend0.8-level_5annot-rootdissolve-dn3-prune0.910,whole-brain Riemann manifold latent GP (inducing-point),8,8,0.6989364364109157,0.6979839816910198,0.6405770235364706,0.757906152266414,0.7210508669759856,0.7192961029896633,0.6802278690839043,0.7694029681968771,0.5098197275484777,0.5123946535864783,0.4255782643567193,0.589661076917156,,,,,,,,
PE O-36:0 PE O-38:3,[full] SPECTRAL-5-4-K300-reference-5-1000-faiss_cluster_weighted-50-15-randomwalk-2-1.0-0.01-0.1-1.0-clk64-sw1.0-cs010,whole-brain Riemann manifold latent GP (spectral / weight-space eigenbasis),8,8,0.695926851376748,0.6980103287763726,0.6461823255488669,0.7511666943011069,0.7236130543462014,0.7218051276983115,0.6807098429227926,0.7640060347165969,0.513946396172166,0.5123744019459022,0.4357485973727473,0.5824484021482582,,,,,,,,
PE O-36:0 PE O-38:3,[full] MANIFOLD-RSAMPLE-5-4-K100-reference-5-data-2000-1000-faiss_atlas_weighted-50-15-randomwalk-2-1.0-0.01-0.1-learndiff1.0-blend0.810,whole-brain Riemann manifold latent GP (inducing-point),8,8,0.695489098430776,0.6980010919453942,0.641784114743557,0.749339566971821,0.7233328159767762,0.7198940766455499,0.6835686171140974,0.7674942921832244,0.5145435806324847,0.5122212385734051,0.4384902133704838,0.5881131500628288,,,,,,,,
PE O-36:0 PE O-38:3,[full] SPECTRAL-5-4-K100-reference-5-1000-faiss-1-15-randomwalk-2-1.0-0.01-0.1-1.010,whole-brain Riemann manifold latent GP (spectral / weight-space eigenbasis),8,8,0.6972671225929806,0.6987512600889616,0.6427645614946866,0.7614947342243659,0.7218874745372081,0.7190317585603914,0.6714703091673773,0.7688021562612715,0.5117634541248403,0.5113252045582656,0.4201257697485624,0.5868537184865432,,,,,,,,
PE O-36:0 PE O-38:3,[full] SPECTRAL-5-4-K100-reference-5-1000-faiss_cluster_weighted-50-15-randomwalk-2-1.0-0.01-0.1-1.0-clk64-sw1.0-cs010,whole-brain Riemann manifold latent GP (spectral / weight-space eigenbasis),8,8,0.7031672357967268,0.7000395246856292,0.6409418971391184,0.7760151179421481,0.7167397786271328,0.7172904461059619,0.6563149391182299,0.7690848826379564,0.5029965058489515,0.5096779351549616,0.3978005367252339,0.5891934844917077,,,,,,,,
PE O-36:0 PE O-38:3,[full] MANIFOLD-RSAMPLE-5-4-K100-reference-5-data-1000-1000-faiss_atlas_weighted-50-15-randomwalk-2-1.0-0.01-0.1-learndiff1.0-blend0.8-rootdissolve-dn3-prune0.9510,whole-brain Riemann manifold latent GP (inducing-point),8,8,0.700667703385003,0.7001100566673789,0.6424363231522948,0.7602849761761871,0.7189498605038234,0.7159766340504814,0.6789826446080757,0.7670313343338867,0.507335286621231,0.5093209904643403,0.4219667550007747,0.5872755706945603,,,,,,,,
PE O-36:0 PE O-38:3,[full] SPECTRAL-5-4-K100-reference-5-1000-faiss_atlas_weighted-50-15-randomwalk-2-1.0-0.01-0.1-1.0-level_5annot-rootdissolve-dn3-prune0.9-learndiff1.010,whole-brain Riemann manifold latent GP (spectral / weight-space eigenbasis),8,8,0.7002202874641675,0.7007061564982127,0.643683332036261,0.7767228755086732,0.7197218103973133,0.7164192260639285,0.6642338971069206,0.7663669642008555,0.5073531493894752,0.5087551570077519,0.396701574661538,0.5856717680586965,,,,,,,,
PE O-36:0 PE O-38:3,[full] SPECTRAL-5-4-K300-reference-5-1000-faiss_atlas_weighted-50-15-randomwalk-2-1.0-0.01-0.1-1.0-level_5annot-rootdissolve-dn3-prune0.9-learndiff1.010,whole-brain Riemann manifold latent GP (spectral / weight-space eigenbasis),8,8,0.7000784208381354,0.7011712750967809,0.6472341542640793,0.7596135135811959,0.7203285446768855,0.7180568758106882,0.6754958525977434,0.764413764733197,0.5081284122656444,0.5082024706510009,0.4229873099848302,0.5810879495540621,,,,,,,,
PE O-36:0 PE O-38:3,[full] MANIFOLD-RSAMPLE-5-4-K100-reference-5-data-1000-1000-faiss_atlas_weighted-50-15-randomwalk-2-1.0-0.01-0.1-learndiff1.0-blend0.8-level_5annot-rootdissolve-dn3-prune0.9510,whole-brain Riemann manifold latent GP (inducing-point),8,8,0.6998758125735562,0.7011105308410013,0.6468451743495024,0.7511025256644108,0.7189734639036041,0.7160589060781604,0.6788399089581664,0.7635032683485788,0.5086445818594781,0.5080161942473316,0.4358449959405431,0.5815913204207619,,,,,,,,
PE O-36:0 PE O-38:3,[full] SPECTRAL-5-4-K100-reference-5-1000-faiss_atlas_weighted-50-15-randomwalk-2-1.0-0.01-0.1-1.0-level_5annot-rootdissolve-dn3-prune0.97-learndiff1.010,whole-brain Riemann manifold latent GP (spectral / weight-space eigenbasis),8,8,0.7014618617125451,0.7012245582442711,0.6441997637164892,0.7712459566598344,0.7189947362158406,0.71633423994151,0.6652928243050711,0.7671036255701981,0.5056611518813532,0.5079884397925232,0.4051796743358569,0.5850066644276195,,,,,,,,
PE O-36:0 PE O-38:3,[full] MANIFOLD-RSAMPLE-5-4-K100-reference-5-data-1000-1000-faiss_atlas_weighted-50-15-randomwalk-2-1.0-0.01-0.1-learndiff1.0-blend0.8-rootdissolve-dn3-prune0.9710,whole-brain Riemann manifold latent GP (inducing-point),8,8,0.7019294765047042,0.7011037556399928,0.6460600787151145,0.756755473859353,0.7171509054848767,0.7161869452419869,0.6744885550376123,0.7656419643888968,0.5056197140144266,0.5079597943279586,0.427321152783906,0.58260637469062,,,,,,,,
PE O-36:0 PE O-38:3,[full] SPECTRAL-5-4-K100-reference-5-1000-faiss_atlas_weighted-50-15-randomwalk-2-1.0-0.01-0.1-1.010,whole-brain Riemann manifold latent GP (spectral / weight-space eigenbasis),8,8,0.704970380741726,0.7012082328557875,0.6466140862349349,0.7802411956577391,0.7152124917868335,0.7162928415184248,0.6578853838797868,0.7641533328301207,0.5006265127912213,0.5079564207336229,0.3912236765985817,0.5818902234825601,,,,,,,,
PE O-36:0 PE O-38:3,[full] SPECTRAL-5-4-K300-reference-5-1000-faiss-1-15-randomwalk-2-1.0-0.01-0.1-1.0-learndiff1.010,whole-brain Riemann manifold latent GP (spectral / weight-space eigenbasis),8,8,0.6985760110685184,0.7013304159035947,0.6463777575217987,0.7555742492224028,0.7210197666308487,0.7174984554223683,0.6795827682220946,0.7645377452830855,0.5102456935444886,0.5077019634172844,0.4291075539120024,0.5821957945810907,,,,,,,,
PE O-36:0 PE O-38:3,[full] SPECTRAL-5-4-K300-reference-5-1000-faiss_atlas_weighted-50-15-randomwalk-2-1.0-0.01-0.1-1.0-level_5annot-rootdissolve-dn3-prune0.97-learndiff1.0-learnspecw10,whole-brain Riemann manifold latent GP (spectral / weight-space eigenbasis),8,8,0.6996598371324395,0.7017743282307407,0.6472436575304985,0.7612002754610017,0.7190828952963177,0.7151929542978419,0.669884416528042,0.7631157257950052,0.5087317981872477,0.5073056218556007,0.4205741406380952,0.5810756477865427,,,,,,,,
PE O-36:0 PE O-38:3,[full] MANIFOLD-RSAMPLE-5-4-K100-reference-5-data-1000-1000-faiss_atlas_weighted-50-15-randomwalk-2-1.0-0.01-0.1-learndiff1.0-blend0.8-rootdissolve-dn3-prune0.910,whole-brain Riemann manifold latent GP (inducing-point),8,8,0.6989202441126142,0.7020928043265342,0.6436339503206215,0.7606323986164338,0.7206934715410661,0.7163286325328874,0.6750889316606368,0.765843913978415,0.5098469331237641,0.5065099136641849,0.4214383541750105,0.5857353379946717,,,,,,,,
PE O-36:0 PE O-38:3,[full] SPECTRAL-5-4-K100-reference-5-1000-faiss_atlas_weighted-50-15-randomwalk-2-1.0-0.01-0.1-1.0-rootdissolve-dn3-prune0.97-learndiff1.010,whole-brain Riemann manifold latent GP (spectral / weight-space eigenbasis),8,8,0.7003964821370801,0.7027368096100021,0.6462685546007901,0.7686160066747098,0.7186250125941621,0.716068868363108,0.6609899798102462,0.7644802025504822,0.5073529712739866,0.505899045412796,0.4092294342834225,0.5823369553342055,,,,,,,,
PE O-36:0 PE O-38:3,[full] MANIFOLD-RSAMPLE-5-4-K100-reference-5-data-1000-1000-faiss_atlas_weighted-50-15-randomwalk-2-1.0-0.01-0.1-learndiff1.0-blend0.8-level_5annot-rootdissolve-dn3-prune0.9710,whole-brain Riemann manifold latent GP (inducing-point),8,8,0.696574901929527,0.7028169177499799,0.6423883307079913,0.7437664803496942,0.7223684242318069,0.7162794048159216,0.6868393705890337,0.766900955787888,0.5132339772239184,0.5056065973993568,0.4468114227082281,0.5873372325702004,,,,,,,,
PE O-36:0 PE O-38:3,[full] SPECTRAL-5-4-K100-reference-5-1000-faiss_cluster_weighted-50-15-randomwalk-2-1.0-0.01-0.1-1.0-clk64-sw1.0-cs0-learndiff1.010,whole-brain Riemann manifold latent GP (spectral / weight-space eigenbasis),8,8,0.7028326495095725,0.7030019886127132,0.6465721700809148,0.7743153822690045,0.7173805543383751,0.7152249340947119,0.6626003146530279,0.7646841842976713,0.5037757714998146,0.5054548182376042,0.4004356887816054,0.5819444288768565,,,,,,,,
PE O-36:0 PE O-38:3,[full] SPECTRAL-5-4-K1300-reference-5-1000-faiss_atlas_weighted-50-15-randomwalk-2-1.0-0.01-0.1-1.0-level_5annot-rootdissolve-dn3-prune0.97-learndiff1.0-learnspecw10,whole-brain Riemann manifold latent GP (spectral / weight-space eigenbasis),8,8,0.7067084587829422,0.7030455914402509,0.6454229705463205,0.7901915068190138,0.7137270967097631,0.7152248913240287,0.647742680769887,0.7660171749617875,0.49810561106438683,0.5053369352371192,0.3755973825510964,0.5834291890911636,,,,,,,,
PE O-36:0 PE O-38:3,[full] SPECTRAL-5-4-K300-reference-5-1000-faiss_atlas_weighted-50-15-randomwalk-2-1.0-0.01-0.1-1.0-rootdissolve-dn3-prune0.95-learndiff1.010,whole-brain Riemann manifold latent GP (spectral / weight-space eigenbasis),8,8,0.7021921613201183,0.7032760011856355,0.6387080905897786,0.7694448833475249,0.7185982055486837,0.7145935320519856,0.6677610427355282,0.7703424379619713,0.5045949137161541,0.504948228109722,0.4079545714903138,0.5920519750151592,,,,,,,,
PE O-36:0 PE O-38:3,[full] SPECTRAL-5-4-K1300-reference-5-1000-faiss_atlas_weighted-50-15-randomwalk-2-1.0-0.01-0.1-1.0-level_5annot-rootdissolve-dn3-prune0.95-learndiff1.010,whole-brain Riemann manifold latent GP (spectral / weight-space eigenbasis),8,8,0.7069908784529888,0.7034883791940049,0.6427106372739052,0.784216594364281,0.7146273700049861,0.7156723582180332,0.6563715842312555,0.7690044490509098,0.4976124646692599,0.5048079936327567,0.3850043331236887,0.5869230367349706,,,,,,,,
PE O-36:0 PE O-38:3,[full] SPECTRAL-5-4-K300-reference-5-1000-faiss_atlas_weighted-50-15-randomwalk-2-1.0-0.01-0.1-1.0-rootdissolve-dn3-prune0.9-learndiff1.010,whole-brain Riemann manifold latent GP (spectral / weight-space eigenbasis),8,8,0.6990617375003607,0.703602547252935,0.645031592004008,0.756896257463707,0.7205009386379985,0.7148407915352502,0.6784198443247892,0.7642255838054713,0.5095370736960114,0.5046219901328064,0.4271080554374337,0.5839342453167751,,,,,,,,
PE O-36:0 PE O-38:3,[full] SPECTRAL-5-4-K100-reference-5-1000-faiss_atlas_weighted-50-15-randomwalk-2-1.0-0.01-0.1-1.0-learndiff1.010,whole-brain Riemann manifold latent GP (spectral / weight-space eigenbasis),8,8,0.7039325467211905,0.7042722882304093,0.6483633139719299,0.7753640923631541,0.7169105519690305,0.7150002919222486,0.6612508521172066,0.7623642034139176,0.502150695477935,0.5038694246939418,0.3988105242738622,0.5796250130953366,,,,,,,,
PE O-36:0 PE O-38:3,[full] SPECTRAL-5-4-K100-reference-5-1000-faiss-1-15-randomwalk-2-1.0-0.01-0.1-1.0-learndiff1.010,whole-brain Riemann manifold latent GP (spectral / weight-space eigenbasis),8,8,0.7024633997945366,0.7042648203010807,0.6424835634808287,0.7718741041988497,0.7189127960389987,0.7142724227509221,0.6647714958049309,0.7677770765770483,0.5042089381028445,0.5037611876329031,0.4042103672672232,0.587214870656976,,,,,,,,
PE O-36:0 PE O-38:3,[full] MANIFOLD-RSAMPLE-5-4-K300-reference-5-data-1000-1000-faiss_atlas_weighted-50-15-randomwalk-2-1.0-0.01-0.1-learndiff1.0-blend0.8-rootdissolve-dn3-prune0.910,whole-brain Riemann manifold latent GP (inducing-point),8,8,0.703447731561593,0.704383357070147,0.6538552522081748,0.755897193591848,0.7163509897325144,0.714564016180824,0.6748471831130208,0.7580243276041825,0.5037026483076579,0.5031601179439041,0.4286194327199681,0.5724733091597842,,,,,,,,
PE O-36:0 PE O-38:3,[full] SPECTRAL-5-4-K2300-reference-5-1000-faiss_atlas_weighted-50-15-randomwalk-2-1.0-0.01-0.1-1.0-learndiff1.010,whole-brain Riemann manifold latent GP (spectral / weight-space eigenbasis),8,8,0.7079469150612779,0.7059117903729388,0.6523391226390166,0.7834319609076875,0.7143090323691738,0.7139634857788092,0.6545205476189522,0.7590006130921849,0.49632731287626497,0.5014715310099671,0.3862343626283356,0.5744536690745581,,,,,,,,
PE O-36:0 PE O-38:3,[full] SPECTRAL-5-4-K100-reference-5-1000-faiss_atlas_weighted-50-15-randomwalk-2-1.0-0.01-0.1-1.0-level_5annot10,whole-brain Riemann manifold latent GP (spectral / weight-space eigenbasis),8,8,0.7060542393911222,0.7060424813883832,0.6488208294525347,0.7838013725077836,0.7138816507824373,0.7119951178726378,0.6511840323516924,0.7610908539102197,0.4989514233241976,0.5013865981183377,0.3856554084549146,0.5790315312685248,,,,,,,,
PE O-36:0 PE O-38:3,[full] SPECTRAL-5-4-K300-reference-5-1000-faiss_atlas_weighted-50-15-randomwalk-2-1.0-0.01-0.1-1.0-level_5annot10,whole-brain Riemann manifold latent GP (spectral / weight-space eigenbasis),8,8,0.7069974392458906,0.7060584971029419,0.6447458671999556,0.8161117562731206,0.7148959488815739,0.7130464625917867,0.6343800284632641,0.7656305884349042,0.4970524785583411,0.5013084887345736,0.3339616012728026,0.5843027667285772,,,,,,,,
PE O-36:0 PE O-38:3,[full] SPECTRAL-5-4-K100-reference-5-1000-faiss_atlas_weighted-50-15-randomwalk-2-1.0-0.01-0.1-1.0-level_5annot-rootdissolve-dn3-prune0.97-learndiff1.0-learnspecw10,whole-brain Riemann manifold latent GP (spectral / weight-space eigenbasis),8,8,0.7018517638658801,0.7059787903503867,0.6472174814694371,0.7732843581672443,0.7187659571767211,0.7134987187127029,0.6659832283613952,0.766224023450765,0.5054032964616847,0.5013069361948262,0.402031301413873,0.5811095316803588,,,,,,,,
PE O-36:0 PE O-38:3,[full] SPECTRAL-5-4-K100-reference-5-1000-faiss_atlas_weighted-50-15-randomwalk-2-1.0-0.01-0.1-1.0-rootdissolve-dn3-prune0.95-learndiff1.010,whole-brain Riemann manifold latent GP (spectral / weight-space eigenbasis),8,8,0.7015888622295328,0.7060214842624191,0.6405552037833468,0.7715730441505771,0.7175626577949943,0.7122357786177269,0.6614453488249624,0.7689746649404756,0.5057540782947128,0.5012886286322773,0.4046750375402115,0.5896890309060749,,,,,,,,
PE O-36:0 PE O-38:3,[full] MANIFOLD-RSAMPLE-5-4-K300-reference-5-data-1000-1000-faiss_atlas_weighted-50-15-randomwalk-2-1.0-0.01-0.1-learndiff1.0-blend0.8-rootdissolve-dn3-prune0.9510,whole-brain Riemann manifold latent GP (inducing-point),8,8,0.7005835412172011,0.7059386534321554,0.6502911543030994,0.743175046501736,0.7178387195426683,0.7116654589221963,0.6860124822337599,0.7603390483782014,0.507956766722973,0.5011262461589397,0.4476908502571425,0.5771214146351427,,,,,,,,
PE O-36:0 PE O-38:3,[full] SPECTRAL-5-8-K6000-reference-5-1000-faiss_atlas_weighted-50-15-randomwalk-2-1.0-0.01-0.1-1.0-learndiff1.010,whole-brain Riemann manifold latent GP (spectral / weight-space eigenbasis),8,8,0.7196685652751532,0.7061536784856051,0.6482895251405728,0.830808875449597,0.7053016819725999,0.7117881358472786,0.6254162475761508,0.7628576931805976,0.4778724781209991,0.5010737069991394,0.3097566124741759,0.5797206915930107,,,,,,,,
PE O-36:0 PE O-38:3,[full] SPECTRAL-5-4-K300-reference-5-1000-faiss_atlas_weighted-50-15-randomwalk-2-1.0-0.01-0.1-1.0-level_5annot-learndiff1.010,whole-brain Riemann manifold latent GP (spectral / weight-space eigenbasis),8,8,0.706401263096075,0.7064187065950805,0.6401526003273756,0.7840273304446138,0.7156124955232837,0.7129949720056827,0.655766967965187,0.7701126008996156,0.4981879657221374,0.5006371499661364,0.3853011451158924,0.5902046482940992,,,,,,,,
PE O-36:0 PE O-38:3,[full] SPECTRAL-5-4-K300-reference-5-1000-faiss_atlas_weighted-50-15-randomwalk-2-1.0-0.01-0.1-1.0-rootdissolve-dn3-prune0.97-learndiff1.010,whole-brain Riemann manifold latent GP (spectral / weight-space eigenbasis),8,8,0.7051496753534694,0.7065032791734567,0.6468447145937104,0.7862107612163542,0.7148952537911575,0.7127603369903577,0.6544190094424858,0.7644965766326262,0.5002504933954951,0.5005283731697822,0.3818726389476009,0.5815919152021813,,,,,,,,
PE O-36:0 PE O-38:3,[full] SPECTRAL-5-4-K100-reference-5-1000-faiss_atlas_weighted-50-15-randomwalk-2-1.0-0.01-0.1-1.0-rootdissolve-dn3-prune0.9-learndiff1.010,whole-brain Riemann manifold latent GP (spectral / weight-space eigenbasis),8,8,0.6997935938458664,0.7066921094383916,0.6459153093824616,0.7679313409452977,0.7188300081399767,0.7111868594224287,0.6678254939261608,0.7645042720059585,0.5083277816183733,0.500421602791457,0.410281455593957,0.5827934131053589,,,,,,,,
PE O-36:0 PE O-38:3,[full] MANIFOLD-RSAMPLE-5-4-K300-reference-5-data-1000-1000-faiss_atlas_weighted-50-15-randomwalk-2-1.0-0.01-0.1-learndiff1.0-blend0.8-rootdissolve-dn3-prune0.9710,whole-brain Riemann manifold latent GP (inducing-point),8,8,0.7094264115776923,0.706888369196002,0.6457657933031923,0.7764091559634936,0.711700699055009,0.7108886272018835,0.6629719992710691,0.7641318505852492,0.49440014142763333,0.49969249155458545,0.3971888225360555,0.5829865401994987,,,,,,,,
PE O-36:0 PE O-38:3,[full] MANIFOLD-RSAMPLE-5-4-K300-reference-5-data-1000-1000-faiss_atlas_weighted-50-15-randomwalk-2-1.0-0.01-0.1-learndiff1.0-blend0.8-level_5annot-rootdissolve-dn3-prune0.9510,whole-brain Riemann manifold latent GP (inducing-point),8,8,0.702738528775142,0.7071170395520013,0.6459994134205672,0.7511784290919296,0.7166582551285355,0.712063214916189,0.679035654688831,0.7638477797891332,0.5045539095227645,0.4992926770485065,0.435730967666981,0.5826847578602831,,,,,,,,
PE O-36:0 PE O-38:3,[full] SPECTRAL-5-4-K1300-reference-5-1000-faiss_atlas_weighted-50-15-randomwalk-2-1.0-0.01-0.1-1.0-level_5annot-rootdissolve-dn3-prune0.9-learndiff1.010,whole-brain Riemann manifold latent GP (spectral / weight-space eigenbasis),8,8,0.7077463926184616,0.7079052382636986,0.6419672473010195,0.7885073216026119,0.7142634261853194,0.7136973855014153,0.6539818596680651,0.7693025525301721,0.4963707448087117,0.4985876530829665,0.3782562037790751,0.5878780533927517,,,,,,,,
PE O-36:0 PE O-38:3,[full] MANIFOLD-RSAMPLE-5-4-K300-reference-5-data-1000-1000-faiss_atlas_weighted-50-15-randomwalk-2-1.0-0.01-0.1-learndiff1.0-blend0.8-level_5annot-rootdissolve-dn3-prune0.9710,whole-brain Riemann manifold latent GP (inducing-point),8,8,0.7015275339794735,0.7077770710784002,0.6493457948409315,0.7415001879625033,0.7166304008364033,0.7099389124159414,0.6844861281403211,0.7612739452945195,0.5065323852640657,0.4984660334964387,0.4501774712515723,0.578350038722399,,,,,,,,
PE O-36:0 PE O-38:3,[full] SPECTRAL-5-4-K300-reference-5-1000-faiss_atlas_weighted-50-15-randomwalk-2-1.0-0.01-0.1-1.0-level_5annot-rootdissolve-dn3-prune0.95-learndiff1.010,whole-brain Riemann manifold latent GP (spectral / weight-space eigenbasis),8,8,0.7025512291565484,0.7088439266802087,0.6409159441207213,0.7658867112969876,0.7167476377211934,0.7109798846458619,0.6654697422274396,0.770037798209553,0.5043323023857686,0.4974030972019081,0.4134175454586847,0.5892267525718444,,,,,,,,
PE O-36:0 PE O-38:3,[full] SPECTRAL-5-4-K300-reference-5-1000-faiss_atlas_weighted-50-15-randomwalk-2-1.0-0.01-0.1-1.0-level_5annot-rootdissolve-dn3-prune0.97-learndiff1.010,whole-brain Riemann manifold latent GP (spectral / weight-space eigenbasis),8,8,0.7034228785072425,0.7092040805835049,0.6439701093997956,0.770597846573614,0.7172241816284175,0.7104617617057472,0.6708593670262344,0.7658785054786603,0.5030364814459305,0.4968780234050364,0.406178958856109,0.5853024981996153,,,,,,,,
PE O-36:0 PE O-38:3,[full] SPECTRAL-5-4-K1300-reference-5-1000-faiss_atlas_weighted-50-15-randomwalk-2-1.0-0.01-0.1-1.0-level_5annot-rootdissolve-dn3-prune0.97-learndiff1.010,whole-brain Riemann manifold latent GP (spectral / weight-space eigenbasis),8,8,0.7089842501640524,0.7099611331935161,0.6419865389661383,0.7841879178802315,0.713101532568807,0.7083723152904489,0.6596136082352784,0.7684893782787127,0.4947099677013184,0.4957614570028667,0.3850493094506674,0.5878532837862789,,,,,,,,
PE O-36:0 PE O-38:3,[full] MANIFOLD-RSAMPLE-5-4-K1300-reference-5-data-1000-1000-faiss_atlas_weighted-50-15-randomwalk-2-1.0-0.01-0.1-learndiff1.0-prodard2.5-blend0.8-rootdissolve-dn3-prune0.910,whole-brain Riemann manifold latent GP (inducing-point),8,8,0.7122362087666507,0.710667463001366,0.6556336803785241,0.772597637680207,0.7101258889033324,0.7087119969037314,0.6669289341982436,0.7569411954124972,0.4910262791738913,0.4943844963070795,0.4030928902509637,0.5701444771533113,,,,,,,,
PE O-36:0 PE O-38:3,[full] SPECTRAL-5-4-K100-reference-5-1000-faiss_atlas_weighted-50-15-randomwalk-2-1.0-0.01-0.1-1.0-level_5annot-learndiff1.010,whole-brain Riemann manifold latent GP (spectral / weight-space eigenbasis),8,8,0.703442164335599,0.7112853123295158,0.6485232275804539,0.7624380122808186,0.7161212853016861,0.7087376853252142,0.669557201929847,0.7617925300940807,0.5031628436939792,0.49389174433926913,0.4186882774292741,0.5794176232886308,,,,,,,,
PE O-36:0 PE O-38:3,[full] MANIFOLD-RSAMPLE-5-4-K1300-reference-5-data-1000-1000-faiss_atlas_weighted-50-15-randomwalk-2-1.0-0.01-0.1-learndiff1.0-blend0.8-rootdissolve-dn3-prune0.910,whole-brain Riemann manifold latent GP (inducing-point),8,8,0.7105925478699375,0.7113135233940573,0.6545876411740424,0.7632711606317609,0.7099848946442753,0.7086406810024792,0.6690113293280333,0.7581106814612578,0.4934481571825151,0.4934359736363996,0.4174171353478447,0.571515020022203,,,,,,,,
PE O-36:0 PE O-38:3,[full] MANIFOLD-RSAMPLE-5-4-K1300-reference-5-data-1000-1000-faiss_atlas_weighted-50-15-randomwalk-2-1.0-0.01-0.1-learndiff1.0-blend0.8-rootdissolve-dn3-prune0.9710,whole-brain Riemann manifold latent GP (inducing-point),8,8,0.7174960387665361,0.7166429706308952,0.6592848144134638,0.7823165571355711,0.7050361027595392,0.7031017759975766,0.6606298678674399,0.7541694418573649,0.48328372665455294,0.48573349554156176,0.3879808044315466,0.5653435334838046,,,,,,,,
PE O-36:0 PE O-38:3,[full] MANIFOLD-RSAMPLE-5-4-K1300-reference-5-data-1000-1000-faiss_atlas_weighted-50-15-randomwalk-2-1.0-0.01-0.1-learndiff1.0-blend0.8-rootdissolve-dn3-prune0.9510,whole-brain Riemann manifold latent GP (inducing-point),8,8,0.7195906123815261,0.7169356165122125,0.6555426861298943,0.7877512021108011,0.70366198432729,0.7047384802945558,0.6537771496672864,0.756803533808207,0.47997602326661015,0.48529251287853814,0.3794480435729879,0.5702637866616028,,,,,,,,
PE O-36:0 PE O-38:3,[full] MANIFOLD-RSAMPLE-5-4-K1300-reference-5-data-1000-1000-faiss_atlas_weighted-50-15-randomwalk-2-1.0-0.01-0.1-learndiff1.0-prodard2.5-blend0.8-rootdissolve-dn3-prune0.9510,whole-brain Riemann manifold latent GP (inducing-point),8,8,0.7152759731409666,0.7170111125754934,0.6445419517942014,0.7799711002572001,0.7063249608088137,0.7030529867068906,0.6558747887167197,0.765941435326286,0.4862638291006893,0.4851025847682914,0.3916450827635728,0.5845656723773214,,,,,,,,
PE O-36:0 PE O-38:3,[full] MANIFOLD-RSAMPLE-5-4-K1300-reference-5-data-1000-1000-faiss_atlas_weighted-50-15-randomwalk-2-1.0-0.01-0.1-learndiff1.0-prodard2.5-blend0.8-rootdissolve-dn3-prune0.9710,whole-brain Riemann manifold latent GP (inducing-point),8,8,0.7145391722842158,0.7198489080764549,0.647009883560872,0.7670938697815255,0.7079460900699874,0.7018292321770199,0.666770605119164,0.7645798793303291,0.48745562467604225,0.4811271163809629,0.411566994943604,0.5813782105745469,,,,,,,,
PE O-36:0 PE O-38:3,learnls-manifold-nu2-K1300-stride4-learnls-bs1.0-bd0.01-bw0.1-knn15-faiss_atlas_weighted-5-randomwalk-ind1000-lr0.05-ep20-lbs10-blend0.8-infl50-rootdissolve-dn3-prune0.9,manifold,8,8,0.7462267428636551,0.7412314414978027,0.7158294916152954,0.7861443161964417,0.6697325196317554,0.669661543123957,0.6319878977680218,0.705047499141061,0.4441926562712044,0.4466454833763627,0.3837826047105818,0.4966146479180648,0.7214528098702431,0.7184989750385284,0.7107155919075012,0.7346022725105286,873.4468322277069,646.6926800251008,478.8035377502441,1602.3791280269622
PE O-36:0 PE O-38:3,learnls-manifold-nu2-K1300-stride4-learnls-bs1.0-bd0.01-bw0.1-knn15-faiss_atlas_weighted-5-randomwalk-ind1000-lr0.05-ep20-lbs10-blend0.8-infl50-ptls-rootdissolve-dn3-prune0.9,manifold,8,8,0.7465556934475899,0.7417144179344177,0.715796947479248,0.7867676615715027,0.6695599947722374,0.6695101904406042,0.6313519258929446,0.7052869651866365,0.4436684576613862,0.44620608882012025,0.3823238355444999,0.4970360994566535,0.7217855527997017,0.7182976305484772,0.7112458944320679,0.7352275252342224,1683.8202770650387,1231.955394268036,1002.7714972019196,2662.6408121109007
PE O-36:0 PE O-38:3,learnls-manifold-nu2-K1300-stride4-learnls-bs1.0-bd0.01-bw0.1-knn15-faiss_atlas_weighted-5-randomwalk-ind1000-lr0.05-ep20-lbs10-blend0.8-infl50-rootdissolve-dn3-prune0.95,manifold,8,8,0.7484149858355522,0.7448064088821411,0.7176515460014343,0.7871145009994507,0.6673648960150725,0.6678603360448427,0.6259274499418478,0.7049629339145274,0.4407678677327852,0.44368439207878835,0.3755470483055644,0.496612333332611,0.724009245634079,0.721519261598587,0.7126836776733398,0.7365825176239014,737.7391889810563,736.9386959791184,559.7733387470246,882.1549282550811
PE O-36:0 PE O-38:3,learnls-manifold-nu2-K1300-stride4-learnls-bs1.0-bd0.01-bw0.1-knn15-faiss_atlas_weighted-5-randomwalk-ind1000-lr0.05-ep20-lbs10-blend0.8-infl50-rootdissolve-dn3-prune0.97,manifold,8,8,0.7465298175811768,0.7405900359153748,0.7174896001815796,0.7866230010986328,0.6692108927259899,0.6678003497679891,0.6343766557083657,0.7050658109279875,0.4439270010699887,0.4436550680953717,0.3896184708376033,0.4968395566790761,0.7246435657143593,0.7223115265369415,0.713119626045227,0.737281322479248,810.791158759594,680.8413188934326,541.5273586273194,1586.7093570709228
PE O-36:0 PE O-38:3,learnls-manifold-nu2-K1300-stride4-learnls-bs1.0-bd0.01-bw0.1-knn15-faiss_atlas_weighted-5-randomwalk-ind1000-lr0.05-ep20-lbs10-blend0.8-infl50-ptls-rootdissolve-dn3-prune0.95,manifold,8,8,0.7480689585208893,0.7425055205821991,0.7173200845718384,0.7875357866287231,0.6676826333680056,0.6677622182936691,0.6248117231035398,0.7052992203844872,0.4413398084971534,0.4435104476014883,0.3730024126769393,0.4970772202833328,0.722662128508091,0.721510648727417,0.7008248567581177,0.7364562153816223,1500.3576918005942,1315.1481261730194,983.5124282836914,2863.2202331066133
PE O-36:0 PE O-38:3,learnls-manifold-nu2-K1300-stride4-learnls-bs1.0-bd0.01-bw0.1-knn15-faiss_atlas_weighted-5-randomwalk-ind1000-lr0.05-ep20-lbs10-blend0.8-infl50-ptls-rootdissolve-dn3-prune0.97,manifold,8,8,0.7468482181429863,0.7411415278911591,0.7171999216079712,0.7869415879249573,0.6690039479171863,0.6676922340653133,0.6336459521253541,0.705364390184398,0.44341528681142806,0.44346693066371723,0.3878964948093223,0.4972457910494685,0.7246589362621307,0.7222955822944641,0.7127431035041809,0.7373452186584473,1762.3879880905151,1842.29719080925,1060.6847239971162,2740.633572483063
PE O-36:0 PE O-38:3,learnls-manifold-nu2-K1300-stride4-learnls-bs1.0-bd0.01-bw0.1-knn15-faiss_atlas_weighted-5-randomwalk-ind1000-lr0.05-ep20-lbs10-blend0.8-infl50-rootdissolve-dn3,manifold,8,8,0.7526375129818916,0.7518692314624786,0.7197360992431641,0.788154661655426,0.6633342566285485,0.6668957564955655,0.6192330904296404,0.7007518744084217,0.43430170405559604,0.44227806324382324,0.36272341103462,0.4908199601182152,0.7239240929484367,0.7192011475563049,0.7161729335784912,0.7361075282096863,740.7751899778843,641.087081170082,498.4960698127746,1154.0856853485109
PE O-36:0 PE O-38:3,learnls-manifold-nu2-K1300-stride4-learnls-bs1.0-bd0.01-bw0.1-knn15-faiss_atlas_weighted-5-randomwalk-ind1000-lr0.05-ep20-lbs10-blend0.8-infl50-ptls-rootdissolve-dn3,manifold,8,8,0.7524067685008049,0.7514683902263641,0.7197162508964539,0.7882608771324158,0.6635983110706098,0.6668441674071475,0.6202159845486066,0.7010604219391192,0.4346871409881601,0.4422095409501639,0.3643858615757691,0.4912381613878688,0.7243064492940903,0.7197068929672241,0.7154448628425598,0.7367650866508484,1696.8434637188911,1525.8893583536146,1005.4783073425292,2805.682429075241
PE O-36:0 PE O-38:3,euclidean-no-ard-matern-nu1.5-ind1000-5-lr0.05-ep20-lbs10,euclidean,8,8,0.7451958507299423,0.7344992458820343,0.7221006751060486,0.7859513163566589,0.6699586247480371,0.6660350263868454,0.6476142607853314,0.6976603532391429,0.4465038260989103,0.4421096173852675,0.4125273756057448,0.4853956059909745,0.7275223061442375,0.7261233329772949,0.7180172801017761,0.738594114780426,542.5437922060489,547.3215399742127,394.9238978862762,719.2978029727935
PE O-36:0 PE O-38:3,euclidean-ard-matern-nu1.5-ind1000-5-lr0.05-ep20-lbs10,euclidean,8,8,0.7454719617962837,0.7352505326271057,0.722637951374054,0.7854970097541809,0.6694895292566946,0.6655612715603794,0.6465523443579451,0.6980863333589848,0.4460563425118833,0.44204061777324455,0.4106840986345216,0.4863259034663607,0.7285579964518547,0.7276952266693115,0.7194775938987732,0.7389488220214844,492.9588567078114,468.54807705879216,381.2922593593597,768.5328538417816
PE O-36:0 PE O-38:3,spectral-nu2-K1300-stride4-bw0.1-knn15-faiss_atlas_weighted-5-randomwalk-lr0.05-ep20-lbs10-rootdissolve-dn3,spectral,8,8,0.7672134935855865,0.7667290568351746,0.7154826521873474,0.8180118203163147,0.6529181749017549,0.6653199633309821,0.5798547916736213,0.7016528299739954,0.40943048829455597,0.4386321826817024,0.2705480757912607,0.4916658672318326,0.7138873040676117,0.7132090628147125,0.6980999112129211,0.7286025285720825,202.32829250693322,176.49469151496885,135.33260407447816,422.1191092967987
PE O-36:0 PE O-38:3,learnls-manifold-nu2-K300-stride4-learnls-bs1.0-bd0.01-bw0.1-knn15-faiss_atlas_weighted-5-randomwalk-ind1000-lr0.05-ep20-lbs10-blend0.8-infl50-rootdissolve-dn3-prune0.9,manifold,8,8,0.7796678245067596,0.7770233750343323,0.7506209015846252,0.815759539604187,0.6302027320904857,0.6314989603586831,0.5933076392506673,0.666121072793931,0.39369893751400786,0.3965871517339445,0.3396608768262147,0.4428971085016595,0.7640265300869942,0.7631876766681671,0.750758945941925,0.7780624628067017,764.1956034779548,707.8240249872208,452.7825549125672,1071.0653777122498
PE O-36:0 PE O-38:3,learnls-manifold-nu2-K300-stride4-learnls-bs1.0-bd0.01-bw0.1-knn15-faiss_atlas_weighted-5-randomwalk-ind1000-lr0.05-ep20-lbs10-blend0.8-infl50-ptls-rootdissolve-dn3-prune0.9,manifold,8,8,0.7795729488134384,0.7761744260787964,0.7506493330001831,0.8157121539115906,0.6304335402104493,0.6315816058321071,0.5922731421222472,0.6664238640580797,0.39385691323667826,0.39647740084202043,0.3375843531020318,0.4435158415153108,0.7622921243309975,0.7637593448162079,0.7337089776992798,0.7785414457321167,1447.8248120903968,1295.9960968255996,625.4174993038177,2710.9184814453124
PE O-36:0 PE O-38:3,learnls-manifold-nu2-K300-stride4-learnls-bs1.0-bd0.01-bw0.1-knn15-faiss_atlas_weighted-5-randomwalk-ind1000-lr0.05-ep20-lbs10-blend0.8-infl50-ptls-rootdissolve-dn3,manifold,8,8,0.7885879576206207,0.788919597864151,0.7587011456489563,0.8218581676483154,0.6199772380904658,0.622887492036956,0.5740812625453754,0.6602682496672112,0.3792838979525964,0.38714310160638443,0.3095692431018526,0.4349318320111305,0.7701392620801926,0.7685196995735168,0.7603657245635986,0.784688413143158,1580.0841717422009,1445.879678297043,1059.5366389751434,2880.321122407913
PE O-36:0 PE O-38:3,learnls-manifold-nu2-K300-stride4-learnls-bs1.0-bd0.01-bw0.1-knn15-faiss_atlas_weighted-5-randomwalk-ind1000-lr0.05-ep20-lbs10-blend0.8-infl50-rootdissolve-dn3,manifold,8,8,0.7883286848664284,0.7880750298500061,0.7587358951568604,0.8220506906509399,0.6200486740246104,0.6227281697518259,0.5746725836395753,0.660017562196894,0.3797456678286325,0.38696707203753694,0.3112054834815588,0.4344514816597173,0.7705759778618813,0.7682649791240692,0.7600351572036743,0.7842007875442505,699.4607622623444,714.2920899152756,232.3056728363037,1056.9366778850556
PE O-36:0 PE O-38:3,learnls-manifold-nu2-K300-stride4-learnls-bs1.0-bd0.01-bw0.1-knn15-faiss_atlas_weighted-5-randomwalk-ind1000-lr0.05-ep20-lbs10-blend0.8-infl50-rootdissolve-dn3-prune0.95,manifold,8,8,0.792366735637188,0.7894602417945862,0.7586785554885864,0.8318273425102234,0.6145837587029424,0.617727877357559,0.5656861009017509,0.6567186517132804,0.3734626716626126,0.3790756549503115,0.3039221375049805,0.4304050445749761,0.776875838637352,0.7791085243225098,0.7599673271179199,0.7893038988113403,631.1180254280567,645.500598692894,343.0432229995728,978.1217030525208
PE O-36:0 PE O-38:3,learnls-manifold-nu2-K300-stride4-learnls-bs1.0-bd0.01-bw0.1-knn15-faiss_atlas_weighted-5-randomwalk-ind1000-lr0.05-ep20-lbs10-blend0.8-infl50-ptls-rootdissolve-dn3-prune0.95,manifold,8,8,0.7930941060185432,0.792458713054657,0.7586063742637634,0.8304013609886169,0.6137964855292934,0.6177185884820777,0.5641289248769086,0.6568220741373486,0.3721643358897688,0.37881192265995745,0.3013425681521433,0.4306396548962937,0.7747802957892418,0.7745543718338013,0.7594742774963379,0.7898480892181396,1643.2581516563891,1692.9964258193968,1041.7542363643647,2649.8764119625093
PE O-36:0 PE O-38:3,learnls-manifold-nu2-K300-stride4-learnls-bs1.0-bd0.01-bw0.1-knn15-faiss_atlas_weighted-5-randomwalk-ind1000-lr0.05-ep20-lbs10-blend0.8-infl50-rootdissolve-dn3-prune0.97,manifold,8,8,0.7948769479990005,0.7925035357475281,0.7613691687583923,0.8327749967575073,0.6114618522337572,0.6136659145595744,0.5676655131189324,0.6515807815303644,0.369632492709902,0.3743516694368729,0.3071217508577315,0.4230249642322677,0.779566265642643,0.7811298668384552,0.7622175812721252,0.7959963083267212,712.886974543333,721.7871578216552,441.5941117286682,983.2467559814452
PE O-36:0 PE O-38:3,learnls-manifold-nu2-K300-stride4-learnls-bs1.0-bd0.01-bw0.1-knn15-faiss_atlas_weighted-5-randomwalk-ind1000-lr0.05-ep20-lbs10-blend0.8-infl50-ptls-rootdissolve-dn3-prune0.97,manifold,8,8,0.7954019084572792,0.7935909032821655,0.761355996131897,0.8327985405921936,0.6109250771767382,0.6137028713896975,0.5654937525893258,0.6515555021117132,0.36872655032231305,0.37416852319692584,0.3037178245597581,0.4229724674643155,0.7798363119363785,0.7813757359981537,0.7617127299308777,0.7968799471855164,1311.2570073604584,1213.1152584791184,832.5915608882904,2026.036247253418
PE O-36:0 PE O-38:3,learnls-manifold-nu2-K100-stride4-learnls-bs1.0-bd0.01-bw0.1-knn15-faiss_atlas_weighted-5-randomwalk-ind1000-lr0.05-ep20-lbs10-blend0.8-infl50-rootdissolve-dn3-prune0.9,manifold,8,8,0.8240103870630264,0.8162883520126343,0.79814612865448,0.8585438132286072,0.5725362559599236,0.5694958197797055,0.5446797968539487,0.6087636009449403,0.32340413808074053,0.32171053777468417,0.2851432673476729,0.3655616868541198,0.8157137110829353,0.8119683563709259,0.8063985109329224,0.8347131013870239,757.0613512337208,714.4169904232026,435.0860486507416,1200.507752084732
PE O-36:0 PE O-38:3,learnls-manifold-nu2-K100-stride4-learnls-bs1.0-bd0.01-bw0.1-knn15-faiss_atlas_weighted-5-randomwalk-ind1000-lr0.05-ep20-lbs10-blend0.8-infl50-ptls-rootdissolve-dn3-prune0.9,manifold,8,8,0.8241280913352966,0.8165787160396576,0.7982822060585022,0.8585963249206543,0.5724479640605942,0.569548636791986,0.5441925622401005,0.6091517892360824,0.32319045042052785,0.3216451995760143,0.2841667019951222,0.3662867923056482,0.816001683473587,0.8122261762619019,0.8065710067749023,0.8348066806793213,1371.7086737275124,1298.0997265815736,780.8531027317047,2154.0986153125764
PE O-36:0 PE O-38:3,learnls-manifold-nu2-K100-stride4-learnls-bs1.0-bd0.01-bw0.1-knn15-faiss_atlas_weighted-5-randomwalk-ind1000-lr0.05-ep20-lbs10-blend0.8-infl50-ptls-rootdissolve-dn3-prune0.95,manifold,8,8,0.8245536610484123,0.8162989318370819,0.7992722392082214,0.8625751733779907,0.5727213719982105,0.5667328329456065,0.5518400048877576,0.6086712521031683,0.32273505190175467,0.31756459569919465,0.2908946609664302,0.3639191683724012,0.8177257031202316,0.8188403248786926,0.7929146885871887,0.8375065326690674,1328.971303164959,1091.9575391769408,910.4566824913024,2260.8664878368377
PE O-36:0 PE O-38:3,learnls-manifold-nu2-K100-stride4-learnls-bs1.0-bd0.01-bw0.1-knn15-faiss_atlas_weighted-5-randomwalk-ind1000-lr0.05-ep20-lbs10-blend0.8-infl50-rootdissolve-dn3-prune0.95,manifold,8,8,0.8245103359222412,0.8155154883861542,0.7991921901702881,0.8624948859214783,0.5723478339185135,0.5666767244747029,0.5488776534378579,0.6083829269365595,0.3227745601032995,0.3172020146392617,0.2893865503819697,0.363283642302585,0.8152295276522636,0.8130196630954742,0.7941479682922363,0.8374285101890564,577.2767422556877,591.8588327884675,362.2236257553101,736.3296094894409
PE O-36:0 PE O-38:3,learnls-manifold-nu2-K100-stride4-learnls-bs1.0-bd0.01-bw0.1-knn15-faiss_atlas_weighted-5-randomwalk-ind1000-lr0.05-ep20-lbs10-blend0.8-infl50-rootdissolve-dn3-prune0.97,manifold,8,8,0.8288253769278526,0.8208312094211578,0.8045329451560974,0.8653050065040588,0.5652897764262282,0.5597193296070831,0.5403313582598263,0.6028459698753635,0.31567649385553664,0.3105454867921098,0.2825058303793613,0.3577192803786386,0.8213019594550133,0.8198619782924652,0.7975308895111084,0.8427203893661499,616.2290274679661,601.4996862888336,363.9737890720368,847.1888272762299
PE O-36:0 PE O-38:3,learnls-manifold-nu2-K100-stride4-learnls-bs1.0-bd0.01-bw0.1-knn15-faiss_atlas_weighted-5-randomwalk-ind1000-lr0.05-ep20-lbs10-blend0.8-infl50-ptls-rootdissolve-dn3-prune0.97,manifold,8,8,0.8295394629240036,0.8210817575454712,0.8045974373817444,0.8663369417190552,0.5645156236442106,0.5597552521917595,0.5402126662667126,0.6029132787867022,0.31443678827077653,0.3105339123754497,0.2819811534728897,0.3580353444093306,0.8234818354249,0.8208749890327454,0.8127420544624329,0.8432142734527588,1224.7463105618954,1200.3975676774978,184.6689065933228,2175.3325106143952
PE O-36:0 PE O-38:3,learnls-manifold-nu2-K100-stride4-learnls-bs1.0-bd0.01-bw0.1-knn15-faiss_atlas_weighted-5-randomwalk-ind1000-lr0.05-ep20-lbs10-blend0.8-infl50-rootdissolve-dn3,manifold,8,8,0.831849955022335,0.8250081539154053,0.806515634059906,0.8659511208534241,0.5604008906061242,0.5590798204198045,0.5278423429497946,0.600077852339762,0.31038271142775753,0.30979401828169645,0.268348474833074,0.3572182464976382,0.8228677064180374,0.8201476037502289,0.8119798898696899,0.8410736322402954,610.7284797847271,608.2905959129334,444.7335654258728,843.5649337291718
PE O-36:0 PE O-38:3,learnls-manifold-nu2-K100-stride4-learnls-bs1.0-bd0.01-bw0.1-knn15-faiss_atlas_weighted-5-randomwalk-ind1000-lr0.05-ep20-lbs10-blend0.8-infl50-ptls-rootdissolve-dn3,manifold,8,8,0.8322335258126259,0.8262892365455627,0.8064225912094116,0.8661006093025208,0.5607450930610705,0.5589853712611497,0.5273460360782816,0.6004576016622863,0.3096968446315213,0.30961300807559433,0.2641074022943207,0.357927445329984,0.8230327442288399,0.8201300799846649,0.8118351697921753,0.8406365513801575,1178.7393712580206,1048.5784509658815,397.0723135948181,1964.631768989563
PE O-36:0 PE O-38:3,spectral-nu2-K100-stride4-bw0.1-knn15-faiss_atlas_weighted-5-randomwalk-lr0.05-ep20-lbs10-rootdissolve-dn3,spectral,8,8,0.8325497880578041,0.8240069448947906,0.807560920715332,0.8695304989814758,0.5601547600860309,0.5577635639327329,0.5302296176885115,0.5992346030785293,0.3093209526732307,0.3053365426369905,0.2719145567684071,0.358042091179696,0.8239901885390282,0.8268227577209473,0.8152981400489807,0.8318735361099243,171.72702809572218,158.5864385843277,100.642751789093,279.7807814121246
